{"type": "FeatureCollection", "features": [{"type": "Feature", "geometry": {"type": "Polygon", "coordinates": [[[4.322369336965115, 51.20043381798422], [4.320858046571113, 51.196071210025714], [4.326179551742586, 51.19351056234422], [4.333012824245274, 51.19531240320443], [4.334525007725735, 51.199675080551614], [4.329203025634608, 51.20223584767298], [4.322369336965115, 51.20043381798422]]]}, "properties": {"h3": "881fa4cecbfffff", "traffic": 1.0, "transit": 15.0, "offices": 0, "residential": 1457.298647, "income": 41285.20772, "n_food": 0, "traffic_norm": 0.001113, "transit_norm": 0.080214, "residential_norm": 0.108604, "income_norm": 0.452391, "comp_cafe": 0, "comp_bakery": 0, "comp_confectionery": 0, "gap_cafe": 1409.683496, "gap_bakery": 1198.500309, "gap_confectionery": 5047.851387, "opp_cafe": null, "opp_bakery": null, "opp_confectionery": null, "vegan_coverage": 0.0}}, {"type": "Feature", "geometry": {"type": "Polygon", "coordinates": [[[4.382315798746845, 51.28356101720953], [4.380798158559415, 51.279202891477475], [4.386126145941956, 51.276643489864576], [4.392972249914358, 51.27844209380202], [4.394490785340329, 51.282800287666035], [4.389162321573306, 51.28535980948383], [4.382315798746845, 51.28356101720953]]]}, "properties": {"h3": "881fa4c457fffff", "traffic": 0.0, "transit": 14.0, "offices": 0, "residential": 0.024676, "income": 0.0, "n_food": 0, "traffic_norm": 0.0, "transit_norm": 0.074866, "residential_norm": 2e-06, "income_norm": 0.0, "comp_cafe": 0, "comp_bakery": 0, "comp_confectionery": 0, "gap_cafe": 2135.512447, "gap_bakery": 1734.965972, "gap_confectionery": 6629.075927, "opp_cafe": null, "opp_bakery": null, "opp_confectionery": null, "vegan_coverage": 0.0}}, {"type": "Feature", "geometry": {"type": "Polygon", "coordinates": [[[4.34506397176131, 51.26584432476824], [4.343549520038963, 51.26148529479104], [4.34887614854347, 51.25892695422758], [4.355717705984272, 51.26072752382365], [4.357233052504371, 51.265086622478364], [4.351905946803612, 51.267645082882645], [4.34506397176131, 51.26584432476824]]]}, "properties": {"h3": "881fa4c463fffff", "traffic": 0.0, "transit": 5.0, "offices": 0, "residential": 0.085584, "income": 0.0, "n_food": 0, "traffic_norm": 0.0, "transit_norm": 0.026738, "residential_norm": 6e-06, "income_norm": 0.0, "comp_cafe": 0, "comp_bakery": 0, "comp_confectionery": 0, "gap_cafe": 4493.25804, "gap_bakery": 4383.427305, "gap_confectionery": 5884.415311, "opp_cafe": null, "opp_bakery": null, "opp_confectionery": null, "vegan_coverage": 0.0}}, {"type": "Feature", "geometry": {"type": "Polygon", "coordinates": [[[4.313097818190647, 51.28118447038567], [4.311585418663274, 51.276826363490635], [4.316913284009535, 51.27427058714], [4.323754027223352, 51.27607279807846], [4.325267321977074, 51.28043097390678], [4.319938978308228, 51.282986869886564], [4.313097818190647, 51.28118447038567]]]}, "properties": {"h3": "881fa4c711fffff", "traffic": 0.0, "transit": 4.0, "offices": 0, "residential": 0.0, "income": 0.0, "n_food": 0, "traffic_norm": 0.0, "transit_norm": 0.02139, "residential_norm": 0.0, "income_norm": 0.0, "comp_cafe": 0, "comp_bakery": 0, "comp_confectionery": 0, "gap_cafe": 2960.660268, "gap_bakery": 4010.110608, "gap_confectionery": 8594.767367, "opp_cafe": null, "opp_bakery": null, "opp_confectionery": null, "vegan_coverage": 0.0}}, {"type": "Feature", "geometry": {"type": "Polygon", "coordinates": [[[4.332168355604539, 51.246605315584326], [4.330655300424272, 51.24224524575853], [4.335980426320909, 51.239686563508], [4.342819084707203, 51.24148783143487], [4.344333034185746, 51.24584797021803], [4.339007430997345, 51.24840677214011], [4.332168355604539, 51.246605315584326]]]}, "properties": {"h3": "881fa4c553fffff", "traffic": 0.0, "transit": 6.0, "offices": 0, "residential": 0.0, "income": 0.0, "n_food": 0, "traffic_norm": 0.0, "transit_norm": 0.032086, "residential_norm": 0.0, "income_norm": 0.0, "comp_cafe": 0, "comp_bakery": 0, "comp_confectionery": 0, "gap_cafe": 2979.202647, "gap_bakery": 3183.404973, "gap_confectionery": 5027.968901, "opp_cafe": null, "opp_bakery": null, "opp_confectionery": null, "vegan_coverage": 0.0}}, {"type": "Feature", "geometry": {"type": "Polygon", "coordinates": [[[4.378504772200607, 51.29047757057832], [4.376987262364743, 51.28611983767001], [4.382315798746845, 51.28356101720953], [4.389162321573306, 51.28535980948383], [4.390680726833859, 51.289717610519226], [4.385351713861146, 51.2922765511764], [4.378504772200607, 51.29047757057832]]]}, "properties": {"h3": "881fa4c451fffff", "traffic": 0.0, "transit": 6.0, "offices": 0, "residential": 0.047036, "income": 0.0, "n_food": 0, "traffic_norm": 0.0, "transit_norm": 0.032086, "residential_norm": 4e-06, "income_norm": 0.0, "comp_cafe": 0, "comp_bakery": 0, "comp_confectionery": 0, "gap_cafe": 2614.225231, "gap_bakery": 2135.047273, "gap_confectionery": 7440.414195, "opp_cafe": null, "opp_bakery": null, "opp_confectionery": null, "vegan_coverage": 0.0}}, {"type": "Feature", "geometry": {"type": "Polygon", "coordinates": [[[4.317114179673458, 51.16732899052112], [4.315604020290506, 51.162964562081555], [4.320922932109148, 51.16040241054598], [4.327752479931487, 51.16220456818385], [4.329263531532721, 51.16656906630086], [4.323944143110854, 51.169131337125634], [4.317114179673458, 51.16732899052112]]]}, "properties": {"h3": "881fa4cea9fffff", "traffic": 1.4, "transit": 11.0, "offices": 0, "residential": 26.230725, "income": 0.0, "n_food": 0, "traffic_norm": 0.001559, "transit_norm": 0.058824, "residential_norm": 0.001955, "income_norm": 0.0, "comp_cafe": 0, "comp_bakery": 1, "comp_confectionery": 0, "gap_cafe": 1768.88891, "gap_bakery": 898.547641, "gap_confectionery": 7166.114855, "opp_cafe": null, "opp_bakery": null, "opp_confectionery": null, "vegan_coverage": 0.0}}, {"type": "Feature", "geometry": {"type": "Polygon", "coordinates": [[[4.477423306520435, 51.2174166061298], [4.47590002942898, 51.213054607788806], [4.481222703536569, 51.210486471674066], [4.488069127495485, 51.21228021315981], [4.489593297996674, 51.21664227901146], [4.484270151147617, 51.21921053588985], [4.477423306520435, 51.2174166061298]]]}, "properties": {"h3": "881fa41a01fffff", "traffic": 9.4, "transit": 53.0, "offices": 0, "residential": 71.321499, "income": 23569.042699, "n_food": 0, "traffic_norm": 0.010465, "transit_norm": 0.283422, "residential_norm": 0.005315, "income_norm": 0.258263, "comp_cafe": 1, "comp_bakery": 1, "comp_confectionery": 0, "gap_cafe": 1018.899303, "gap_bakery": 1078.170847, "gap_confectionery": 3244.878387, "opp_cafe": null, "opp_bakery": null, "opp_confectionery": null, "vegan_coverage": 0.0}}, {"type": "Feature", "geometry": {"type": "Polygon", "coordinates": [[[4.333623366332413, 51.28659059318942], [4.332109307392103, 51.282232741312825], [4.337437580803479, 51.27967614434019], [4.344280390987727, 51.28147727945163], [4.345795345283279, 51.28583519999122], [4.340466594056991, 51.28839191677954], [4.333623366332413, 51.28659059318942]]]}, "properties": {"h3": "881fa4c44dfffff", "traffic": 0.0, "transit": 4.0, "offices": 0, "residential": 0.0, "income": 0.0, "n_food": 0, "traffic_norm": 0.0, "transit_norm": 0.02139, "residential_norm": 0.0, "income_norm": 0.0, "comp_cafe": 0, "comp_bakery": 0, "comp_confectionery": 0, "gap_cafe": 4505.416443, "gap_bakery": 5131.070319, "gap_confectionery": 8261.364476, "opp_cafe": null, "opp_bakery": null, "opp_confectionery": null, "vegan_coverage": 0.0}}, {"type": "Feature", "geometry": {"type": "Polygon", "coordinates": [[[4.470590993381983, 51.25128219899107], [4.469067466119219, 51.2469220955706], [4.474392810695532, 51.244356161532785], [4.481242155962822, 51.24615021011922], [4.482766577535449, 51.25051038089382], [4.477440759549329, 51.253076435751034], [4.470590993381983, 51.25128219899107]]]}, "properties": {"h3": "881fa4c4b1fffff", "traffic": 12.1, "transit": 28.0, "offices": 0, "residential": 804.553594, "income": 45413.85125, "n_food": 1, "traffic_norm": 0.013471, "transit_norm": 0.149733, "residential_norm": 0.059959, "income_norm": 0.497632, "comp_cafe": 1, "comp_bakery": 1, "comp_confectionery": 1, "gap_cafe": 485.66934, "gap_bakery": 497.386293, "gap_confectionery": 784.364275, "opp_cafe": null, "opp_bakery": null, "opp_confectionery": null, "vegan_coverage": 0.0}}, {"type": "Feature", "geometry": {"type": "Polygon", "coordinates": [[[4.267538721751919, 51.257285989243016], [4.266030270374087, 51.25292665865219], [4.271356288905574, 51.25037206036544], [4.278191238110532, 51.25217667351732], [4.27970058411161, 51.25653607372414], [4.274374086301757, 51.25909079118624], [4.267538721751919, 51.257285989243016]]]}, "properties": {"h3": "881fa4c721fffff", "traffic": 3.0, "transit": 9.0, "offices": 1, "residential": 691.822401, "income": 53342.261831, "n_food": 1, "traffic_norm": 0.00334, "transit_norm": 0.048128, "residential_norm": 0.051558, "income_norm": 0.584509, "comp_cafe": 2, "comp_bakery": 2, "comp_confectionery": 0, "gap_cafe": 582.624804, "gap_bakery": 290.149432, "gap_confectionery": 9565.122279, "opp_cafe": null, "opp_bakery": null, "opp_confectionery": null, "vegan_coverage": 0.0}}, {"type": "Feature", "geometry": {"type": "Polygon", "coordinates": [[[4.437873425264953, 51.246665909300724], [4.436352451745107, 51.24230561616277], [4.441677473189716, 51.239741205660316], [4.448523942452701, 51.2415369677818], [4.450045810189481, 51.24589732867726], [4.444720314464574, 51.248461859716905], [4.437873425264953, 51.246665909300724]]]}, "properties": {"h3": "881fa4c4a1fffff", "traffic": 24.9, "transit": 58.0, "offices": 1, "residential": 7265.649754, "income": 28581.725966, "n_food": 2, "traffic_norm": 0.027722, "transit_norm": 0.31016, "residential_norm": 0.541469, "income_norm": 0.31319, "comp_cafe": 1, "comp_bakery": 2, "comp_confectionery": 0, "gap_cafe": 51.844938, "gap_bakery": 92.715149, "gap_confectionery": 2329.319116, "opp_cafe": null, "opp_bakery": null, "opp_confectionery": null, "vegan_coverage": 0.0}}, {"type": "Feature", "geometry": {"type": "Polygon", "coordinates": [[[4.337606130609116, 51.17273495823568], [4.336094317329873, 51.168370782408545], [4.341413635566272, 51.165807811444964], [4.348245243197476, 51.16760889685669], [4.34975794882311, 51.17197314209122], [4.344438154488743, 51.17453623252968], [4.337606130609116, 51.17273495823568]]]}, "properties": {"h3": "881fa4ce87fffff", "traffic": 7.8, "transit": 48.0, "offices": 0, "residential": 2035.951368, "income": 32183.735893, "n_food": 0, "traffic_norm": 0.008684, "transit_norm": 0.256684, "residential_norm": 0.151728, "income_norm": 0.35266, "comp_cafe": 2, "comp_bakery": 1, "comp_confectionery": 0, "gap_cafe": 1092.087129, "gap_bakery": 792.899673, "gap_confectionery": 5666.505643, "opp_cafe": null, "opp_bakery": null, "opp_confectionery": null, "vegan_coverage": 0.0}}, {"type": "Feature", "geometry": {"type": "Polygon", "coordinates": [[[4.310214419701943, 51.201191224184775], [4.308704022422588, 51.19682868574769], [4.31402559721082, 51.194268738327864], [4.320858046571113, 51.196071210025714], [4.322369336965115, 51.20043381798422], [4.317047284901638, 51.20299388474653], [4.310214419701943, 51.201191224184775]]]}, "properties": {"h3": "881fa4cec9fffff", "traffic": 0.0, "transit": 9.0, "offices": 0, "residential": 167.239858, "income": 53428.161238, "n_food": 0, "traffic_norm": 0.0, "transit_norm": 0.048128, "residential_norm": 0.012463, "income_norm": 0.58545, "comp_cafe": 0, "comp_bakery": 0, "comp_confectionery": 0, "gap_cafe": 1761.679508, "gap_bakery": 1988.034579, "gap_confectionery": 5837.690534, "opp_cafe": null, "opp_bakery": null, "opp_confectionery": null, "vegan_coverage": 0.0}}, {"type": "Feature", "geometry": {"type": "Polygon", "coordinates": [[[4.410528278355639, 51.168144087575854], [4.409011111434223, 51.16377949729571], [4.414329998111503, 51.1612123241101], [4.421166525689629, 51.163009621170644], [4.422684584781285, 51.16737428006161], [4.417365224142594, 51.1699415733043], [4.410528278355639, 51.168144087575854]]]}, "properties": {"h3": "881fa41b05fffff", "traffic": 17.9, "transit": 43.0, "offices": 2, "residential": 1716.238015, "income": 59915.53537, "n_food": 0, "traffic_norm": 0.019929, "transit_norm": 0.229947, "residential_norm": 0.127902, "income_norm": 0.656537, "comp_cafe": 2, "comp_bakery": 2, "comp_confectionery": 0, "gap_cafe": 526.322013, "gap_bakery": 554.649746, "gap_confectionery": 2292.842215, "opp_cafe": null, "opp_bakery": null, "opp_confectionery": null, "vegan_coverage": 0.0}}, {"type": "Feature", "geometry": {"type": "Polygon", "coordinates": [[[4.436356627185289, 51.20664547567954], [4.434836665473844, 51.202282964153305], [4.440158543767315, 51.19971647146737], [4.447000857553994, 51.20151236993736], [4.448521712427707, 51.20587494951514], [4.443199360370672, 51.208441562594494], [4.436356627185289, 51.20664547567954]]]}, "properties": {"h3": "881fa41a65fffff", "traffic": 129.1, "transit": 111.0, "offices": 5, "residential": 4432.514106, "income": 36353.234602, "n_food": 1, "traffic_norm": 0.143732, "transit_norm": 0.593583, "residential_norm": 0.330331, "income_norm": 0.398348, "comp_cafe": 20, "comp_bakery": 18, "comp_confectionery": 1, "gap_cafe": 417.741445, "gap_bakery": 714.91501, "gap_confectionery": 998.919029, "opp_cafe": null, "opp_bakery": null, "opp_confectionery": null, "vegan_coverage": 0.0}}, {"type": "Feature", "geometry": {"type": "Polygon", "coordinates": [[[4.482766577535449, 51.25051038089382], [4.481242155962822, 51.24615021011922], [4.486567424214862, 51.24358357448423], [4.493417587108646, 51.24537698873091], [4.494942902959493, 51.249737226726715], [4.489617161656806, 51.2523039832778], [4.482766577535449, 51.25051038089382]]]}, "properties": {"h3": "881fa4c4b3fffff", "traffic": 13.5, "transit": 33.0, "offices": 0, "residential": 1950.71751, "income": 44884.147403, "n_food": 0, "traffic_norm": 0.01503, "transit_norm": 0.176471, "residential_norm": 0.145376, "income_norm": 0.491827, "comp_cafe": 1, "comp_bakery": 2, "comp_confectionery": 1, "gap_cafe": 925.427332, "gap_bakery": 496.212591, "gap_confectionery": 508.2721, "opp_cafe": null, "opp_bakery": null, "opp_confectionery": null, "vegan_coverage": 0.0}}, {"type": "Feature", "geometry": {"type": "Polygon", "coordinates": [[[4.320922932109148, 51.16040241054598], [4.319412641928281, 51.156037590334186], [4.324731007518682, 51.15347485805515], [4.331560139705443, 51.15527682671289], [4.333071321919846, 51.15964171660674], [4.327752479931487, 51.16220456818385], [4.320922932109148, 51.16040241054598]]]}, "properties": {"h3": "881fa4cea1fffff", "traffic": 1.0, "transit": 8.0, "offices": 0, "residential": 8.449052, "income": 0.0, "n_food": 0, "traffic_norm": 0.001113, "transit_norm": 0.042781, "residential_norm": 0.00063, "income_norm": 0.0, "comp_cafe": 0, "comp_bakery": 0, "comp_confectionery": 0, "gap_cafe": 1783.299774, "gap_bakery": 1512.727985, "gap_confectionery": 7442.568804, "opp_cafe": null, "opp_bakery": null, "opp_confectionery": null, "vegan_coverage": 0.0}}, {"type": "Feature", "geometry": {"type": "Polygon", "coordinates": [[[4.304965581011078, 51.168087584371534], [4.303456313874461, 51.163723225742096], [4.308775295026384, 51.1611617741815], [4.315604020290506, 51.162964562081555], [4.317114179673458, 51.16732899052112], [4.311794721563388, 51.16989056127359], [4.304965581011078, 51.168087584371534]]]}, "properties": {"h3": "881fa4cee7fffff", "traffic": 3.8, "transit": 16.0, "offices": 0, "residential": 1624.563019, "income": 45379.878457, "n_food": 1, "traffic_norm": 0.004231, "transit_norm": 0.085561, "residential_norm": 0.12107, "income_norm": 0.497259, "comp_cafe": 1, "comp_bakery": 1, "comp_confectionery": 0, "gap_cafe": 1203.402495, "gap_bakery": 148.060351, "gap_confectionery": 7823.882174, "opp_cafe": null, "opp_bakery": null, "opp_confectionery": null, "vegan_coverage": 0.0}}, {"type": "Feature", "geometry": {"type": "Polygon", "coordinates": [[[4.493391725073859, 51.209711375670594], [4.491867426175582, 51.205348917490724], [4.497189474547818, 51.20277949943057], [4.504036294014404, 51.204572418704956], [4.505561486104506, 51.20893494426727], [4.500238965554704, 51.21150448319592], [4.493391725073859, 51.209711375670594]]]}, "properties": {"h3": "881fa41a39fffff", "traffic": 9.4, "transit": 16.0, "offices": 0, "residential": 677.187119, "income": 42426.382151, "n_food": 0, "traffic_norm": 0.010465, "transit_norm": 0.085561, "residential_norm": 0.050467, "income_norm": 0.464896, "comp_cafe": 0, "comp_bakery": 0, "comp_confectionery": 0, "gap_cafe": 1717.342608, "gap_bakery": 1818.029754, "gap_confectionery": 4437.610148, "opp_cafe": null, "opp_bakery": null, "opp_confectionery": null, "vegan_coverage": 0.0}}, {"type": "Feature", "geometry": {"type": "Polygon", "coordinates": [[[4.418843005504994, 51.281274824060205], [4.417322679691674, 51.27691649433071], [4.422650447301804, 51.27435498853929], [4.429499016052926, 51.27615169200431], [4.431020237014573, 51.2805100894673], [4.425691994094927, 51.283071715754964], [4.418843005504994, 51.281274824060205]]]}, "properties": {"h3": "881fa4c4cdfffff", "traffic": 33.9, "transit": 39.0, "offices": 3, "residential": 2957.636079, "income": 39880.255476, "n_food": 5, "traffic_norm": 0.037742, "transit_norm": 0.208556, "residential_norm": 0.220416, "income_norm": 0.436996, "comp_cafe": 2, "comp_bakery": 8, "comp_confectionery": 0, "gap_cafe": 434.48602, "gap_bakery": 332.635162, "gap_confectionery": 5192.448202, "opp_cafe": 0.864865, "opp_bakery": 0.540541, "opp_confectionery": 0.702703, "vegan_coverage": 0.0}}, {"type": "Feature", "geometry": {"type": "Polygon", "coordinates": [[[4.484312293944023, 51.29051235683465], [4.482786855135089, 51.286154408483796], [4.488115270303819, 51.28358985434038], [4.494969597865888, 51.285383127509654], [4.496495932009581, 51.28974114278708], [4.491167043274961, 51.29230581799187], [4.484312293944023, 51.29051235683465]]]}, "properties": {"h3": "881fa4132dfffff", "traffic": 16.1, "transit": 12.0, "offices": 0, "residential": 1794.58898, "income": 39372.03949, "n_food": 4, "traffic_norm": 0.017925, "transit_norm": 0.064171, "residential_norm": 0.133741, "income_norm": 0.431427, "comp_cafe": 4, "comp_bakery": 2, "comp_confectionery": 0, "gap_cafe": 151.385592, "gap_bakery": 92.619036, "gap_confectionery": 3978.477527, "opp_cafe": 0.27027, "opp_bakery": 0.243243, "opp_confectionery": 0.459459, "vegan_coverage": 0.0}}, {"type": "Feature", "geometry": {"type": "Polygon", "coordinates": [[[4.424946810763397, 51.22742665030337], [4.42342723703398, 51.22306531569122], [4.428750760831027, 51.220500565189916], [4.435594332755431, 51.222297028955595], [4.437114800204859, 51.22665843160516], [4.431790802028008, 51.22922330247477], [4.424946810763397, 51.22742665030337]]]}, "properties": {"h3": "881fa4c591fffff", "traffic": 309.9, "transit": 161.0, "offices": 2, "residential": 13418.415887, "income": 24170.617541, "n_food": 23, "traffic_norm": 0.345023, "transit_norm": 0.860963, "residential_norm": 1.0, "income_norm": 0.264854, "comp_cafe": 53, "comp_bakery": 26, "comp_confectionery": 13, "gap_cafe": 26.732219, "gap_bakery": 50.697192, "gap_confectionery": 194.338869, "opp_cafe": 0.162162, "opp_bakery": 0.054054, "opp_confectionery": 0.027027, "vegan_coverage": 0.0}}, {"type": "Feature", "geometry": {"type": "Polygon", "coordinates": [[[4.431020237014573, 51.2805100894673], [4.429499016052926, 51.27615169200431], [4.43482670940506, 51.27358948468774], [4.441676098687834, 51.27538555426413], [4.443198214767266, 51.2797440193278], [4.437870046464352, 51.28230634723758], [4.431020237014573, 51.2805100894673]]]}, "properties": {"h3": "881fa4c4c1fffff", "traffic": 20.3, "transit": 37.0, "offices": 0, "residential": 1798.61593, "income": 47671.794178, "n_food": 0, "traffic_norm": 0.022601, "transit_norm": 0.197861, "residential_norm": 0.134041, "income_norm": 0.522373, "comp_cafe": 4, "comp_bakery": 4, "comp_confectionery": 0, "gap_cafe": 435.100269, "gap_bakery": 1046.13408, "gap_confectionery": 4464.981077, "opp_cafe": null, "opp_bakery": null, "opp_confectionery": null, "vegan_coverage": 0.0}}, {"type": "Feature", "geometry": {"type": "Polygon", "coordinates": [[[4.36866464837807, 51.24432928094345], [4.367148910389358, 51.23996900464375], [4.372473822948006, 51.237408219964365], [4.379314949734383, 51.23920759164448], [4.380831581934467, 51.24356793650331], [4.375506193154661, 51.24612884114607], [4.36866464837807, 51.24432928094345]]]}, "properties": {"h3": "881fa4c5c9fffff", "traffic": 0.0, "transit": 10.0, "offices": 0, "residential": 0.0, "income": 0.0, "n_food": 0, "traffic_norm": 0.0, "transit_norm": 0.053476, "residential_norm": 0.0, "income_norm": 0.0, "comp_cafe": 0, "comp_bakery": 0, "comp_confectionery": 0, "gap_cafe": 2287.001676, "gap_bakery": 1482.826054, "gap_confectionery": 2982.334895, "opp_cafe": null, "opp_bakery": null, "opp_confectionery": null, "vegan_coverage": 0.0}}, {"type": "Feature", "geometry": {"type": "Polygon", "coordinates": [[[4.293532375084236, 51.18885917876462], [4.292023501398212, 51.1844959957563], [4.297344121186926, 51.1819362867556], [4.304174092253566, 51.18373964162104], [4.305683858740251, 51.18810289442552], [4.300362761377009, 51.19066272259146], [4.293532375084236, 51.18885917876462]]]}, "properties": {"h3": "881fa4ce13fffff", "traffic": 2.0, "transit": 5.0, "offices": 0, "residential": 78.160268, "income": 48745.765874, "n_food": 0, "traffic_norm": 0.002227, "transit_norm": 0.026738, "residential_norm": 0.005825, "income_norm": 0.534142, "comp_cafe": 2, "comp_bakery": 0, "comp_confectionery": 0, "gap_cafe": 647.680105, "gap_bakery": 2298.205827, "gap_confectionery": 7380.96381, "opp_cafe": null, "opp_bakery": null, "opp_confectionery": null, "vegan_coverage": 0.0}}, {"type": "Feature", "geometry": {"type": "Polygon", "coordinates": [[[4.421896090105278, 51.25435611595639], [4.420376140392896, 51.249996283281064], [4.425701785266827, 51.247433154977124], [4.432547854715608, 51.24922973893964], [4.434068698861727, 51.25358963950054], [4.428742579143498, 51.25615288823653], [4.421896090105278, 51.25435611595639]]]}, "properties": {"h3": "881fa4c4e7fffff", "traffic": 17.6, "transit": 61.0, "offices": 0, "residential": 3648.559254, "income": 34669.196761, "n_food": 0, "traffic_norm": 0.019595, "transit_norm": 0.326203, "residential_norm": 0.271907, "income_norm": 0.379895, "comp_cafe": 2, "comp_bakery": 2, "comp_confectionery": 0, "gap_cafe": 691.556256, "gap_bakery": 572.468344, "gap_confectionery": 2836.290518, "opp_cafe": null, "opp_bakery": null, "opp_confectionery": null, "vegan_coverage": 0.0}}, {"type": "Feature", "geometry": {"type": "Polygon", "coordinates": [[[4.454612685515293, 51.25897697624205], [4.453090181678625, 51.254617332947554], [4.458416151530959, 51.25205268128206], [4.465265099212674, 51.25384755221974], [4.46678849757692, 51.25820726299643], [4.461462053750214, 51.26077203537643], [4.454612685515293, 51.25897697624205]]]}, "properties": {"h3": "881fa4c487fffff", "traffic": 27.7, "transit": 54.0, "offices": 0, "residential": 2612.426787, "income": 34723.146268, "n_food": 1, "traffic_norm": 0.030839, "transit_norm": 0.28877, "residential_norm": 0.19469, "income_norm": 0.380486, "comp_cafe": 0, "comp_bakery": 2, "comp_confectionery": 0, "gap_cafe": 1750.477149, "gap_bakery": 406.536092, "gap_confectionery": 1849.111788, "opp_cafe": null, "opp_bakery": null, "opp_confectionery": null, "vegan_coverage": 0.0}}, {"type": "Feature", "geometry": {"type": "Polygon", "coordinates": [[[4.422650447301804, 51.27435498853929], [4.421129991779543, 51.2699962660236], [4.426457210028189, 51.26743417921141], [4.433305358920775, 51.26923069443371], [4.43482670940506, 51.27358948468774], [4.429499016052926, 51.27615169200431], [4.422650447301804, 51.27435498853929]]]}, "properties": {"h3": "881fa4c4c5fffff", "traffic": 24.4, "transit": 34.0, "offices": 0, "residential": 0.0, "income": 0.0, "n_food": 0, "traffic_norm": 0.027165, "transit_norm": 0.181818, "residential_norm": 0.0, "income_norm": 0.0, "comp_cafe": 1, "comp_bakery": 5, "comp_confectionery": 0, "gap_cafe": 988.043679, "gap_bakery": 915.379839, "gap_confectionery": 4564.195338, "opp_cafe": null, "opp_bakery": null, "opp_confectionery": null, "vegan_coverage": 0.0}}, {"type": "Feature", "geometry": {"type": "Polygon", "coordinates": [[[4.314746873794528, 51.214277410116374], [4.313235845346049, 51.209915586409394], [4.318558444364816, 51.20735610060563], [4.325392549180584, 51.20915831910953], [4.326904471085807, 51.213520212195824], [4.321581394736024, 51.216079817422006], [4.314746873794528, 51.214277410116374]]]}, "properties": {"h3": "881fa4c53dfffff", "traffic": 11.4, "transit": 19.0, "offices": 0, "residential": 891.246807, "income": 46609.917493, "n_food": 0, "traffic_norm": 0.012692, "transit_norm": 0.101604, "residential_norm": 0.06642, "income_norm": 0.510738, "comp_cafe": 2, "comp_bakery": 1, "comp_confectionery": 0, "gap_cafe": 910.340918, "gap_bakery": 776.313567, "gap_confectionery": 5333.911887, "opp_cafe": null, "opp_bakery": null, "opp_confectionery": null, "vegan_coverage": 0.0}}, {"type": "Feature", "geometry": {"type": "Polygon", "coordinates": [[[4.31402559721082, 51.194268738327864], [4.312515068899505, 51.18990580784892], [4.317836097001334, 51.18734527951866], [4.324668130501586, 51.18914756233918], [4.326179551742586, 51.19351056234422], [4.320858046571113, 51.196071210025714], [4.31402559721082, 51.194268738327864]]]}, "properties": {"h3": "881fa4cec1fffff", "traffic": 0.0, "transit": 16.0, "offices": 1, "residential": 88.786689, "income": 43301.284654, "n_food": 0, "traffic_norm": 0.0, "transit_norm": 0.085561, "residential_norm": 0.006617, "income_norm": 0.474483, "comp_cafe": 0, "comp_bakery": 0, "comp_confectionery": 0, "gap_cafe": 1643.274877, "gap_bakery": 2041.478203, "gap_confectionery": 5831.273665, "opp_cafe": null, "opp_bakery": null, "opp_confectionery": null, "vegan_coverage": 0.0}}, {"type": "Feature", "geometry": {"type": "Polygon", "coordinates": [[[4.45992252592545, 51.18508271120137], [4.458401284379348, 51.18071895517095], [4.463721442508381, 51.17815001970193], [4.470563314992119, 51.179944719771065], [4.472085449111979, 51.184308543734154], [4.46676481819264, 51.18687759971857], [4.45992252592545, 51.18508271120137]]]}, "properties": {"h3": "881fa41b1bfffff", "traffic": 2.7, "transit": 23.0, "offices": 0, "residential": 150.125318, "income": 33500.411267, "n_food": 0, "traffic_norm": 0.003006, "transit_norm": 0.122995, "residential_norm": 0.011188, "income_norm": 0.367088, "comp_cafe": 1, "comp_bakery": 0, "comp_confectionery": 0, "gap_cafe": 924.297891, "gap_bakery": 1549.364704, "gap_confectionery": 2049.05644, "opp_cafe": null, "opp_bakery": null, "opp_confectionery": null, "vegan_coverage": 0.0}}, {"type": "Feature", "geometry": {"type": "Polygon", "coordinates": [[[4.320728070512788, 51.267355729946026], [4.319215408472005, 51.262996837722035], [4.324542177848002, 51.26043989889463], [4.331382087192385, 51.26224173266833], [4.332895644088207, 51.26660069383528], [4.327568396802173, 51.26915775230874], [4.320728070512788, 51.267355729946026]]]}, "properties": {"h3": "881fa4c46dfffff", "traffic": 0.0, "transit": 7.0, "offices": 0, "residential": 0.0, "income": 0.0, "n_food": 0, "traffic_norm": 0.0, "transit_norm": 0.037433, "residential_norm": 0.0, "income_norm": 0.0, "comp_cafe": 0, "comp_bakery": 0, "comp_confectionery": 0, "gap_cafe": 2932.225672, "gap_bakery": 3596.987999, "gap_confectionery": 7103.994324, "opp_cafe": null, "opp_bakery": null, "opp_confectionery": null, "vegan_coverage": 0.0}}, {"type": "Feature", "geometry": {"type": "Polygon", "coordinates": [[[4.453085547572888, 51.21896125501553], [4.451564057395063, 51.21459939209451], [4.456886883063153, 51.21203265853331], [4.463731672385557, 51.213827667345946], [4.465254056035787, 51.218189598043374], [4.459930756909455, 51.22075645217488], [4.453085547572888, 51.21896125501553]]]}, "properties": {"h3": "881fa41a6bfffff", "traffic": 39.2, "transit": 59.0, "offices": 0, "residential": 2841.55231, "income": 33852.205408, "n_food": 2, "traffic_norm": 0.043643, "transit_norm": 0.315508, "residential_norm": 0.211765, "income_norm": 0.370942, "comp_cafe": 10, "comp_bakery": 7, "comp_confectionery": 0, "gap_cafe": 296.792366, "gap_bakery": 593.238617, "gap_confectionery": 1561.099318, "opp_cafe": null, "opp_bakery": null, "opp_confectionery": null, "vegan_coverage": 0.0}}, {"type": "Feature", "geometry": {"type": "Polygon", "coordinates": [[[4.462955820230007, 51.15812201963777], [4.461434956150875, 51.15375676383069], [4.466752997179541, 51.15118620744179], [4.473592374633981, 51.15298078643045], [4.475114130575198, 51.15734611032151], [4.469795617218205, 51.15991678716304], [4.462955820230007, 51.15812201963777]]]}, "properties": {"h3": "881fa41865fffff", "traffic": 20.8, "transit": 43.0, "offices": 3, "residential": 1776.093479, "income": 54890.917861, "n_food": 2, "traffic_norm": 0.023157, "transit_norm": 0.229947, "residential_norm": 0.132362, "income_norm": 0.601478, "comp_cafe": 1, "comp_bakery": 4, "comp_confectionery": 0, "gap_cafe": 641.540656, "gap_bakery": 307.924327, "gap_confectionery": 1927.797041, "opp_cafe": null, "opp_bakery": null, "opp_confectionery": null, "vegan_coverage": 0.0}}, {"type": "Feature", "geometry": {"type": "Polygon", "coordinates": [[[4.300211225767756, 51.26194751306628], [4.29870022201998, 51.257588366549754], [4.304026582665958, 51.25503224794946], [4.310864425493959, 51.25683515642927], [4.31237632396758, 51.26119437215899], [4.307049484904797, 51.26375061021885], [4.300211225767756, 51.26194751306628]]]}, "properties": {"h3": "881fa4c731fffff", "traffic": 0.0, "transit": 6.0, "offices": 0, "residential": 0.0, "income": 0.0, "n_food": 0, "traffic_norm": 0.0, "transit_norm": 0.032086, "residential_norm": 0.0, "income_norm": 0.0, "comp_cafe": 0, "comp_bakery": 0, "comp_confectionery": 0, "gap_cafe": 1383.540119, "gap_bakery": 2047.924149, "gap_confectionery": 7824.346626, "opp_cafe": null, "opp_bakery": null, "opp_confectionery": null, "vegan_coverage": 0.0}}, {"type": "Feature", "geometry": {"type": "Polygon", "coordinates": [[[4.43484163565367, 51.166603139727265], [4.433322684422052, 51.16223841235835], [4.438641423264982, 51.15966983790614], [4.445479586605347, 51.16146587059519], [4.446999429946393, 51.16583066630923], [4.441680217855769, 51.16839936101217], [4.43484163565367, 51.166603139727265]]]}, "properties": {"h3": "881fa41b39fffff", "traffic": 51.5, "transit": 51.0, "offices": 0, "residential": 1861.989971, "income": 46382.888465, "n_food": 0, "traffic_norm": 0.057337, "transit_norm": 0.272727, "residential_norm": 0.138764, "income_norm": 0.50825, "comp_cafe": 3, "comp_bakery": 6, "comp_confectionery": 0, "gap_cafe": 636.830735, "gap_bakery": 956.350071, "gap_confectionery": 2013.471062, "opp_cafe": null, "opp_bakery": null, "opp_confectionery": null, "vegan_coverage": 0.0}}, {"type": "Feature", "geometry": {"type": "Polygon", "coordinates": [[[4.442437617256601, 51.25974535387782], [4.440916007978554, 51.25538577819843], [4.446242053013848, 51.25282182803052], [4.453090181678625, 51.254617332947554], [4.454612685515293, 51.25897697624205], [4.449286166146834, 51.26154104702759], [4.442437617256601, 51.25974535387782]]]}, "properties": {"h3": "881fa4c485fffff", "traffic": 20.9, "transit": 61.0, "offices": 2, "residential": 4820.001511, "income": 35287.168283, "n_food": 1, "traffic_norm": 0.023269, "transit_norm": 0.326203, "residential_norm": 0.359208, "income_norm": 0.386666, "comp_cafe": 0, "comp_bakery": 2, "comp_confectionery": 0, "gap_cafe": 1494.772275, "gap_bakery": 364.184017, "gap_confectionery": 2693.950065, "opp_cafe": null, "opp_bakery": null, "opp_confectionery": null, "vegan_coverage": 0.0}}, {"type": "Feature", "geometry": {"type": "Polygon", "coordinates": [[[4.3610442633039, 51.258168482291936], [4.359528786210351, 51.25380899103656], [4.364854795212593, 51.251249368416495], [4.371696757959252, 51.253049117128405], [4.373213129635763, 51.25740867693333], [4.367886644000492, 51.25996841949995], [4.3610442633039, 51.258168482291936]]]}, "properties": {"h3": "881fa4c42bfffff", "traffic": 0.0, "transit": 3.0, "offices": 0, "residential": 0.138771, "income": 0.0, "n_food": 0, "traffic_norm": 0.0, "transit_norm": 0.016043, "residential_norm": 1e-05, "income_norm": 0.0, "comp_cafe": 0, "comp_bakery": 0, "comp_confectionery": 0, "gap_cafe": 3624.165004, "gap_bakery": 3092.778882, "gap_confectionery": 4570.808823, "opp_cafe": null, "opp_bakery": null, "opp_confectionery": null, "vegan_coverage": 0.0}}, {"type": "Feature", "geometry": {"type": "Polygon", "coordinates": [[[4.443198214767266, 51.2797440193278], [4.441676098687834, 51.27538555426413], [4.447003717281571, 51.27282264535647], [4.453853926564873, 51.27461808084556], [4.455376937731246, 51.27897661337701], [4.450048844545635, 51.281539642974785], [4.443198214767266, 51.2797440193278]]]}, "properties": {"h3": "881fa4c4c3fffff", "traffic": 6.1, "transit": 28.0, "offices": 0, "residential": 2342.852859, "income": 46392.668909, "n_food": 0, "traffic_norm": 0.006791, "transit_norm": 0.149733, "residential_norm": 0.1746, "income_norm": 0.508357, "comp_cafe": 2, "comp_bakery": 1, "comp_confectionery": 0, "gap_cafe": 672.147921, "gap_bakery": 514.91971, "gap_confectionery": 3789.386189, "opp_cafe": null, "opp_bakery": null, "opp_confectionery": null, "vegan_coverage": 0.0}}, {"type": "Feature", "geometry": {"type": "Polygon", "coordinates": [[[4.370996530747323, 51.19739087820264], [4.369481668179144, 51.19302799348567], [4.374802889904586, 51.190464544091924], [4.38163944971144, 51.1922638596095], [4.383155205250759, 51.19662681318422], [4.377833508029921, 51.1991903824067], [4.370996530747323, 51.19739087820264]]]}, "properties": {"h3": "881fa4c5a5fffff", "traffic": 34.0, "transit": 42.0, "offices": 0, "residential": 2474.355142, "income": 25920.328481, "n_food": 0, "traffic_norm": 0.037853, "transit_norm": 0.224599, "residential_norm": 0.1844, "income_norm": 0.284027, "comp_cafe": 0, "comp_bakery": 5, "comp_confectionery": 0, "gap_cafe": 1222.216548, "gap_bakery": 546.053794, "gap_confectionery": 2224.568878, "opp_cafe": null, "opp_bakery": null, "opp_confectionery": null, "vegan_coverage": 0.0}}, {"type": "Feature", "geometry": {"type": "Polygon", "coordinates": [[[4.371734956782993, 51.21740228617405], [4.370219591508548, 51.21304050912629], [4.375542384124556, 51.21047810155259], [4.38238101778808, 51.212277351149645], [4.383897276560657, 51.21663919690829], [4.378574008189383, 51.2192017243821], [4.371734956782993, 51.21740228617405]]]}, "properties": {"h3": "881fa4c5e3fffff", "traffic": 44.5, "transit": 45.0, "offices": 0, "residential": 819.532815, "income": 40351.931296, "n_food": 0, "traffic_norm": 0.049544, "transit_norm": 0.240642, "residential_norm": 0.061075, "income_norm": 0.442164, "comp_cafe": 11, "comp_bakery": 3, "comp_confectionery": 0, "gap_cafe": 700.94577, "gap_bakery": 659.342527, "gap_confectionery": 1404.930142, "opp_cafe": null, "opp_bakery": null, "opp_confectionery": null, "vegan_coverage": 0.0}}, {"type": "Feature", "geometry": {"type": "Polygon", "coordinates": [[[4.298060256960088, 51.201947299419565], [4.296550752823394, 51.19758483063657], [4.301872396730611, 51.19502558341162], [4.308704022422588, 51.19682868574769], [4.310214419701943, 51.201191224184775], [4.304892298164061, 51.2037505906548], [4.298060256960088, 51.201947299419565]]]}, "properties": {"h3": "881fa4c527fffff", "traffic": 0.0, "transit": 5.0, "offices": 0, "residential": 193.734571, "income": 54408.037273, "n_food": 0, "traffic_norm": 0.0, "transit_norm": 0.026738, "residential_norm": 0.014438, "income_norm": 0.596187, "comp_cafe": 0, "comp_bakery": 0, "comp_confectionery": 0, "gap_cafe": 1834.354803, "gap_bakery": 2560.597561, "gap_confectionery": 6642.60531, "opp_cafe": null, "opp_bakery": null, "opp_confectionery": null, "vegan_coverage": 0.0}}, {"type": "Feature", "geometry": {"type": "Polygon", "coordinates": [[[4.421142182571765, 51.23435176219937], [4.419622738336997, 51.22999081999725], [4.424946810763397, 51.22742665030337], [4.431790802028008, 51.22922330247477], [4.433311140168745, 51.23358431270958], [4.427986593157013, 51.23614860276343], [4.421142182571765, 51.23435176219937]]]}, "properties": {"h3": "881fa4c599fffff", "traffic": 153.9, "transit": 78.0, "offices": 2, "residential": 4880.467008, "income": 27459.195312, "n_food": 1, "traffic_norm": 0.171343, "transit_norm": 0.417112, "residential_norm": 0.363714, "income_norm": 0.30089, "comp_cafe": 32, "comp_bakery": 18, "comp_confectionery": 6, "gap_cafe": 183.128876, "gap_bakery": 483.167663, "gap_confectionery": 612.759834, "opp_cafe": null, "opp_bakery": null, "opp_confectionery": null, "vegan_coverage": 0.0}}, {"type": "Feature", "geometry": {"type": "Polygon", "coordinates": [[[4.297111960491495, 51.28884877333076], [4.295600587787153, 51.284491128239466], [4.300929070471842, 51.281936634043916], [4.307769404764059, 51.283739665439704], [4.309281672908528, 51.28809737959214], [4.303952711338147, 51.29065199331083], [4.297111960491495, 51.28884877333076]]]}, "properties": {"h3": "881fa4c757fffff", "traffic": 0.0, "transit": 2.0, "offices": 0, "residential": 2.192955, "income": 59463.0, "n_food": 0, "traffic_norm": 0.0, "transit_norm": 0.010695, "residential_norm": 0.000163, "income_norm": 0.651578, "comp_cafe": 0, "comp_bakery": 0, "comp_confectionery": 0, "gap_cafe": 2700.839693, "gap_bakery": 4038.312072, "gap_confectionery": 9968.677215, "opp_cafe": null, "opp_bakery": null, "opp_confectionery": null, "vegan_coverage": 0.0}}, {"type": "Feature", "geometry": {"type": "Polygon", "coordinates": [[[4.352687646391365, 51.25200860997207], [4.351172933234566, 51.247648794855465], [4.356498465452643, 51.245089292093084], [4.363339187629463, 51.24688948461277], [4.364854795212593, 51.251249368416495], [4.359528786210351, 51.25380899103656], [4.352687646391365, 51.25200860997207]]]}, "properties": {"h3": "881fa4c421fffff", "traffic": 0.0, "transit": 6.0, "offices": 0, "residential": 0.041755, "income": 0.0, "n_food": 0, "traffic_norm": 0.0, "transit_norm": 0.032086, "residential_norm": 3e-06, "income_norm": 0.0, "comp_cafe": 0, "comp_bakery": 0, "comp_confectionery": 0, "gap_cafe": 3674.329616, "gap_bakery": 2835.934646, "gap_confectionery": 4338.660606, "opp_cafe": null, "opp_bakery": null, "opp_confectionery": null, "vegan_coverage": 0.0}}, {"type": "Feature", "geometry": {"type": "Polygon", "coordinates": [[[4.294962929540062, 51.2288714362479], [4.293453057227748, 51.22451046650566], [4.298776819393737, 51.22195284312061], [4.3056109319878, 51.22375607019335], [4.307121698155129, 51.22811710943809], [4.301797457890787, 51.23067485213075], [4.294962929540062, 51.2288714362479]]]}, "properties": {"h3": "881fa4c50dfffff", "traffic": 0.7, "transit": 16.0, "offices": 0, "residential": 46.732001, "income": 46241.00065, "n_food": 0, "traffic_norm": 0.000779, "transit_norm": 0.085561, "residential_norm": 0.003483, "income_norm": 0.506695, "comp_cafe": 0, "comp_bakery": 0, "comp_confectionery": 0, "gap_cafe": 2198.815237, "gap_bakery": 1321.344185, "gap_confectionery": 6868.927251, "opp_cafe": null, "opp_bakery": null, "opp_confectionery": null, "vegan_coverage": 0.0}}, {"type": "Feature", "geometry": {"type": "Polygon", "coordinates": [[[4.317836097001334, 51.18734527951866], [4.316325437741855, 51.18298195705072], [4.32164591922044, 51.18042084784944], [4.328477536840154, 51.18222294177914], [4.329989088844315, 51.186586333777846], [4.324668130501586, 51.18914756233918], [4.317836097001334, 51.18734527951866]]]}, "properties": {"h3": "881fa4cec7fffff", "traffic": 2.0, "transit": 23.0, "offices": 0, "residential": 66.879229, "income": 46391.453463, "n_food": 0, "traffic_norm": 0.002227, "transit_norm": 0.122995, "residential_norm": 0.004984, "income_norm": 0.508344, "comp_cafe": 1, "comp_bakery": 0, "comp_confectionery": 0, "gap_cafe": 882.939729, "gap_bakery": 2196.214242, "gap_confectionery": 5937.620749, "opp_cafe": null, "opp_bakery": null, "opp_confectionery": null, "vegan_coverage": 0.0}}, {"type": "Feature", "geometry": {"type": "Polygon", "coordinates": [[[4.427995170206527, 51.20048643278575], [4.426475972342006, 51.19612359724944], [4.431797376719617, 51.19355722486854], [4.438638452895761, 51.195353567742025], [4.440158543767315, 51.19971647146737], [4.434836665473844, 51.202282964153305], [4.427995170206527, 51.20048643278575]]]}, "properties": {"h3": "881fa41b59fffff", "traffic": 145.2, "transit": 105.0, "offices": 45, "residential": 3367.222904, "income": 36066.36349, "n_food": 9, "traffic_norm": 0.161657, "transit_norm": 0.561497, "residential_norm": 0.25094, "income_norm": 0.395205, "comp_cafe": 18, "comp_bakery": 18, "comp_confectionery": 2, "gap_cafe": 229.862371, "gap_bakery": 199.286633, "gap_confectionery": 306.224371, "opp_cafe": 0.675676, "opp_bakery": 0.162162, "opp_confectionery": 0.432432, "vegan_coverage": 0.0}}, {"type": "Feature", "geometry": {"type": "Polygon", "coordinates": [[[4.390765315950517, 51.1827716332644], [4.389249300653026, 51.17840789560271], [4.394569355258914, 51.175842584204126], [4.4014058999085, 51.17764089054737], [4.402922807776879, 51.182004696943366], [4.397602278442721, 51.184570128284925], [4.390765315950517, 51.1827716332644]]]}, "properties": {"h3": "881fa41b45fffff", "traffic": 44.7, "transit": 89.0, "offices": 10, "residential": 2610.319305, "income": 47262.190319, "n_food": 0, "traffic_norm": 0.049766, "transit_norm": 0.475936, "residential_norm": 0.194533, "income_norm": 0.517885, "comp_cafe": 3, "comp_bakery": 4, "comp_confectionery": 0, "gap_cafe": 804.133455, "gap_bakery": 904.854807, "gap_confectionery": 2542.145558, "opp_cafe": null, "opp_bakery": null, "opp_confectionery": null, "vegan_coverage": 0.0}}, {"type": "Feature", "geometry": {"type": "Polygon", "coordinates": [[[4.429506801905339, 51.24050922053089], [4.427986593157013, 51.23614860276343], [4.433311140168745, 51.23358431270958], [4.440156370379893, 51.23538051999777], [4.441677473189716, 51.239741205660316], [4.436352451745107, 51.24230561616277], [4.429506801905339, 51.24050922053089]]]}, "properties": {"h3": "881fa4c4a5fffff", "traffic": 37.2, "transit": 56.0, "offices": 3, "residential": 3111.379483, "income": 29565.205891, "n_food": 0, "traffic_norm": 0.041416, "transit_norm": 0.299465, "residential_norm": 0.231874, "income_norm": 0.323967, "comp_cafe": 2, "comp_bakery": 2, "comp_confectionery": 0, "gap_cafe": 919.810911, "gap_bakery": 825.357069, "gap_confectionery": 1446.618832, "opp_cafe": null, "opp_bakery": null, "opp_confectionery": null, "vegan_coverage": 0.0}}, {"type": "Feature", "geometry": {"type": "Polygon", "coordinates": [[[4.430263293832142, 51.26051239616798], [4.428742579143498, 51.25615288823653], [4.434068698861727, 51.25358963950054], [4.440916007978554, 51.25538577819843], [4.442437617256601, 51.25974535387782], [4.437111022846635, 51.26230872313458], [4.430263293832142, 51.26051239616798]]]}, "properties": {"h3": "881fa4c4e3fffff", "traffic": 7.5, "transit": 55.0, "offices": 0, "residential": 5486.801074, "income": 36443.488389, "n_food": 0, "traffic_norm": 0.00835, "transit_norm": 0.294118, "residential_norm": 0.408901, "income_norm": 0.399337, "comp_cafe": 1, "comp_bakery": 2, "comp_confectionery": 0, "gap_cafe": 945.160895, "gap_bakery": 564.08882, "gap_confectionery": 3541.925594, "opp_cafe": null, "opp_bakery": null, "opp_confectionery": null, "vegan_coverage": 0.0}}, {"type": "Feature", "geometry": {"type": "Polygon", "coordinates": [[[4.386126145941956, 51.276643489864576], [4.384608375486963, 51.27228497136082], [4.389935813933965, 51.26972498863454], [4.396781499032249, 51.27152340422203], [4.39830016453964, 51.275881990862565], [4.392972249914358, 51.27844209380202], [4.386126145941956, 51.276643489864576]]]}, "properties": {"h3": "881fa4c41dfffff", "traffic": 1.0, "transit": 23.0, "offices": 3, "residential": 0.0, "income": 0.0, "n_food": 0, "traffic_norm": 0.001113, "transit_norm": 0.122995, "residential_norm": 0.0, "income_norm": 0.0, "comp_cafe": 0, "comp_bakery": 0, "comp_confectionery": 0, "gap_cafe": 1900.068729, "gap_bakery": 1475.976327, "gap_confectionery": 5818.248547, "opp_cafe": null, "opp_bakery": null, "opp_confectionery": null, "vegan_coverage": 0.0}}, {"type": "Feature", "geometry": {"type": "Polygon", "coordinates": [[[4.462218939009996, 51.24512741284257], [4.460696177087207, 51.2407669843225], [4.466021048100403, 51.2382011710155], [4.472869154617928, 51.23999566552093], [4.474392810695532, 51.244356161532785], [4.469067466119219, 51.2469220955706], [4.462218939009996, 51.24512741284257]]]}, "properties": {"h3": "881fa4c4b5fffff", "traffic": 11.6, "transit": 21.0, "offices": 0, "residential": 2174.86848, "income": 37042.418408, "n_food": 0, "traffic_norm": 0.012915, "transit_norm": 0.112299, "residential_norm": 0.162081, "income_norm": 0.4059, "comp_cafe": 1, "comp_bakery": 1, "comp_confectionery": 0, "gap_cafe": 627.905422, "gap_bakery": 1232.277683, "gap_confectionery": 1659.132356, "opp_cafe": null, "opp_bakery": null, "opp_confectionery": null, "vegan_coverage": 0.0}}, {"type": "Feature", "geometry": {"type": "Polygon", "coordinates": [[[4.491142348982128, 51.256663828620276], [4.489617161656806, 51.2523039832778], [4.494942902959493, 51.249737226726715], [4.501794304502925, 51.25153019453661], [4.503320386261192, 51.25589010696262], [4.497994172061612, 51.258456984518375], [4.491142348982128, 51.256663828620276]]]}, "properties": {"h3": "881fa4116dfffff", "traffic": 11.5, "transit": 29.0, "offices": 1, "residential": 3779.195087, "income": 38655.989185, "n_food": 1, "traffic_norm": 0.012803, "transit_norm": 0.15508, "residential_norm": 0.281642, "income_norm": 0.423581, "comp_cafe": 1, "comp_bakery": 1, "comp_confectionery": 1, "gap_cafe": 649.237236, "gap_bakery": 339.645704, "gap_confectionery": 779.214657, "opp_cafe": null, "opp_bakery": null, "opp_confectionery": null, "vegan_coverage": 0.0}}, {"type": "Feature", "geometry": {"type": "Polygon", "coordinates": [[[4.414282663621379, 51.26819911714732], [4.412762973280102, 51.263840069773586], [4.418089716272781, 51.26127810337699], [4.424936624880805, 51.26307506396172], [4.426457210028189, 51.26743417921141], [4.421129991779543, 51.2699962660236], [4.414282663621379, 51.26819911714732]]]}, "properties": {"h3": "881fa4c4e9fffff", "traffic": 9.8, "transit": 33.0, "offices": 1, "residential": 1010.961528, "income": 24730.306043, "n_food": 0, "traffic_norm": 0.010911, "transit_norm": 0.176471, "residential_norm": 0.075341, "income_norm": 0.270987, "comp_cafe": 1, "comp_bakery": 2, "comp_confectionery": 0, "gap_cafe": 963.281471, "gap_bakery": 904.958064, "gap_confectionery": 4392.752425, "opp_cafe": null, "opp_bakery": null, "opp_confectionery": null, "vegan_coverage": 0.0}}, {"type": "Feature", "geometry": {"type": "Polygon", "coordinates": [[[4.443199932268474, 51.17276376479681], [4.441680217855769, 51.16839936101217], [4.446999429946393, 51.16583066630923], [4.453838829563326, 51.167626255075106], [4.455359436240336, 51.171990727067396], [4.450039751054288, 51.17455954210928], [4.443199932268474, 51.17276376479681]]]}, "properties": {"h3": "881fa41b15fffff", "traffic": 49.3, "transit": 48.0, "offices": 3, "residential": 4450.900498, "income": 39025.605117, "n_food": 2, "traffic_norm": 0.054888, "transit_norm": 0.256684, "residential_norm": 0.331701, "income_norm": 0.427631, "comp_cafe": 3, "comp_bakery": 4, "comp_confectionery": 0, "gap_cafe": 447.175568, "gap_bakery": 93.683921, "gap_confectionery": 1576.224116, "opp_cafe": null, "opp_bakery": null, "opp_confectionery": null, "vegan_coverage": 0.0}}, {"type": "Feature", "geometry": {"type": "Polygon", "coordinates": [[[4.492616829284416, 51.189690231121375], [4.491093038360661, 51.18532666380345], [4.496413516593041, 51.182756205518075], [4.5032582576887, 51.184549193776974], [4.504782941277693, 51.188912828624254], [4.499461991124326, 51.19148340770642], [4.492616829284416, 51.189690231121375]]]}, "properties": {"h3": "881fa4184bfffff", "traffic": 1.4, "transit": 12.0, "offices": 0, "residential": 308.848711, "income": 54430.44812, "n_food": 0, "traffic_norm": 0.001559, "transit_norm": 0.064171, "residential_norm": 0.023017, "income_norm": 0.596433, "comp_cafe": 1, "comp_bakery": 0, "comp_confectionery": 0, "gap_cafe": 962.078237, "gap_bakery": 2092.570256, "gap_confectionery": 2712.462579, "opp_cafe": null, "opp_bakery": null, "opp_confectionery": null, "vegan_coverage": 0.0}}, {"type": "Feature", "geometry": {"type": "Polygon", "coordinates": [[[4.269231675678081, 51.19036775680584], [4.267724587675825, 51.18600471378778], [4.27304534378523, 51.18344640471993], [4.279873666198247, 51.18525101972299], [4.281381647056056, 51.18961413280249], [4.276060412662559, 51.19217256084059], [4.269231675678081, 51.19036775680584]]]}, "properties": {"h3": "881fa4ce1dfffff", "traffic": 1.0, "transit": 3.0, "offices": 0, "residential": 56.29074, "income": 44258.0, "n_food": 0, "traffic_norm": 0.001113, "transit_norm": 0.016043, "residential_norm": 0.004195, "income_norm": 0.484966, "comp_cafe": 1, "comp_bakery": 0, "comp_confectionery": 0, "gap_cafe": 1092.068963, "gap_bakery": 3396.129483, "gap_confectionery": 8915.82311, "opp_cafe": null, "opp_bakery": null, "opp_confectionery": null, "vegan_coverage": 0.0}}, {"type": "Feature", "geometry": {"type": "Polygon", "coordinates": [[[4.386217902948021, 51.169679705200004], [4.384702520456667, 51.16531525253978], [4.390021552977275, 51.16274948035856], [4.396856442681437, 51.16454804099735], [4.398372717402718, 51.168912562533954], [4.393053210207737, 51.17147845457844], [4.386217902948021, 51.169679705200004]]]}, "properties": {"h3": "881fa41b61fffff", "traffic": 37.7, "transit": 89.0, "offices": 4, "residential": 5120.363922, "income": 38510.867879, "n_food": 3, "traffic_norm": 0.041973, "transit_norm": 0.475936, "residential_norm": 0.381592, "income_norm": 0.421991, "comp_cafe": 3, "comp_bakery": 5, "comp_confectionery": 0, "gap_cafe": 341.128516, "gap_bakery": 202.575965, "gap_confectionery": 3502.193384, "opp_cafe": 0.945946, "opp_bakery": 0.702703, "opp_confectionery": 0.918919, "vegan_coverage": 0.0}}, {"type": "Feature", "geometry": {"type": "Polygon", "coordinates": [[[4.47516284868999, 51.26436107334213], [4.473638684625175, 51.26000168791702], [4.478965052409895, 51.257436213877085], [4.48581605773976, 51.25923000438552], [4.487341116455916, 51.26358945702228], [4.482014275209307, 51.26615505196215], [4.47516284868999, 51.26436107334213]]]}, "properties": {"h3": "881fa4c495fffff", "traffic": 4.8, "transit": 4.0, "offices": 0, "residential": 109.47992, "income": 68825.570255, "n_food": 0, "traffic_norm": 0.005344, "transit_norm": 0.02139, "residential_norm": 0.008159, "income_norm": 0.75417, "comp_cafe": 1, "comp_bakery": 0, "comp_confectionery": 1, "gap_cafe": 778.44404, "gap_bakery": 1249.855055, "gap_confectionery": 1120.344417, "opp_cafe": null, "opp_bakery": null, "opp_confectionery": null, "vegan_coverage": 0.0}}, {"type": "Feature", "geometry": {"type": "Polygon", "coordinates": [[[4.483477263077535, 51.16350524492036], [4.481954743593611, 51.159140244968114], [4.487273180792505, 51.15656886720019], [4.494114609311563, 51.15836236877036], [4.495638020780469, 51.16272743653628], [4.490319111763746, 51.165298934941454], [4.483477263077535, 51.16350524492036]]]}, "properties": {"h3": "881fa41863fffff", "traffic": 17.5, "transit": 34.0, "offices": 5, "residential": 1764.457801, "income": 45965.816559, "n_food": 3, "traffic_norm": 0.019483, "transit_norm": 0.181818, "residential_norm": 0.131495, "income_norm": 0.50368, "comp_cafe": 2, "comp_bakery": 2, "comp_confectionery": 1, "gap_cafe": 318.337569, "gap_bakery": 480.373194, "gap_confectionery": 383.339121, "opp_cafe": 0.810811, "opp_bakery": 0.945946, "opp_confectionery": 0.189189, "vegan_coverage": 0.0}}, {"type": "Feature", "geometry": {"type": "Polygon", "coordinates": [[[4.296395189763635, 51.268861804365734], [4.294884317517417, 51.264503050425766], [4.300211225767756, 51.26194751306628], [4.307049484904797, 51.26375061021885], [4.308561252062301, 51.26810943336716], [4.303233865188943, 51.27066509017769], [4.296395189763635, 51.268861804365734]]]}, "properties": {"h3": "881fa4c739fffff", "traffic": 1.0, "transit": 5.0, "offices": 0, "residential": 0.178011, "income": 59463.0, "n_food": 0, "traffic_norm": 0.001113, "transit_norm": 0.026738, "residential_norm": 1.3e-05, "income_norm": 0.651578, "comp_cafe": 0, "comp_bakery": 0, "comp_confectionery": 0, "gap_cafe": 1450.531616, "gap_bakery": 2231.673717, "gap_confectionery": 8490.770772, "opp_cafe": null, "opp_bakery": null, "opp_confectionery": null, "vegan_coverage": 0.0}}, {"type": "Feature", "geometry": {"type": "Polygon", "coordinates": [[[4.282804917327437, 51.22962443182929], [4.281295938897828, 51.2252635317222], [4.286619769612336, 51.22270660865385], [4.293453057227748, 51.22451046650566], [4.294962929540062, 51.2288714362479], [4.289638620371608, 51.23142847852634], [4.282804917327437, 51.22962443182929]]]}, "properties": {"h3": "881fa4c56bfffff", "traffic": 8.5, "transit": 17.0, "offices": 0, "residential": 854.042648, "income": 53269.300183, "n_food": 0, "traffic_norm": 0.009463, "transit_norm": 0.090909, "residential_norm": 0.063647, "income_norm": 0.583709, "comp_cafe": 0, "comp_bakery": 1, "comp_confectionery": 0, "gap_cafe": 2959.779304, "gap_bakery": 717.327487, "gap_confectionery": 7719.658708, "opp_cafe": null, "opp_bakery": null, "opp_confectionery": null, "vegan_coverage": 0.0}}, {"type": "Feature", "geometry": {"type": "Polygon", "coordinates": [[[4.418883153934848, 51.17430584027509], [4.417365224142594, 51.1699415733043], [4.422684584781285, 51.16737428006161], [4.429522349039974, 51.1691711336674], [4.431041171157656, 51.17353546911153], [4.425721336709328, 51.17610288249963], [4.418883153934848, 51.17430584027509]]]}, "properties": {"h3": "881fa41b01fffff", "traffic": 24.7, "transit": 49.0, "offices": 6, "residential": 3228.664757, "income": 50500.146479, "n_food": 1, "traffic_norm": 0.027499, "transit_norm": 0.262032, "residential_norm": 0.240614, "income_norm": 0.553366, "comp_cafe": 1, "comp_bakery": 3, "comp_confectionery": 0, "gap_cafe": 436.755709, "gap_bakery": 579.851531, "gap_confectionery": 1395.404777, "opp_cafe": null, "opp_bakery": null, "opp_confectionery": null, "vegan_coverage": 0.0}}, {"type": "Feature", "geometry": {"type": "Polygon", "coordinates": [[[4.324542177848002, 51.26043989889463], [4.323029384676671, 51.25608061408443], [4.328355606162735, 51.25352309407699], [4.335195098541601, 51.25532473924839], [4.336708786382341, 51.25968409300638], [4.331382087192385, 51.26224173266833], [4.324542177848002, 51.26043989889463]]]}, "properties": {"h3": "881fa4c465fffff", "traffic": 0.0, "transit": 8.0, "offices": 0, "residential": 0.0, "income": 0.0, "n_food": 0, "traffic_norm": 0.0, "transit_norm": 0.042781, "residential_norm": 0.0, "income_norm": 0.0, "comp_cafe": 0, "comp_bakery": 0, "comp_confectionery": 0, "gap_cafe": 2978.482649, "gap_bakery": 3636.629289, "gap_confectionery": 6383.442355, "opp_cafe": null, "opp_bakery": null, "opp_confectionery": null, "vegan_coverage": 0.0}}, {"type": "Feature", "geometry": {"type": "Polygon", "coordinates": [[[4.375542384124556, 51.21047810155259], [4.374026888678095, 51.206115932276404], [4.379349133564674, 51.20355294385857], [4.386187349465303, 51.20535200483136], [4.387703738224398, 51.20971424282314], [4.38238101778808, 51.212277351149645], [4.375542384124556, 51.21047810155259]]]}, "properties": {"h3": "881fa4c5a9fffff", "traffic": 117.2, "transit": 36.0, "offices": 4, "residential": 823.590037, "income": 44542.420849, "n_food": 1, "traffic_norm": 0.130483, "transit_norm": 0.192513, "residential_norm": 0.061378, "income_norm": 0.488083, "comp_cafe": 19, "comp_bakery": 4, "comp_confectionery": 0, "gap_cafe": 305.391891, "gap_bakery": 690.042164, "gap_confectionery": 1181.758433, "opp_cafe": null, "opp_bakery": null, "opp_confectionery": null, "vegan_coverage": 0.0}}, {"type": "Feature", "geometry": {"type": "Polygon", "coordinates": [[[4.360308605874871, 51.2381690006821], [4.358793631619396, 51.2338084006355], [4.364118067805664, 51.23124773583076], [4.370957954637586, 51.23304755122109], [4.372473822948006, 51.237408219964365], [4.367148910389358, 51.23996900464375], [4.360308605874871, 51.2381690006821]]]}, "properties": {"h3": "881fa4c5cdfffff", "traffic": 0.0, "transit": 8.0, "offices": 0, "residential": 57.794313, "income": 40865.0, "n_food": 0, "traffic_norm": 0.0, "transit_norm": 0.042781, "residential_norm": 0.004307, "income_norm": 0.447787, "comp_cafe": 0, "comp_bakery": 0, "comp_confectionery": 0, "gap_cafe": 2084.584426, "gap_bakery": 1472.11016, "gap_confectionery": 2883.914546, "opp_cafe": null, "opp_bakery": null, "opp_confectionery": null, "vegan_coverage": 0.0}}, {"type": "Feature", "geometry": {"type": "Polygon", "coordinates": [[[4.405977410785725, 51.15504960173575], [4.404460876974863, 51.150684296536895], [4.409778742319459, 51.14811666279401], [4.416613615400879, 51.14991421429548], [4.418131041041378, 51.154279588247114], [4.412812701788791, 51.15684734196756], [4.405977410785725, 51.15504960173575]]]}, "properties": {"h3": "881fa41b21fffff", "traffic": 3.0, "transit": 32.0, "offices": 0, "residential": 46.125197, "income": 43759.0, "n_food": 0, "traffic_norm": 0.00334, "transit_norm": 0.171123, "residential_norm": 0.003437, "income_norm": 0.479498, "comp_cafe": 1, "comp_bakery": 1, "comp_confectionery": 0, "gap_cafe": 816.578072, "gap_bakery": 1137.873225, "gap_confectionery": 3696.363167, "opp_cafe": null, "opp_bakery": null, "opp_confectionery": null, "vegan_coverage": 0.0}}, {"type": "Feature", "geometry": {"type": "Polygon", "coordinates": [[[4.392999265093964, 51.24280525850715], [4.391481738711954, 51.238444845221956], [4.396806506549741, 51.235882658591066], [4.403649276293972, 51.2376807651109], [4.405167696828133, 51.242041246689666], [4.399842453483886, 51.244603553478164], [4.392999265093964, 51.24280525850715]]]}, "properties": {"h3": "881fa4c5ddfffff", "traffic": 22.8, "transit": 14.0, "offices": 1, "residential": 20.941033, "income": 46765.762212, "n_food": 0, "traffic_norm": 0.025384, "transit_norm": 0.074866, "residential_norm": 0.001561, "income_norm": 0.512445, "comp_cafe": 5, "comp_bakery": 0, "comp_confectionery": 0, "gap_cafe": 899.050246, "gap_bakery": 1275.309457, "gap_confectionery": 2280.993939, "opp_cafe": null, "opp_bakery": null, "opp_confectionery": null, "vegan_coverage": 0.0}}, {"type": "Feature", "geometry": {"type": "Polygon", "coordinates": [[[4.426457210028189, 51.26743417921141], [4.424936624880805, 51.26307506396172], [4.430263293832142, 51.26051239616798], [4.437111022846635, 51.26230872313458], [4.438632502769703, 51.266667906127424], [4.433305358920775, 51.26923069443371], [4.426457210028189, 51.26743417921141]]]}, "properties": {"h3": "881fa4c4ebfffff", "traffic": 3.8, "transit": 37.0, "offices": 0, "residential": 240.331377, "income": 26635.0, "n_food": 0, "traffic_norm": 0.004231, "transit_norm": 0.197861, "residential_norm": 0.017911, "income_norm": 0.291858, "comp_cafe": 1, "comp_bakery": 1, "comp_confectionery": 0, "gap_cafe": 1095.8741, "gap_bakery": 900.312614, "gap_confectionery": 4003.284797, "opp_cafe": null, "opp_bakery": null, "opp_confectionery": null, "vegan_coverage": 0.0}}, {"type": "Feature", "geometry": {"type": "Polygon", "coordinates": [[[4.275883300514729, 51.263449798878355], [4.274374086301757, 51.25909079118624], [4.27970058411161, 51.25653607372414], [4.286536775280688, 51.25834024471296], [4.288046884274825, 51.26269932188361], [4.282719907336101, 51.26525415861008], [4.275883300514729, 51.263449798878355]]]}, "properties": {"h3": "881fa4c72bfffff", "traffic": 3.0, "transit": 9.0, "offices": 0, "residential": 152.014178, "income": 58609.570635, "n_food": 0, "traffic_norm": 0.00334, "transit_norm": 0.048128, "residential_norm": 0.011329, "income_norm": 0.642226, "comp_cafe": 3, "comp_bakery": 2, "comp_confectionery": 0, "gap_cafe": 578.71939, "gap_bakery": 855.103086, "gap_confectionery": 9352.880704, "opp_cafe": null, "opp_bakery": null, "opp_confectionery": null, "vegan_coverage": 0.0}}, {"type": "Feature", "geometry": {"type": "Polygon", "coordinates": [[[4.316392691997554, 51.147307236268915], [4.314883032164203, 51.14294170249632], [4.320200375247064, 51.140378508732155], [4.327027854523231, 51.142180729545004], [4.328538406048925, 51.14654633314156], [4.323220586623562, 51.14910964612435], [4.316392691997554, 51.147307236268915]]]}, "properties": {"h3": "881fa4cc1bfffff", "traffic": 0.7, "transit": 4.0, "offices": 1, "residential": 2.58176, "income": 0.0, "n_food": 0, "traffic_norm": 0.000779, "transit_norm": 0.02139, "residential_norm": 0.000192, "income_norm": 0.0, "comp_cafe": 1, "comp_bakery": 0, "comp_confectionery": 0, "gap_cafe": 1247.518785, "gap_bakery": 1612.808229, "gap_confectionery": 8693.378019, "opp_cafe": null, "opp_bakery": null, "opp_confectionery": null, "vegan_coverage": 0.0}}, {"type": "Feature", "geometry": {"type": "Polygon", "coordinates": [[[4.361780359463646, 51.27816248487692], [4.360264379201998, 51.27380410304508], [4.365591961947887, 51.271245522711006], [4.37243600186709, 51.27304520421324], [4.373952877240082, 51.27740365444745], [4.368624817600364, 51.27996235480024], [4.361780359463646, 51.27816248487692]]]}, "properties": {"h3": "881fa4c409fffff", "traffic": 2.0, "transit": 4.0, "offices": 0, "residential": 0.138774, "income": 0.0, "n_food": 0, "traffic_norm": 0.002227, "transit_norm": 0.02139, "residential_norm": 1e-05, "income_norm": 0.0, "comp_cafe": 0, "comp_bakery": 0, "comp_confectionery": 0, "gap_cafe": 3550.838179, "gap_bakery": 3160.17747, "gap_confectionery": 6584.629993, "opp_cafe": null, "opp_bakery": null, "opp_confectionery": null, "vegan_coverage": 0.0}}, {"type": "Feature", "geometry": {"type": "Polygon", "coordinates": [[[4.320004430735715, 51.24736132845826], [4.318492269882211, 51.24300132772255], [4.323817465893558, 51.2404433461482], [4.330655300424272, 51.24224524575853], [4.332168355604539, 51.246605315584326], [4.326842681944928, 51.24916341673282], [4.320004430735715, 51.24736132845826]]]}, "properties": {"h3": "881fa4c551fffff", "traffic": 0.0, "transit": 2.0, "offices": 0, "residential": 0.0, "income": 0.0, "n_food": 0, "traffic_norm": 0.0, "transit_norm": 0.010695, "residential_norm": 0.0, "income_norm": 0.0, "comp_cafe": 0, "comp_bakery": 0, "comp_confectionery": 0, "gap_cafe": 2833.769741, "gap_bakery": 3221.733155, "gap_confectionery": 5799.812721, "opp_cafe": null, "opp_bakery": null, "opp_confectionery": null, "vegan_coverage": 0.0}}, {"type": "Feature", "geometry": {"type": "Polygon", "coordinates": [[[4.419635714887499, 51.194326621712754], [4.41811728061248, 51.18996346236147], [4.42343821092208, 51.1873972101972], [4.430278049592799, 51.189193997190685], [4.431797376719617, 51.19355722486854], [4.426475972342006, 51.19612359724944], [4.419635714887499, 51.194326621712754]]]}, "properties": {"h3": "881fa41b5dfffff", "traffic": 108.1, "transit": 88.0, "offices": 3, "residential": 2467.0602, "income": 41311.487765, "n_food": 0, "traffic_norm": 0.120352, "transit_norm": 0.470588, "residential_norm": 0.183856, "income_norm": 0.452679, "comp_cafe": 13, "comp_bakery": 14, "comp_confectionery": 2, "gap_cafe": 475.673014, "gap_bakery": 548.789312, "gap_confectionery": 898.122743, "opp_cafe": null, "opp_bakery": null, "opp_confectionery": null, "vegan_coverage": 0.0}}, {"type": "Feature", "geometry": {"type": "Polygon", "coordinates": [[[4.28971995132529, 51.19578109786185], [4.288211208957137, 51.19141830683315], [4.293532375084236, 51.18885917876462], [4.300362761377009, 51.19066272259146], [4.301872396730611, 51.19502558341162], [4.296550752823394, 51.19758483063657], [4.28971995132529, 51.19578109786185]]]}, "properties": {"h3": "881fa4ce1bfffff", "traffic": 1.0, "transit": 2.0, "offices": 0, "residential": 56.303039, "income": 44258.0, "n_food": 0, "traffic_norm": 0.001113, "transit_norm": 0.010695, "residential_norm": 0.004196, "income_norm": 0.484966, "comp_cafe": 1, "comp_bakery": 0, "comp_confectionery": 0, "gap_cafe": 956.824869, "gap_bakery": 3112.460363, "gap_confectionery": 7374.612247, "opp_cafe": null, "opp_bakery": null, "opp_confectionery": null, "vegan_coverage": 0.0}}, {"type": "Feature", "geometry": {"type": "Polygon", "coordinates": [[[4.439392033123744, 51.286664419453246], [4.437870046464352, 51.28230634723758], [4.443198214767266, 51.2797440193278], [4.450048844545635, 51.281539642974785], [4.451571726478507, 51.28589778265345], [4.446243083377765, 51.28846023124528], [4.439392033123744, 51.286664419453246]]]}, "properties": {"h3": "881fa4c4cbfffff", "traffic": 4.7, "transit": 25.0, "offices": 0, "residential": 1849.839146, "income": 46539.034992, "n_food": 2, "traffic_norm": 0.005233, "transit_norm": 0.13369, "residential_norm": 0.137858, "income_norm": 0.509961, "comp_cafe": 3, "comp_bakery": 2, "comp_confectionery": 0, "gap_cafe": 223.199255, "gap_bakery": 649.177909, "gap_confectionery": 4544.781218, "opp_cafe": null, "opp_bakery": null, "opp_confectionery": null, "vegan_coverage": 0.0}}, {"type": "Feature", "geometry": {"type": "Polygon", "coordinates": [[[4.397553112900092, 51.25588506488415], [4.396034952145939, 51.25152536837841], [4.401360744169956, 51.24896364254664], [4.408205172526454, 51.25076149300572], [4.409724227774777, 51.25512125766267], [4.404397960190388, 51.25768310373247], [4.397553112900092, 51.25588506488415]]]}, "properties": {"h3": "881fa4c433fffff", "traffic": 2.4, "transit": 7.0, "offices": 0, "residential": 12.760556, "income": 28061.0, "n_food": 0, "traffic_norm": 0.002672, "transit_norm": 0.037433, "residential_norm": 0.000951, "income_norm": 0.307484, "comp_cafe": 0, "comp_bakery": 0, "comp_confectionery": 0, "gap_cafe": 1266.436945, "gap_bakery": 1604.741594, "gap_confectionery": 3393.215268, "opp_cafe": null, "opp_bakery": null, "opp_confectionery": null, "vegan_coverage": 0.0}}, {"type": "Feature", "geometry": {"type": "Polygon", "coordinates": [[[4.290433943548028, 51.21578781213259], [4.288924702096904, 51.21142612758222], [4.294247439281571, 51.2088680423572], [4.301079895976799, 51.21067152247811], [4.302590030940515, 51.21503327667312], [4.297266815713758, 51.21759148112568], [4.290433943548028, 51.21578781213259]]]}, "properties": {"h3": "881fa4c529fffff", "traffic": 0.0, "transit": 21.0, "offices": 0, "residential": 680.844197, "income": 54603.840193, "n_food": 0, "traffic_norm": 0.0, "transit_norm": 0.112299, "residential_norm": 0.05074, "income_norm": 0.598333, "comp_cafe": 0, "comp_bakery": 0, "comp_confectionery": 0, "gap_cafe": 2356.884716, "gap_bakery": 1280.891204, "gap_confectionery": 7029.098169, "opp_cafe": null, "opp_bakery": null, "opp_confectionery": null, "vegan_coverage": 0.0}}, {"type": "Feature", "geometry": {"type": "Polygon", "coordinates": [[[4.278989386546129, 51.236541281567334], [4.277480539753301, 51.23218077376066], [4.282804917327437, 51.22962443182929], [4.289638620371608, 51.23142847852634], [4.291148361232231, 51.235789055963366], [4.285823504998184, 51.23834551709611], [4.278989386546129, 51.236541281567334]]]}, "properties": {"h3": "881fa4c545fffff", "traffic": 1.0, "transit": 3.0, "offices": 0, "residential": 167.43412, "income": 56424.363256, "n_food": 0, "traffic_norm": 0.001113, "transit_norm": 0.016043, "residential_norm": 0.012478, "income_norm": 0.618281, "comp_cafe": 0, "comp_bakery": 0, "comp_confectionery": 0, "gap_cafe": 2160.687683, "gap_bakery": 1392.284607, "gap_confectionery": 8098.338418, "opp_cafe": null, "opp_bakery": null, "opp_confectionery": null, "vegan_coverage": 0.0}}, {"type": "Feature", "geometry": {"type": "Polygon", "coordinates": [[[4.367926851392522, 51.22432549763075], [4.366411616373911, 51.219964112864126], [4.371734956782993, 51.21740228617405], [4.378574008189383, 51.2192017243821], [4.38009013689172, 51.2235631778549], [4.37476632052172, 51.2261251244366], [4.367926851392522, 51.22432549763075]]]}, "properties": {"h3": "881fa4c5ebfffff", "traffic": 11.9, "transit": 62.0, "offices": 0, "residential": 2000.759353, "income": 33465.465915, "n_food": 0, "traffic_norm": 0.013249, "transit_norm": 0.331551, "residential_norm": 0.149105, "income_norm": 0.366705, "comp_cafe": 5, "comp_bakery": 4, "comp_confectionery": 0, "gap_cafe": 671.072353, "gap_bakery": 597.06012, "gap_confectionery": 1763.295402, "opp_cafe": null, "opp_bakery": null, "opp_confectionery": null, "vegan_coverage": 0.0}}, {"type": "Feature", "geometry": {"type": "Polygon", "coordinates": [[[4.349608593641809, 51.2789199814191], [4.348093508520686, 51.27456166812234], [4.353421162666237, 51.272003788884454], [4.360264379201998, 51.27380410304508], [4.361780359463646, 51.27816248487692], [4.35645222806674, 51.28072048403622], [4.349608593641809, 51.2789199814191]]]}, "properties": {"h3": "881fa4c447fffff", "traffic": 1.0, "transit": 2.0, "offices": 0, "residential": 0.136729, "income": 0.0, "n_food": 0, "traffic_norm": 0.001113, "transit_norm": 0.010695, "residential_norm": 1e-05, "income_norm": 0.0, "comp_cafe": 0, "comp_bakery": 0, "comp_confectionery": 0, "gap_cafe": 4390.781593, "gap_bakery": 4007.783665, "gap_confectionery": 6986.785281, "opp_cafe": null, "opp_bakery": null, "opp_confectionery": null, "vegan_coverage": 0.0}}, {"type": "Feature", "geometry": {"type": "Polygon", "coordinates": [[[4.27970058411161, 51.25653607372414], [4.278191238110532, 51.25217667351732], [4.283517188665257, 51.2496213747928], [4.290352964161109, 51.25142535702527], [4.291863204758071, 51.25578482671545], [4.286536775280688, 51.25834024471296], [4.27970058411161, 51.25653607372414]]]}, "properties": {"h3": "881fa4c723fffff", "traffic": 3.0, "transit": 9.0, "offices": 1, "residential": 1015.295138, "income": 45182.019048, "n_food": 3, "traffic_norm": 0.00334, "transit_norm": 0.048128, "residential_norm": 0.075664, "income_norm": 0.495091, "comp_cafe": 2, "comp_bakery": 2, "comp_confectionery": 0, "gap_cafe": 172.10052, "gap_bakery": 499.000452, "gap_confectionery": 8761.968652, "opp_cafe": 0.297297, "opp_bakery": 0.756757, "opp_confectionery": 0.162162, "vegan_coverage": 0.0}}, {"type": "Feature", "geometry": {"type": "Polygon", "coordinates": [[[4.450045810189481, 51.24589732867726], [4.448523942452701, 51.2415369677818], [4.453848888931506, 51.23897185590986], [4.460696177087207, 51.2407669843225], [4.462218939009996, 51.24512741284257], [4.456893518609377, 51.24769264534855], [4.450045810189481, 51.24589732867726]]]}, "properties": {"h3": "881fa4c4a3fffff", "traffic": 24.9, "transit": 43.0, "offices": 2, "residential": 2589.188509, "income": 36341.543308, "n_food": 0, "traffic_norm": 0.027722, "transit_norm": 0.229947, "residential_norm": 0.192958, "income_norm": 0.39822, "comp_cafe": 1, "comp_bakery": 1, "comp_confectionery": 0, "gap_cafe": 801.025684, "gap_bakery": 854.868774, "gap_confectionery": 2330.356835, "opp_cafe": null, "opp_bakery": null, "opp_confectionery": null, "vegan_coverage": 0.0}}, {"type": "Feature", "geometry": {"type": "Polygon", "coordinates": [[[4.461453011706722, 51.22511799050075], [4.459930756909455, 51.22075645217488], [4.465254056035787, 51.218189598043374], [4.472100083283013, 51.219984161602156], [4.473623231707657, 51.22434576756687], [4.468299459276023, 51.22691274235711], [4.461453011706722, 51.22511799050075]]]}, "properties": {"h3": "881fa41a47fffff", "traffic": 35.8, "transit": 57.0, "offices": 1, "residential": 8268.717316, "income": 34108.161001, "n_food": 6, "traffic_norm": 0.039857, "transit_norm": 0.304813, "residential_norm": 0.616222, "income_norm": 0.373747, "comp_cafe": 10, "comp_bakery": 8, "comp_confectionery": 0, "gap_cafe": 184.677372, "gap_bakery": 240.082325, "gap_confectionery": 2304.305886, "opp_cafe": 0.594595, "opp_bakery": 0.837838, "opp_confectionery": 0.972973, "vegan_coverage": 0.0}}, {"type": "Feature", "geometry": {"type": "Polygon", "coordinates": [[[4.316190716809576, 51.25427833715896], [4.314678687103969, 51.249918728900106], [4.320004430735715, 51.24736132845826], [4.326842681944928, 51.24916341673282], [4.328355606162735, 51.25352309407699], [4.323029384676671, 51.25608061408443], [4.316190716809576, 51.25427833715896]]]}, "properties": {"h3": "881fa4c559fffff", "traffic": 0.0, "transit": 6.0, "offices": 0, "residential": 0.0, "income": 0.0, "n_food": 0, "traffic_norm": 0.0, "transit_norm": 0.032086, "residential_norm": 0.0, "income_norm": 0.0, "comp_cafe": 0, "comp_bakery": 0, "comp_confectionery": 0, "gap_cafe": 2384.838869, "gap_bakery": 3002.90606, "gap_confectionery": 6425.572549, "opp_cafe": null, "opp_bakery": null, "opp_confectionery": null, "vegan_coverage": 0.0}}, {"type": "Feature", "geometry": {"type": "Polygon", "coordinates": [[[4.302590030940515, 51.21503327667312], [4.301079895976799, 51.21067152247811], [4.306402564327521, 51.208112736997194], [4.313235845346049, 51.209915586409394], [4.314746873794528, 51.214277410116374], [4.309423727757151, 51.216836314922304], [4.302590030940515, 51.21503327667312]]]}, "properties": {"h3": "881fa4c52bfffff", "traffic": 3.0, "transit": 11.0, "offices": 0, "residential": 147.887187, "income": 51512.163268, "n_food": 0, "traffic_norm": 0.00334, "transit_norm": 0.058824, "residential_norm": 0.011021, "income_norm": 0.564455, "comp_cafe": 0, "comp_bakery": 0, "comp_confectionery": 0, "gap_cafe": 1570.936609, "gap_bakery": 1515.953143, "gap_confectionery": 6181.086679, "opp_cafe": null, "opp_bakery": null, "opp_confectionery": null, "vegan_coverage": 0.0}}, {"type": "Feature", "geometry": {"type": "Polygon", "coordinates": [[[4.491917567567036, 51.27666637801447], [4.490391871327284, 51.27230764387688], [4.495719185882082, 51.269741927948424], [4.502572669849419, 51.27153482510349], [4.504099261050287, 51.2758936261773], [4.498771473341239, 51.278459463183026], [4.491917567567036, 51.27666637801447]]]}, "properties": {"h3": "881fa4c49bfffff", "traffic": 0.0, "transit": 0.0, "offices": 0, "residential": 88.796259, "income": 61068.0, "n_food": 0, "traffic_norm": 0.0, "transit_norm": 0.0, "residential_norm": 0.006617, "income_norm": 0.669165, "comp_cafe": 4, "comp_bakery": 0, "comp_confectionery": 0, "gap_cafe": 1000.913087, "gap_bakery": 1719.49769, "gap_confectionery": 2559.254054, "opp_cafe": null, "opp_bakery": null, "opp_confectionery": null, "vegan_coverage": 0.0}}, {"type": "Feature", "geometry": {"type": "Polygon", "coordinates": [[[4.276858334298775, 51.17652407976296], [4.275350983173599, 51.17216025296315], [4.28067064736553, 51.16960078202722], [4.287498140572812, 51.171405018926045], [4.289006384184268, 51.17576891579667], [4.283686242119409, 51.1783285057207], [4.276858334298775, 51.17652407976296]]]}, "properties": {"h3": "881fa4ce3bfffff", "traffic": 1.0, "transit": 3.0, "offices": 0, "residential": 83.49909, "income": 49487.0, "n_food": 0, "traffic_norm": 0.001113, "transit_norm": 0.016043, "residential_norm": 0.006223, "income_norm": 0.542264, "comp_cafe": 1, "comp_bakery": 0, "comp_confectionery": 0, "gap_cafe": 1131.645308, "gap_bakery": 2093.794564, "gap_confectionery": 9019.093294, "opp_cafe": null, "opp_bakery": null, "opp_confectionery": null, "vegan_coverage": 0.0}}, {"type": "Feature", "geometry": {"type": "Polygon", "coordinates": [[[4.351954567259813, 51.232007953198355], [4.350440356479269, 51.22764702959966], [4.355764316142141, 51.225086484580764], [4.362602963126668, 51.22688674339785], [4.364118067805664, 51.23124773583076], [4.358793631619396, 51.2338084006355], [4.351954567259813, 51.232007953198355]]]}, "properties": {"h3": "881fa4c513fffff", "traffic": 0.7, "transit": 10.0, "offices": 0, "residential": 149.482039, "income": 28775.049964, "n_food": 0, "traffic_norm": 0.000779, "transit_norm": 0.053476, "residential_norm": 0.01114, "income_norm": 0.315308, "comp_cafe": 0, "comp_bakery": 0, "comp_confectionery": 0, "gap_cafe": 1610.329132, "gap_bakery": 1936.691557, "gap_confectionery": 3058.581384, "opp_cafe": null, "opp_bakery": null, "opp_confectionery": null, "vegan_coverage": 0.0}}, {"type": "Feature", "geometry": {"type": "Polygon", "coordinates": [[[4.415081046011998, 51.1812364279319], [4.413563245602595, 51.17687255293439], [4.418883153934848, 51.17430584027509], [4.425721336709328, 51.17610288249963], [4.427240029629647, 51.18046682596583], [4.421919647282616, 51.18303365876193], [4.415081046011998, 51.1812364279319]]]}, "properties": {"h3": "881fa41b09fffff", "traffic": 26.8, "transit": 59.0, "offices": 4, "residential": 2090.965118, "income": 42976.841641, "n_food": 1, "traffic_norm": 0.029837, "transit_norm": 0.315508, "residential_norm": 0.155828, "income_norm": 0.470927, "comp_cafe": 4, "comp_bakery": 5, "comp_confectionery": 0, "gap_cafe": 595.128316, "gap_bakery": 363.719702, "gap_confectionery": 1137.254806, "opp_cafe": null, "opp_bakery": null, "opp_confectionery": null, "vegan_coverage": 0.0}}, {"type": "Feature", "geometry": {"type": "Polygon", "coordinates": [[[4.339062821789683, 51.21276168264506], [4.337550006456091, 51.20839972031223], [4.342872465316704, 51.2058388336624], [4.349708216147681, 51.207639789751425], [4.351221924881157, 51.21200182119813], [4.345898989401436, 51.21456282746505], [4.339062821789683, 51.21276168264506]]]}, "properties": {"h3": "881fa4c533fffff", "traffic": 12.2, "transit": 25.0, "offices": 1, "residential": 997.314431, "income": 44615.45689, "n_food": 0, "traffic_norm": 0.013583, "transit_norm": 0.13369, "residential_norm": 0.074324, "income_norm": 0.488883, "comp_cafe": 1, "comp_bakery": 1, "comp_confectionery": 0, "gap_cafe": 796.021405, "gap_bakery": 906.58901, "gap_confectionery": 3644.632974, "opp_cafe": null, "opp_bakery": null, "opp_confectionery": null, "vegan_coverage": 0.0}}, {"type": "Feature", "geometry": {"type": "Polygon", "coordinates": [[[4.272336910363782, 51.16343188592581], [4.270830188595654, 51.15906734576903], [4.276148829106732, 51.15650741286671], [4.282974669219637, 51.15831190123565], [4.284482283132241, 51.16267651160515], [4.27916316480473, 51.165236563416016], [4.272336910363782, 51.16343188592581]]]}, "properties": {"h3": "881fa4ce37fffff", "traffic": 0.0, "transit": 1.0, "offices": 0, "residential": 85.340554, "income": 48186.601529, "n_food": 0, "traffic_norm": 0.0, "transit_norm": 0.005348, "residential_norm": 0.00636, "income_norm": 0.528014, "comp_cafe": 0, "comp_bakery": 0, "comp_confectionery": 0, "gap_cafe": 1682.927732, "gap_bakery": 2349.716832, "gap_confectionery": 10043.210548, "opp_cafe": null, "opp_bakery": null, "opp_confectionery": null, "vegan_coverage": 0.0}}, {"type": "Feature", "geometry": {"type": "Polygon", "coordinates": [[[4.353421162666237, 51.272003788884454], [4.351905946803612, 51.267645082882645], [4.357233052504371, 51.265086622478364], [4.364075851130662, 51.266886748169284], [4.365591961947887, 51.271245522711006], [4.360264379201998, 51.27380410304508], [4.353421162666237, 51.272003788884454]]]}, "properties": {"h3": "881fa4c40dfffff", "traffic": 2.0, "transit": 2.0, "offices": 0, "residential": 0.138761, "income": 0.0, "n_food": 0, "traffic_norm": 0.002227, "transit_norm": 0.010695, "residential_norm": 1e-05, "income_norm": 0.0, "comp_cafe": 0, "comp_bakery": 0, "comp_confectionery": 0, "gap_cafe": 4232.858194, "gap_bakery": 3803.391455, "gap_confectionery": 6179.380124, "opp_cafe": null, "opp_bakery": null, "opp_confectionery": null, "vegan_coverage": 0.0}}, {"type": "Feature", "geometry": {"type": "Polygon", "coordinates": [[[4.351221924881157, 51.21200182119813], [4.349708216147681, 51.207639789751425], [4.355030604181946, 51.20507820257863], [4.361867177230223, 51.206878527161315], [4.363381779334722, 51.211240627589135], [4.358058915037613, 51.21380233447627], [4.351221924881157, 51.21200182119813]]]}, "properties": {"h3": "881fa4c5e5fffff", "traffic": 5.4, "transit": 17.0, "offices": 0, "residential": 104.761808, "income": 31489.043473, "n_food": 0, "traffic_norm": 0.006012, "transit_norm": 0.090909, "residential_norm": 0.007807, "income_norm": 0.345048, "comp_cafe": 1, "comp_bakery": 1, "comp_confectionery": 0, "gap_cafe": 925.948205, "gap_bakery": 1222.122934, "gap_confectionery": 2805.730661, "opp_cafe": null, "opp_bakery": null, "opp_confectionery": null, "vegan_coverage": 0.0}}, {"type": "Feature", "geometry": {"type": "Polygon", "coordinates": [[[4.357370355634734, 51.15811633675481], [4.35585738943869, 51.153751307894986], [4.361175543621082, 51.151186475384826], [4.368007139349219, 51.15298655216793], [4.369520997492918, 51.15735165031166], [4.364202367978531, 51.159916602411464], [4.357370355634734, 51.15811633675481]]]}, "properties": {"h3": "881fa4ceb7fffff", "traffic": 2.0, "transit": 37.0, "offices": 0, "residential": 46.232599, "income": 43136.462014, "n_food": 0, "traffic_norm": 0.002227, "transit_norm": 0.197861, "residential_norm": 0.003445, "income_norm": 0.472677, "comp_cafe": 0, "comp_bakery": 0, "comp_confectionery": 0, "gap_cafe": 1250.298595, "gap_bakery": 1693.966189, "gap_confectionery": 5885.32443, "opp_cafe": null, "opp_bakery": null, "opp_confectionery": null, "vegan_coverage": 0.0}}, {"type": "Feature", "geometry": {"type": "Polygon", "coordinates": [[[4.354155116475313, 51.29199348730745], [4.35263939757705, 51.287635891051686], [4.357968077688724, 51.28507847310606], [4.364812954022764, 51.28687853143729], [4.366329568404432, 51.2912361960857], [4.361000410986425, 51.29379373403343], [4.354155116475313, 51.29199348730745]]]}, "properties": {"h3": "881fa4c44bfffff", "traffic": 0.0, "transit": 4.0, "offices": 0, "residential": 0.019233, "income": 0.0, "n_food": 0, "traffic_norm": 0.0, "transit_norm": 0.02139, "residential_norm": 1e-06, "income_norm": 0.0, "comp_cafe": 0, "comp_bakery": 0, "comp_confectionery": 0, "gap_cafe": 4259.783748, "gap_bakery": 3805.179993, "gap_confectionery": 8211.521225, "opp_cafe": null, "opp_bakery": null, "opp_confectionery": null, "vegan_coverage": 0.0}}, {"type": "Feature", "geometry": {"type": "Polygon", "coordinates": [[[4.278278612640912, 51.2165410167616], [4.276770264729945, 51.212179401988564], [4.282093070250626, 51.20962201695232], [4.288924702096904, 51.21142612758222], [4.290433943548028, 51.21578781213259], [4.285110659629996, 51.21834531629882], [4.278278612640912, 51.2165410167616]]]}, "properties": {"h3": "881fa4c567fffff", "traffic": 8.9, "transit": 23.0, "offices": 0, "residential": 1244.986884, "income": 53597.143485, "n_food": 0, "traffic_norm": 0.009909, "transit_norm": 0.122995, "residential_norm": 0.092782, "income_norm": 0.587302, "comp_cafe": 0, "comp_bakery": 1, "comp_confectionery": 0, "gap_cafe": 3176.397212, "gap_bakery": 836.285979, "gap_confectionery": 7877.649961, "opp_cafe": null, "opp_bakery": null, "opp_confectionery": null, "vegan_coverage": 0.0}}, {"type": "Feature", "geometry": {"type": "Polygon", "coordinates": [[[4.437114800204859, 51.22665843160516], [4.435594332755431, 51.222297028955595], [4.440917782161499, 51.21973157730975], [4.447762173057004, 51.221527407871456], [4.449283534195811, 51.22588887842561], [4.443959610767917, 51.22845445053662], [4.437114800204859, 51.22665843160516]]]}, "properties": {"h3": "881fa4c593fffff", "traffic": 134.9, "transit": 90.0, "offices": 1, "residential": 5373.861185, "income": 27392.880375, "n_food": 0, "traffic_norm": 0.150189, "transit_norm": 0.481283, "residential_norm": 0.400484, "income_norm": 0.300163, "comp_cafe": 23, "comp_bakery": 18, "comp_confectionery": 11, "gap_cafe": 562.487722, "gap_bakery": 473.415734, "gap_confectionery": 961.090063, "opp_cafe": null, "opp_bakery": null, "opp_confectionery": null, "vegan_coverage": 0.0}}, {"type": "Feature", "geometry": {"type": "Polygon", "coordinates": [[[4.29281773656785, 51.168844848118134], [4.291309361705345, 51.16448055943149], [4.296628411693549, 51.161919807779185], [4.303456313874461, 51.163723225742096], [4.304965581011078, 51.168087584371534], [4.299646053709995, 51.17064845511834], [4.29281773656785, 51.168844848118134]]]}, "properties": {"h3": "881fa4cee5fffff", "traffic": 3.1, "transit": 13.0, "offices": 0, "residential": 257.293514, "income": 50823.899688, "n_food": 0, "traffic_norm": 0.003451, "transit_norm": 0.069519, "residential_norm": 0.019175, "income_norm": 0.556913, "comp_cafe": 1, "comp_bakery": 1, "comp_confectionery": 0, "gap_cafe": 1103.051885, "gap_bakery": 828.07439, "gap_confectionery": 8515.944038, "opp_cafe": null, "opp_bakery": null, "opp_confectionery": null, "vegan_coverage": 0.0}}, {"type": "Feature", "geometry": {"type": "Polygon", "coordinates": [[[4.292578474506199, 51.27577512175685], [4.291067733845653, 51.271416760445625], [4.296395189763635, 51.268861804365734], [4.303233865188943, 51.27066509017769], [4.304745500946239, 51.27502352069244], [4.29941756619891, 51.27757859621486], [4.292578474506199, 51.27577512175685]]]}, "properties": {"h3": "881fa4c703fffff", "traffic": 1.7, "transit": 5.0, "offices": 0, "residential": 2.299896, "income": 59463.0, "n_food": 0, "traffic_norm": 0.001893, "transit_norm": 0.026738, "residential_norm": 0.000171, "income_norm": 0.651578, "comp_cafe": 0, "comp_bakery": 0, "comp_confectionery": 0, "gap_cafe": 1425.21898, "gap_bakery": 2620.421203, "gap_confectionery": 9180.836993, "opp_cafe": null, "opp_bakery": null, "opp_confectionery": null, "vegan_coverage": 0.0}}, {"type": "Feature", "geometry": {"type": "Polygon", "coordinates": [[[4.367189493939804, 51.204316239399155], [4.365674761561617, 51.19995374680037], [4.370996530747323, 51.19739087820264], [4.377833508029921, 51.1991903824067], [4.379349133564674, 51.20355294385857], [4.374026888678095, 51.206115932276404], [4.367189493939804, 51.204316239399155]]]}, "properties": {"h3": "881fa4c5adfffff", "traffic": 5.7, "transit": 17.0, "offices": 0, "residential": 184.70844, "income": 50776.0, "n_food": 0, "traffic_norm": 0.006346, "transit_norm": 0.090909, "residential_norm": 0.013765, "income_norm": 0.556388, "comp_cafe": 1, "comp_bakery": 0, "comp_confectionery": 0, "gap_cafe": 995.143545, "gap_bakery": 1360.564388, "gap_confectionery": 2019.667391, "opp_cafe": null, "opp_bakery": null, "opp_confectionery": null, "vegan_coverage": 0.0}}, {"type": "Feature", "geometry": {"type": "Polygon", "coordinates": [[[4.4272130854501, 51.287429720374796], [4.425691994094927, 51.283071715754964], [4.431020237014573, 51.2805100894673], [4.437870046464352, 51.28230634723758], [4.439392033123744, 51.286664419453246], [4.434063315047336, 51.289226166326], [4.4272130854501, 51.287429720374796]]]}, "properties": {"h3": "881fa4c4c9fffff", "traffic": 25.1, "transit": 37.0, "offices": 1, "residential": 2766.842579, "income": 45084.763292, "n_food": 1, "traffic_norm": 0.027945, "transit_norm": 0.197861, "residential_norm": 0.206197, "income_norm": 0.494025, "comp_cafe": 4, "comp_bakery": 6, "comp_confectionery": 0, "gap_cafe": 379.219243, "gap_bakery": 608.0038, "gap_confectionery": 5177.894779, "opp_cafe": null, "opp_bakery": null, "opp_confectionery": null, "vegan_coverage": 0.0}}, {"type": "Feature", "geometry": {"type": "Polygon", "coordinates": [[[4.46678849757692, 51.25820726299643], [4.465265099212674, 51.25384755221974], [4.470590993381983, 51.25128219899107], [4.477440759549329, 51.253076435751034], [4.478965052409895, 51.257436213877085], [4.473638684625175, 51.26000168791702], [4.46678849757692, 51.25820726299643]]]}, "properties": {"h3": "881fa4c4b9fffff", "traffic": 21.8, "transit": 26.0, "offices": 0, "residential": 176.610384, "income": 51046.707397, "n_food": 0, "traffic_norm": 0.024271, "transit_norm": 0.139037, "residential_norm": 0.013162, "income_norm": 0.559355, "comp_cafe": 0, "comp_bakery": 2, "comp_confectionery": 1, "gap_cafe": 1285.873007, "gap_bakery": 695.858482, "gap_confectionery": 1015.475625, "opp_cafe": null, "opp_bakery": null, "opp_confectionery": null, "vegan_coverage": 0.0}}, {"type": "Feature", "geometry": {"type": "Polygon", "coordinates": [[[4.388447320025763, 51.229723302153346], [4.386930427637509, 51.22536217245039], [4.392254171612779, 51.22279952498784], [4.399095283446704, 51.22459788717404], [4.400613069645293, 51.22895908531288], [4.39528885021756, 51.23152185285279], [4.388447320025763, 51.229723302153346]]]}, "properties": {"h3": "881fa4c589fffff", "traffic": 371.1, "transit": 75.0, "offices": 0, "residential": 652.568135, "income": 41024.471463, "n_food": 0, "traffic_norm": 0.41316, "transit_norm": 0.40107, "residential_norm": 0.048632, "income_norm": 0.449534, "comp_cafe": 58, "comp_bakery": 10, "comp_confectionery": 4, "gap_cafe": 533.401091, "gap_bakery": 704.355346, "gap_confectionery": 887.813213, "opp_cafe": null, "opp_bakery": null, "opp_confectionery": null, "vegan_coverage": 0.0}}, {"type": "Feature", "geometry": {"type": "Polygon", "coordinates": [[[4.28590684976308, 51.20270204395509], [4.28439823879671, 51.198339644958864], [4.28971995132529, 51.19578109786185], [4.296550752823394, 51.19758483063657], [4.298060256960088, 51.201947299419565], [4.292738066445712, 51.20450596566416], [4.28590684976308, 51.20270204395509]]]}, "properties": {"h3": "881fa4c525fffff", "traffic": 0.0, "transit": 5.0, "offices": 0, "residential": 56.301137, "income": 44258.0, "n_food": 0, "traffic_norm": 0.0, "transit_norm": 0.026738, "residential_norm": 0.004196, "income_norm": 0.484966, "comp_cafe": 0, "comp_bakery": 0, "comp_confectionery": 0, "gap_cafe": 1654.507792, "gap_bakery": 2443.122258, "gap_confectionery": 7457.68828, "opp_cafe": null, "opp_bakery": null, "opp_confectionery": null, "vegan_coverage": 0.0}}, {"type": "Feature", "geometry": {"type": "Polygon", "coordinates": [[[4.272065337727344, 51.27036255016445], [4.270556255386638, 51.26600393503924], [4.275883300514729, 51.263449798878355], [4.282719907336101, 51.26525415861008], [4.284229884643288, 51.26961284320898], [4.27890236017996, 51.272167098625644], [4.272065337727344, 51.27036255016445]]]}, "properties": {"h3": "881fa4c705fffff", "traffic": 0.7, "transit": 2.0, "offices": 1, "residential": 2.372019, "income": 59463.0, "n_food": 1, "traffic_norm": 0.000779, "transit_norm": 0.010695, "residential_norm": 0.000177, "income_norm": 0.651578, "comp_cafe": 1, "comp_bakery": 0, "comp_confectionery": 0, "gap_cafe": 308.277045, "gap_bakery": 1565.387859, "gap_confectionery": 9975.089181, "opp_cafe": null, "opp_bakery": null, "opp_confectionery": null, "vegan_coverage": 0.0}}, {"type": "Feature", "geometry": {"type": "Polygon", "coordinates": [[[4.286619769612336, 51.22270660865385], [4.285110659629996, 51.21834531629882], [4.290433943548028, 51.21578781213259], [4.297266815713758, 51.21759148112568], [4.298776819393737, 51.22195284312061], [4.293453057227748, 51.22451046650566], [4.286619769612336, 51.22270660865385]]]}, "properties": {"h3": "881fa4c563fffff", "traffic": 7.5, "transit": 27.0, "offices": 0, "residential": 888.679827, "income": 54126.05067, "n_food": 0, "traffic_norm": 0.00835, "transit_norm": 0.144385, "residential_norm": 0.066228, "income_norm": 0.593097, "comp_cafe": 0, "comp_bakery": 1, "comp_confectionery": 0, "gap_cafe": 2579.646448, "gap_bakery": 644.312064, "gap_confectionery": 7351.025341, "opp_cafe": null, "opp_bakery": null, "opp_confectionery": null, "vegan_coverage": 0.0}}, {"type": "Feature", "geometry": {"type": "Polygon", "coordinates": [[[4.383155205250759, 51.19662681318422], [4.38163944971144, 51.1922638596095], [4.386960599330266, 51.189699709622], [4.393797979645165, 51.191498393306524], [4.3953146281262, 51.19586141560624], [4.389993003368511, 51.19842568551953], [4.383155205250759, 51.19662681318422]]]}, "properties": {"h3": "881fa4c5a7fffff", "traffic": 48.7, "transit": 87.0, "offices": 1, "residential": 3467.118975, "income": 31235.677787, "n_food": 0, "traffic_norm": 0.05422, "transit_norm": 0.465241, "residential_norm": 0.258385, "income_norm": 0.342271, "comp_cafe": 2, "comp_bakery": 6, "comp_confectionery": 0, "gap_cafe": 850.010522, "gap_bakery": 763.892531, "gap_confectionery": 1527.581653, "opp_cafe": null, "opp_bakery": null, "opp_confectionery": null, "vegan_coverage": 0.0}}, {"type": "Feature", "geometry": {"type": "Polygon", "coordinates": [[[4.449283534195811, 51.22588887842561], [4.447762173057004, 51.221527407871456], [4.453085547572888, 51.21896125501553], [4.459930756909455, 51.22075645217488], [4.461453011706722, 51.22511799050075], [4.456129163527208, 51.227684263918675], [4.449283534195811, 51.22588887842561]]]}, "properties": {"h3": "881fa41a45fffff", "traffic": 40.1, "transit": 70.0, "offices": 1, "residential": 5275.883613, "income": 28152.488381, "n_food": 5, "traffic_norm": 0.044645, "transit_norm": 0.374332, "residential_norm": 0.393182, "income_norm": 0.308487, "comp_cafe": 12, "comp_bakery": 7, "comp_confectionery": 0, "gap_cafe": 339.667316, "gap_bakery": 352.04796, "gap_confectionery": 1603.389302, "opp_cafe": 0.459459, "opp_bakery": 0.864865, "opp_confectionery": 0.756757, "vegan_coverage": 0.0}}, {"type": "Feature", "geometry": {"type": "Polygon", "coordinates": [[[4.399119056659202, 51.18893354265926], [4.397602278442721, 51.184570128284925], [4.402922807776879, 51.182004696943366], [4.409760589922321, 51.18380255996789], [4.411278260865322, 51.188166042939116], [4.40595725695433, 51.19073159431201], [4.399119056659202, 51.18893354265926]]]}, "properties": {"h3": "881fa41b41fffff", "traffic": 28.9, "transit": 61.0, "offices": 0, "residential": 145.30413, "income": 68755.434063, "n_food": 0, "traffic_norm": 0.032175, "transit_norm": 0.326203, "residential_norm": 0.010829, "income_norm": 0.753402, "comp_cafe": 3, "comp_bakery": 1, "comp_confectionery": 0, "gap_cafe": 420.744493, "gap_bakery": 1136.391573, "gap_confectionery": 1656.392126, "opp_cafe": null, "opp_bakery": null, "opp_confectionery": null, "vegan_coverage": 0.0}}, {"type": "Feature", "geometry": {"type": "Polygon", "coordinates": [[[4.431041171157656, 51.17353546911153], [4.429522349039974, 51.1691711336674], [4.43484163565367, 51.166603139727265], [4.441680217855769, 51.16839936101217], [4.443199932268474, 51.17276376479681], [4.43788017220216, 51.17533187897912], [4.431041171157656, 51.17353546911153]]]}, "properties": {"h3": "881fa41b03fffff", "traffic": 59.2, "transit": 42.0, "offices": 3, "residential": 2626.697489, "income": 44284.775278, "n_food": 0, "traffic_norm": 0.06591, "transit_norm": 0.224599, "residential_norm": 0.195753, "income_norm": 0.485259, "comp_cafe": 2, "comp_bakery": 6, "comp_confectionery": 0, "gap_cafe": 500.15009, "gap_bakery": 522.715941, "gap_confectionery": 1220.616059, "opp_cafe": null, "opp_bakery": null, "opp_confectionery": null, "vegan_coverage": 0.0}}, {"type": "Feature", "geometry": {"type": "Polygon", "coordinates": [[[4.457651289387938, 51.23204540982031], [4.456129163527208, 51.227684263918675], [4.461453011706722, 51.22511799050075], [4.468299459276023, 51.22691274235711], [4.469822478950293, 51.23127395589287], [4.464498157260072, 51.23384034996132], [4.457651289387938, 51.23204540982031]]]}, "properties": {"h3": "881fa41a41fffff", "traffic": 36.2, "transit": 52.0, "offices": 1, "residential": 8061.463827, "income": 29467.006379, "n_food": 2, "traffic_norm": 0.040303, "transit_norm": 0.278075, "residential_norm": 0.600776, "income_norm": 0.322891, "comp_cafe": 8, "comp_bakery": 7, "comp_confectionery": 0, "gap_cafe": 306.244233, "gap_bakery": 457.630913, "gap_confectionery": 2481.281698, "opp_cafe": null, "opp_bakery": null, "opp_confectionery": null, "vegan_coverage": 0.0}}, {"type": "Feature", "geometry": {"type": "Polygon", "coordinates": [[[4.396806506549741, 51.235882658591066], [4.39528885021756, 51.23152185285279], [4.400613069645293, 51.22895908531288], [4.407455420723948, 51.23075700336839], [4.408973971022447, 51.23511787740498], [4.403649276293972, 51.2376807651109], [4.396806506549741, 51.235882658591066]]]}, "properties": {"h3": "881fa4c5d5fffff", "traffic": 138.7, "transit": 46.0, "offices": 5, "residential": 1572.463305, "income": 45883.744594, "n_food": 4, "traffic_norm": 0.15442, "transit_norm": 0.245989, "residential_norm": 0.117187, "income_norm": 0.50278, "comp_cafe": 25, "comp_bakery": 6, "comp_confectionery": 0, "gap_cafe": 125.480666, "gap_bakery": 519.337348, "gap_confectionery": 1492.065936, "opp_cafe": 0.405405, "opp_bakery": 0.621622, "opp_confectionery": 0.891892, "vegan_coverage": 0.0}}, {"type": "Feature", "geometry": {"type": "Polygon", "coordinates": [[[4.287333114323058, 51.24270570217547], [4.285823504998184, 51.23834551709611], [4.291148361232231, 51.235789055963366], [4.29798330531884, 51.23759266064284], [4.299493808869082, 51.24195291521513], [4.294168474124713, 51.244509495638155], [4.287333114323058, 51.24270570217547]]]}, "properties": {"h3": "881fa4c541fffff", "traffic": 0.0, "transit": 0.0, "offices": 1, "residential": 4.594812, "income": 46257.0, "n_food": 0, "traffic_norm": 0.0, "transit_norm": 0.0, "residential_norm": 0.000342, "income_norm": 0.50687, "comp_cafe": 0, "comp_bakery": 0, "comp_confectionery": 0, "gap_cafe": 1602.330796, "gap_bakery": 1677.205158, "gap_confectionery": 7702.643219, "opp_cafe": null, "opp_bakery": null, "opp_confectionery": null, "vegan_coverage": 0.0}}, {"type": "Feature", "geometry": {"type": "Polygon", "coordinates": [[[4.288046884274825, 51.26269932188361], [4.286536775280688, 51.25834024471296], [4.291863204758071, 51.25578482671545], [4.29870022201998, 51.257588366549754], [4.300211225767756, 51.26194751306628], [4.294884317517417, 51.264503050425766], [4.288046884274825, 51.26269932188361]]]}, "properties": {"h3": "881fa4c73dfffff", "traffic": 2.0, "transit": 7.0, "offices": 0, "residential": 148.024703, "income": 45201.678286, "n_food": 0, "traffic_norm": 0.002227, "transit_norm": 0.037433, "residential_norm": 0.011031, "income_norm": 0.495307, "comp_cafe": 2, "comp_bakery": 1, "comp_confectionery": 0, "gap_cafe": 778.923673, "gap_bakery": 1360.04704, "gap_confectionery": 8580.536452, "opp_cafe": null, "opp_bakery": null, "opp_confectionery": null, "vegan_coverage": 0.0}}, {"type": "Feature", "geometry": {"type": "Polygon", "coordinates": [[[4.30330809279158, 51.23503549906552], [4.301797457890787, 51.23067485213075], [4.307121698155129, 51.22811710943809], [4.313957051286263, 51.22991989430689], [4.315468580199407, 51.23428061060672], [4.31014386198652, 51.236838472695794], [4.30330809279158, 51.23503549906552]]]}, "properties": {"h3": "881fa4c509fffff", "traffic": 0.7, "transit": 0.0, "offices": 0, "residential": 51.545077, "income": 46230.0, "n_food": 0, "traffic_norm": 0.000779, "transit_norm": 0.0, "residential_norm": 0.003841, "income_norm": 0.506575, "comp_cafe": 0, "comp_bakery": 0, "comp_confectionery": 0, "gap_cafe": 2151.744075, "gap_bakery": 2166.027873, "gap_confectionery": 6407.214469, "opp_cafe": null, "opp_bakery": null, "opp_confectionery": null, "vegan_coverage": 0.0}}, {"type": "Feature", "geometry": {"type": "Polygon", "coordinates": [[[4.354297329181595, 51.18506444873076], [4.352783991773304, 51.18070091806862], [4.358104262055269, 51.17813770806684], [4.364938345560369, 51.179937909098534], [4.366452575627558, 51.18430150889327], [4.361131829548492, 51.18686483854681], [4.354297329181595, 51.18506444873076]]]}, "properties": {"h3": "881fa4ce9dfffff", "traffic": 13.6, "transit": 58.0, "offices": 0, "residential": 5629.8637, "income": 33024.64997, "n_food": 1, "traffic_norm": 0.015141, "transit_norm": 0.31016, "residential_norm": 0.419562, "income_norm": 0.361874, "comp_cafe": 2, "comp_bakery": 2, "comp_confectionery": 0, "gap_cafe": 650.877269, "gap_bakery": 236.325861, "gap_confectionery": 3910.916733, "opp_cafe": null, "opp_bakery": null, "opp_confectionery": null, "vegan_coverage": 0.0}}, {"type": "Feature", "geometry": {"type": "Polygon", "coordinates": [[[4.345220463435988, 51.158879692098154], [4.343708389216435, 51.15451473265493], [4.349026614365204, 51.15195060028806], [4.35585738943869, 51.153751307894986], [4.357370355634734, 51.15811633675481], [4.352051654798431, 51.160680588614184], [4.345220463435988, 51.158879692098154]]]}, "properties": {"h3": "881fa4ceb5fffff", "traffic": 4.1, "transit": 42.0, "offices": 0, "residential": 1630.714369, "income": 45752.463992, "n_food": 0, "traffic_norm": 0.004565, "transit_norm": 0.224599, "residential_norm": 0.121528, "income_norm": 0.501342, "comp_cafe": 0, "comp_bakery": 0, "comp_confectionery": 0, "gap_cafe": 2005.999238, "gap_bakery": 1303.023398, "gap_confectionery": 6417.054742, "opp_cafe": null, "opp_bakery": null, "opp_confectionery": null, "vegan_coverage": 0.0}}, {"type": "Feature", "geometry": {"type": "Polygon", "coordinates": [[[4.39374480287069, 51.26280551361059], [4.392226772132378, 51.258446209719956], [4.397553112900092, 51.25588506488415], [4.404397960190388, 51.25768310373247], [4.405916885608917, 51.262042475769555], [4.400590069074942, 51.264603740835064], [4.39374480287069, 51.26280551361059]]]}, "properties": {"h3": "881fa4c43bfffff", "traffic": 1.7, "transit": 13.0, "offices": 0, "residential": 12.759796, "income": 28061.0, "n_food": 0, "traffic_norm": 0.001893, "transit_norm": 0.069519, "residential_norm": 0.000951, "income_norm": 0.307484, "comp_cafe": 0, "comp_bakery": 0, "comp_confectionery": 0, "gap_cafe": 1638.074247, "gap_bakery": 1793.568725, "gap_confectionery": 4199.542711, "opp_cafe": null, "opp_bakery": null, "opp_confectionery": null, "vegan_coverage": 0.0}}, {"type": "Feature", "geometry": {"type": "Polygon", "coordinates": [[[4.385382746510706, 51.25664753788594], [4.383865480280592, 51.2522879096642], [4.389191345130192, 51.24972688496933], [4.396034952145939, 51.25152536837841], [4.397553112900092, 51.25588506488415], [4.392226772132378, 51.258446209719956], [4.385382746510706, 51.25664753788594]]]}, "properties": {"h3": "881fa4c431fffff", "traffic": 0.7, "transit": 6.0, "offices": 1, "residential": 9.065954, "income": 28061.0, "n_food": 0, "traffic_norm": 0.000779, "transit_norm": 0.032086, "residential_norm": 0.000676, "income_norm": 0.307484, "comp_cafe": 0, "comp_bakery": 0, "comp_confectionery": 0, "gap_cafe": 1999.713767, "gap_bakery": 2402.527745, "gap_confectionery": 3859.331634, "opp_cafe": null, "opp_bakery": null, "opp_confectionery": null, "vegan_coverage": 0.0}}, {"type": "Feature", "geometry": {"type": "Polygon", "coordinates": [[[4.467519682045907, 51.17121635566], [4.465998183135545, 51.16685181559289], [4.471317244685685, 51.16428171916877], [4.478158277544971, 51.166076042302606], [4.479680668657564, 51.17044065031163], [4.474361134727006, 51.17301086726802], [4.467519682045907, 51.17121635566]]]}, "properties": {"h3": "881fa41869fffff", "traffic": 13.2, "transit": 34.0, "offices": 0, "residential": 2892.974422, "income": 46223.893136, "n_food": 1, "traffic_norm": 0.014696, "transit_norm": 0.181818, "residential_norm": 0.215597, "income_norm": 0.506508, "comp_cafe": 2, "comp_bakery": 1, "comp_confectionery": 0, "gap_cafe": 382.471662, "gap_bakery": 860.413619, "gap_confectionery": 1564.086552, "opp_cafe": null, "opp_bakery": null, "opp_confectionery": null, "vegan_coverage": 0.0}}, {"type": "Feature", "geometry": {"type": "Polygon", "coordinates": [[[4.410474932003066, 51.2751191571759], [4.40895537147316, 51.27076050253137], [4.414282663621379, 51.26819911714732], [4.421129991779543, 51.2699962660236], [4.422650447301804, 51.27435498853929], [4.417322679691674, 51.27691649433071], [4.410474932003066, 51.2751191571759]]]}, "properties": {"h3": "881fa4c413fffff", "traffic": 28.8, "transit": 32.0, "offices": 1, "residential": 2406.020018, "income": 35026.59583, "n_food": 1, "traffic_norm": 0.032064, "transit_norm": 0.171123, "residential_norm": 0.179307, "income_norm": 0.383811, "comp_cafe": 1, "comp_bakery": 7, "comp_confectionery": 0, "gap_cafe": 636.598632, "gap_bakery": 404.60261, "gap_confectionery": 5187.328554, "opp_cafe": null, "opp_bakery": null, "opp_confectionery": null, "vegan_coverage": 0.0}}, {"type": "Feature", "geometry": {"type": "Polygon", "coordinates": [[[4.355764316142141, 51.225086484580764], [4.354249974836432, 51.220725168653054], [4.359573386784618, 51.21816404268037], [4.366411616373911, 51.219964112864126], [4.367926851392522, 51.22432549763075], [4.362602963126668, 51.22688674339785], [4.355764316142141, 51.225086484580764]]]}, "properties": {"h3": "881fa4c5e9fffff", "traffic": 2.4, "transit": 28.0, "offices": 1, "residential": 827.261174, "income": 31159.325526, "n_food": 0, "traffic_norm": 0.002672, "transit_norm": 0.149733, "residential_norm": 0.061651, "income_norm": 0.341435, "comp_cafe": 1, "comp_bakery": 0, "comp_confectionery": 0, "gap_cafe": 796.343582, "gap_bakery": 1440.286039, "gap_confectionery": 2614.276643, "opp_cafe": null, "opp_bakery": null, "opp_confectionery": null, "vegan_coverage": 0.0}}, {"type": "Feature", "geometry": {"type": "Polygon", "coordinates": [[[4.415832541378379, 51.201255060419776], [4.414314236551349, 51.196892293205394], [4.419635714887499, 51.194326621712754], [4.426475972342006, 51.19612359724944], [4.427995170206527, 51.20048643278575], [4.42267321759709, 51.20305222448654], [4.415832541378379, 51.201255060419776]]]}, "properties": {"h3": "881fa4c5b7fffff", "traffic": 178.3, "transit": 115.0, "offices": 25, "residential": 9462.449659, "income": 37756.791251, "n_food": 15, "traffic_norm": 0.198508, "transit_norm": 0.614973, "residential_norm": 0.705184, "income_norm": 0.413728, "comp_cafe": 20, "comp_bakery": 18, "comp_confectionery": 3, "gap_cafe": 152.581751, "gap_bakery": 219.330216, "gap_confectionery": 396.130978, "opp_cafe": 0.72973, "opp_bakery": 0.486486, "opp_confectionery": 0.594595, "vegan_coverage": 0.0}}, {"type": "Feature", "geometry": {"type": "Polygon", "coordinates": [[[4.421931407292607, 51.1473458800802], [4.420413852417747, 51.142980114372726], [4.425731097012402, 51.14041119970266], [4.432566369846677, 51.142207930680115], [4.434084816335714, 51.14657376501214], [4.428767098394379, 51.149142799765244], [4.421931407292607, 51.1473458800802]]]}, "properties": {"h3": "881fa41949fffff", "traffic": 1.7, "transit": 8.0, "offices": 0, "residential": 55.153724, "income": 67229.51847, "n_food": 0, "traffic_norm": 0.001893, "transit_norm": 0.042781, "residential_norm": 0.00411, "income_norm": 0.736681, "comp_cafe": 0, "comp_bakery": 0, "comp_confectionery": 0, "gap_cafe": 1360.245442, "gap_bakery": 1285.270281, "gap_confectionery": 4175.763434, "opp_cafe": null, "opp_bakery": null, "opp_confectionery": null, "vegan_coverage": 0.0}}, {"type": "Feature", "geometry": {"type": "Polygon", "coordinates": [[[4.413530891225267, 51.24819906597088], [4.412011706231032, 51.24383890874642], [4.417336876108312, 51.24127590078584], [4.424181705994571, 51.2430729297295], [4.425701785266827, 51.247433154977124], [4.420376140392896, 51.249996283281064], [4.413530891225267, 51.24819906597088]]]}, "properties": {"h3": "881fa4c5dbfffff", "traffic": 14.8, "transit": 38.0, "offices": 3, "residential": 1467.102767, "income": 21700.920964, "n_food": 1, "traffic_norm": 0.016477, "transit_norm": 0.203209, "residential_norm": 0.109335, "income_norm": 0.237792, "comp_cafe": 2, "comp_bakery": 1, "comp_confectionery": 0, "gap_cafe": 219.369134, "gap_bakery": 885.608734, "gap_confectionery": 2199.125962, "opp_cafe": null, "opp_bakery": null, "opp_confectionery": null, "vegan_coverage": 0.0}}, {"type": "Feature", "geometry": {"type": "Polygon", "coordinates": [[[4.328538406048925, 51.14654633314156], [4.327027854523231, 51.142180729545004], [4.33234512784666, 51.139616835898174], [4.339173428700977, 51.141418426555106], [4.340684871890726, 51.145784099842956], [4.335367122579657, 51.14834811280565], [4.328538406048925, 51.14654633314156]]]}, "properties": {"h3": "881fa4cccdfffff", "traffic": 7.1, "transit": 20.0, "offices": 1, "residential": 1149.572336, "income": 43268.987969, "n_food": 0, "traffic_norm": 0.007905, "transit_norm": 0.106952, "residential_norm": 0.085671, "income_norm": 0.474129, "comp_cafe": 0, "comp_bakery": 2, "comp_confectionery": 0, "gap_cafe": 2097.178701, "gap_bakery": 776.011595, "gap_confectionery": 8213.085525, "opp_cafe": null, "opp_bakery": null, "opp_confectionery": null, "vegan_coverage": 0.0}}, {"type": "Feature", "geometry": {"type": "Polygon", "coordinates": [[[4.316913284009535, 51.27427058714], [4.3154007531834, 51.269912087554445], [4.320728070512788, 51.267355729946026], [4.327568396802173, 51.26915775230874], [4.329081822669017, 51.27351632083246], [4.323754027223352, 51.27607279807846], [4.316913284009535, 51.27427058714]]]}, "properties": {"h3": "881fa4c717fffff", "traffic": 0.0, "transit": 4.0, "offices": 0, "residential": 0.0, "income": 0.0, "n_food": 0, "traffic_norm": 0.0, "transit_norm": 0.02139, "residential_norm": 0.0, "income_norm": 0.0, "comp_cafe": 0, "comp_bakery": 0, "comp_confectionery": 0, "gap_cafe": 2944.788775, "gap_bakery": 3738.332393, "gap_confectionery": 7842.669272, "opp_cafe": null, "opp_bakery": null, "opp_confectionery": null, "vegan_coverage": 0.0}}, {"type": "Feature", "geometry": {"type": "Polygon", "coordinates": [[[4.307121698155129, 51.22811710943809], [4.3056109319878, 51.22375607019335], [4.310934625107047, 51.22119774642448], [4.317769562153667, 51.22300034251839], [4.319281222148099, 51.22736145113295], [4.313957051286263, 51.22991989430689], [4.307121698155129, 51.22811710943809]]]}, "properties": {"h3": "881fa4c501fffff", "traffic": 3.7, "transit": 9.0, "offices": 0, "residential": 121.96483, "income": 46443.17631, "n_food": 0, "traffic_norm": 0.004119, "transit_norm": 0.048128, "residential_norm": 0.009089, "income_norm": 0.508911, "comp_cafe": 0, "comp_bakery": 0, "comp_confectionery": 0, "gap_cafe": 1427.591879, "gap_bakery": 1572.694205, "gap_confectionery": 6018.121322, "opp_cafe": null, "opp_bakery": null, "opp_confectionery": null, "vegan_coverage": 0.0}}, {"type": "Feature", "geometry": {"type": "Polygon", "coordinates": [[[4.358104262055269, 51.17813770806684], [4.356590794337662, 51.173773785454685], [4.361910517633643, 51.171209994713855], [4.36874418425675, 51.17301000694781], [4.370258544448125, 51.17737399869723], [4.364938345560369, 51.179937909098534], [4.358104262055269, 51.17813770806684]]]}, "properties": {"h3": "881fa4ce95fffff", "traffic": 14.6, "transit": 65.0, "offices": 0, "residential": 5624.146609, "income": 32148.380451, "n_food": 0, "traffic_norm": 0.016255, "transit_norm": 0.347594, "residential_norm": 0.419136, "income_norm": 0.352272, "comp_cafe": 5, "comp_bakery": 2, "comp_confectionery": 0, "gap_cafe": 717.726354, "gap_bakery": 674.593638, "gap_confectionery": 4203.576673, "opp_cafe": null, "opp_bakery": null, "opp_confectionery": null, "vegan_coverage": 0.0}}, {"type": "Feature", "geometry": {"type": "Polygon", "coordinates": [[[4.348144139990189, 51.23892844844134], [4.346630059818691, 51.234567917224176], [4.351954567259813, 51.232007953198355], [4.358793631619396, 51.2338084006355], [4.360308605874871, 51.2381690006821], [4.354983621704537, 51.240729084485274], [4.348144139990189, 51.23892844844134]]]}, "properties": {"h3": "881fa4c51bfffff", "traffic": 0.0, "transit": 4.0, "offices": 0, "residential": 54.80847, "income": 40865.0, "n_food": 0, "traffic_norm": 0.0, "transit_norm": 0.02139, "residential_norm": 0.004085, "income_norm": 0.447787, "comp_cafe": 0, "comp_bakery": 0, "comp_confectionery": 0, "gap_cafe": 2424.306299, "gap_bakery": 2297.88625, "gap_confectionery": 3633.240032, "opp_cafe": null, "opp_bakery": null, "opp_confectionery": null, "vegan_coverage": 0.0}}, {"type": "Feature", "geometry": {"type": "Polygon", "coordinates": [[[4.458416151530959, 51.25205268128206], [4.456893518609377, 51.24769264534855], [4.462218939009996, 51.24512741284257], [4.469067466119219, 51.2469220955706], [4.470590993381983, 51.25128219899107], [4.465265099212674, 51.25384755221974], [4.458416151530959, 51.25205268128206]]]}, "properties": {"h3": "881fa4c4bdfffff", "traffic": 23.2, "transit": 43.0, "offices": 0, "residential": 3723.914243, "income": 37473.478826, "n_food": 0, "traffic_norm": 0.025829, "transit_norm": 0.229947, "residential_norm": 0.277523, "income_norm": 0.410623, "comp_cafe": 0, "comp_bakery": 2, "comp_confectionery": 0, "gap_cafe": 1032.595825, "gap_bakery": 422.850872, "gap_confectionery": 1556.580295, "opp_cafe": null, "opp_bakery": null, "opp_confectionery": null, "vegan_coverage": 0.0}}, {"type": "Feature", "geometry": {"type": "Polygon", "coordinates": [[[4.272774809384451, 51.290347563219854], [4.271265227643405, 51.28599005664881], [4.27659384734557, 51.283436963967844], [4.283432528404664, 51.28524125855324], [4.284943005641145, 51.28959883445077], [4.27961390634042, 51.292152046459556], [4.272774809384451, 51.290347563219854]]]}, "properties": {"h3": "881fa4c743fffff", "traffic": 0.0, "transit": 4.0, "offices": 1, "residential": 2.372077, "income": 59463.0, "n_food": 0, "traffic_norm": 0.0, "transit_norm": 0.02139, "residential_norm": 0.000177, "income_norm": 0.651578, "comp_cafe": 0, "comp_bakery": 0, "comp_confectionery": 0, "gap_cafe": 2420.518653, "gap_bakery": 3788.25912, "gap_confectionery": 11284.990074, "opp_cafe": null, "opp_bakery": null, "opp_confectionery": null, "vegan_coverage": 0.0}}, {"type": "Feature", "geometry": {"type": "Polygon", "coordinates": [[[4.38009013689172, 51.2235631778549], [4.378574008189383, 51.2192017243821], [4.383897276560657, 51.21663919690829], [4.390737149256149, 51.218438002941674], [4.392254171612779, 51.22279952498784], [4.386930427637509, 51.22536217245039], [4.38009013689172, 51.2235631778549]]]}, "properties": {"h3": "881fa4c58dfffff", "traffic": 299.2, "transit": 68.0, "offices": 1, "residential": 2803.801298, "income": 30721.309794, "n_food": 7, "traffic_norm": 0.333111, "transit_norm": 0.363636, "residential_norm": 0.208952, "income_norm": 0.336635, "comp_cafe": 46, "comp_bakery": 6, "comp_confectionery": 4, "gap_cafe": 42.894361, "gap_bakery": 88.282374, "gap_confectionery": 912.712959, "opp_cafe": 0.108108, "opp_bakery": 0.081081, "opp_confectionery": 0.324324, "vegan_coverage": 0.0}}, {"type": "Feature", "geometry": {"type": "Polygon", "coordinates": [[[4.373213129635763, 51.25740867693333], [4.371696757959252, 51.253049117128405], [4.377022695134891, 51.25048879350413], [4.383865480280592, 51.2522879096642], [4.385382746510706, 51.25664753788594], [4.380056333059391, 51.25920798155394], [4.373213129635763, 51.25740867693333]]]}, "properties": {"h3": "881fa4c43dfffff", "traffic": 0.7, "transit": 8.0, "offices": 0, "residential": 0.138788, "income": 0.0, "n_food": 0, "traffic_norm": 0.000779, "transit_norm": 0.042781, "residential_norm": 1e-05, "income_norm": 0.0, "comp_cafe": 0, "comp_bakery": 0, "comp_confectionery": 0, "gap_cafe": 2800.457506, "gap_bakery": 2759.004688, "gap_confectionery": 4143.566268, "opp_cafe": null, "opp_bakery": null, "opp_confectionery": null, "vegan_coverage": 0.0}}, {"type": "Feature", "geometry": {"type": "Polygon", "coordinates": [[[4.289006384184268, 51.17576891579667], [4.287498140572812, 51.171405018926045], [4.29281773656785, 51.168844848118134], [4.299646053709995, 51.17064845511834], [4.30115518978022, 51.17501242192709], [4.295835116266875, 51.17757271182058], [4.289006384184268, 51.17576891579667]]]}, "properties": {"h3": "881fa4ceedfffff", "traffic": 1.0, "transit": 4.0, "offices": 0, "residential": 248.258569, "income": 58854.062559, "n_food": 0, "traffic_norm": 0.001113, "transit_norm": 0.02139, "residential_norm": 0.018501, "income_norm": 0.644905, "comp_cafe": 1, "comp_bakery": 0, "comp_confectionery": 0, "gap_cafe": 1178.796418, "gap_bakery": 1300.75806, "gap_confectionery": 8322.925985, "opp_cafe": null, "opp_bakery": null, "opp_confectionery": null, "vegan_coverage": 0.0}}, {"type": "Feature", "geometry": {"type": "Polygon", "coordinates": [[[4.319281222148099, 51.22736145113295], [4.317769562153667, 51.22300034251839], [4.323093185727803, 51.22044131829874], [4.329928946700554, 51.222243283214226], [4.331441500493947, 51.22660446106589], [4.326117399533137, 51.229163604788056], [4.319281222148099, 51.22736145113295]]]}, "properties": {"h3": "881fa4c503fffff", "traffic": 9.4, "transit": 11.0, "offices": 0, "residential": 717.498044, "income": 50159.23053, "n_food": 0, "traffic_norm": 0.010465, "transit_norm": 0.058824, "residential_norm": 0.053471, "income_norm": 0.54963, "comp_cafe": 1, "comp_bakery": 1, "comp_confectionery": 0, "gap_cafe": 830.077278, "gap_bakery": 1033.479458, "gap_confectionery": 5167.244061, "opp_cafe": null, "opp_bakery": null, "opp_confectionery": null, "vegan_coverage": 0.0}}, {"type": "Feature", "geometry": {"type": "Polygon", "coordinates": [[[4.370141562519694, 51.284320412267576], [4.368624817600364, 51.27996235480024], [4.373952877240082, 51.27740365444745], [4.380798158559415, 51.279202891477475], [4.382315798746845, 51.28356101720953], [4.376987262364743, 51.28611983767001], [4.370141562519694, 51.284320412267576]]]}, "properties": {"h3": "881fa4c455fffff", "traffic": 1.0, "transit": 8.0, "offices": 0, "residential": 0.036515, "income": 0.0, "n_food": 0, "traffic_norm": 0.001113, "transit_norm": 0.042781, "residential_norm": 3e-06, "income_norm": 0.0, "comp_cafe": 0, "comp_bakery": 0, "comp_confectionery": 0, "gap_cafe": 2985.664448, "gap_bakery": 2582.337626, "gap_confectionery": 7081.246181, "opp_cafe": null, "opp_bakery": null, "opp_confectionery": null, "vegan_coverage": 0.0}}, {"type": "Feature", "geometry": {"type": "Polygon", "coordinates": [[[4.361175543621082, 51.151186475384826], [4.359662447265218, 51.146821054792134], [4.364980054857109, 51.144255641670995], [4.371811233949526, 51.14605552956719], [4.373325222068081, 51.150421019448366], [4.368007139349219, 51.15298655216793], [4.361175543621082, 51.151186475384826]]]}, "properties": {"h3": "881fa4ccddfffff", "traffic": 2.7, "transit": 12.0, "offices": 0, "residential": 10.624202, "income": 59737.0, "n_food": 0, "traffic_norm": 0.003006, "transit_norm": 0.064171, "residential_norm": 0.000792, "income_norm": 0.65458, "comp_cafe": 0, "comp_bakery": 0, "comp_confectionery": 0, "gap_cafe": 1534.590805, "gap_bakery": 1492.728624, "gap_confectionery": 6092.674467, "opp_cafe": null, "opp_bakery": null, "opp_confectionery": null, "vegan_coverage": 0.0}}, {"type": "Feature", "geometry": {"type": "Polygon", "coordinates": [[[4.299493808869082, 51.24195291521513], [4.29798330531884, 51.23759266064284], [4.30330809279158, 51.23503549906552], [4.31014386198652, 51.236838472695794], [4.311655259734385, 51.24119879662836], [4.306329994107123, 51.243756077593495], [4.299493808869082, 51.24195291521513]]]}, "properties": {"h3": "881fa4c543fffff", "traffic": 0.0, "transit": 0.0, "offices": 2, "residential": 0.077286, "income": 46230.0, "n_food": 0, "traffic_norm": 0.0, "transit_norm": 0.0, "residential_norm": 6e-06, "income_norm": 0.506575, "comp_cafe": 0, "comp_bakery": 0, "comp_confectionery": 0, "gap_cafe": 2040.352812, "gap_bakery": 2333.557679, "gap_confectionery": 6871.024227, "opp_cafe": null, "opp_bakery": null, "opp_confectionery": null, "vegan_coverage": 0.0}}, {"type": "Feature", "geometry": {"type": "Polygon", "coordinates": [[[4.270647662541529, 51.23037609644936], [4.269139578022034, 51.22601526611007], [4.274463476786908, 51.22345904329116], [4.281295938897828, 51.2252635317222], [4.282804917327437, 51.22962443182929], [4.277480539753301, 51.23218077376066], [4.270647662541529, 51.23037609644936]]]}, "properties": {"h3": "881fa4c569fffff", "traffic": 9.2, "transit": 11.0, "offices": 0, "residential": 1687.958962, "income": 56273.481351, "n_food": 0, "traffic_norm": 0.010243, "transit_norm": 0.058824, "residential_norm": 0.125794, "income_norm": 0.616628, "comp_cafe": 0, "comp_bakery": 1, "comp_confectionery": 0, "gap_cafe": 2854.092273, "gap_bakery": 854.775824, "gap_confectionery": 8570.313795, "opp_cafe": null, "opp_bakery": null, "opp_confectionery": null, "vegan_coverage": 0.0}}, {"type": "Feature", "geometry": {"type": "Polygon", "coordinates": [[[4.365591961947887, 51.271245522711006], [4.364075851130662, 51.266886748169284], [4.369402885289362, 51.26432758669942], [4.376246506970818, 51.2661270797674], [4.377763512713481, 51.270485922716325], [4.37243600186709, 51.27304520421324], [4.365591961947887, 51.271245522711006]]]}, "properties": {"h3": "881fa4c401fffff", "traffic": 2.0, "transit": 10.0, "offices": 2, "residential": 0.135254, "income": 0.0, "n_food": 0, "traffic_norm": 0.002227, "transit_norm": 0.053476, "residential_norm": 1e-05, "income_norm": 0.0, "comp_cafe": 0, "comp_bakery": 0, "comp_confectionery": 0, "gap_cafe": 3438.734608, "gap_bakery": 2994.749102, "gap_confectionery": 5771.037694, "opp_cafe": null, "opp_bakery": null, "opp_confectionery": null, "vegan_coverage": 0.0}}, {"type": "Feature", "geometry": {"type": "Polygon", "coordinates": [[[4.406666521269878, 51.28203822337141], [4.405147090635203, 51.277679961508234], [4.410474932003066, 51.2751191571759], [4.417322679691674, 51.27691649433071], [4.418843005504994, 51.281274824060205], [4.413514688469152, 51.28383574879174], [4.406666521269878, 51.28203822337141]]]}, "properties": {"h3": "881fa4c41bfffff", "traffic": 33.9, "transit": 26.0, "offices": 1, "residential": 3196.532696, "income": 40731.75227, "n_food": 2, "traffic_norm": 0.037742, "transit_norm": 0.139037, "residential_norm": 0.23822, "income_norm": 0.446326, "comp_cafe": 1, "comp_bakery": 8, "comp_confectionery": 0, "gap_cafe": 444.178817, "gap_bakery": 194.992618, "gap_confectionery": 5952.766007, "opp_cafe": null, "opp_bakery": null, "opp_confectionery": null, "vegan_coverage": 0.0}}, {"type": "Feature", "geometry": {"type": "Polygon", "coordinates": [[[4.471317244685685, 51.16428171916877], [4.469795617218205, 51.15991678716304], [4.475114130575198, 51.15734611032151], [4.481954743593611, 51.159140244968114], [4.483477263077535, 51.16350524492036], [4.478158277544971, 51.166076042302606], [4.471317244685685, 51.16428171916877]]]}, "properties": {"h3": "881fa41861fffff", "traffic": 27.4, "transit": 44.0, "offices": 0, "residential": 1440.892452, "income": 50090.499239, "n_food": 0, "traffic_norm": 0.030505, "transit_norm": 0.235294, "residential_norm": 0.107382, "income_norm": 0.548877, "comp_cafe": 3, "comp_bakery": 4, "comp_confectionery": 1, "gap_cafe": 543.00056, "gap_bakery": 826.303718, "gap_confectionery": 1170.380131, "opp_cafe": null, "opp_bakery": null, "opp_confectionery": null, "vegan_coverage": 0.0}}, {"type": "Feature", "geometry": {"type": "Polygon", "coordinates": [[[4.399865840607651, 51.20894905113579], [4.398348558565445, 51.204586744561176], [4.403670658310618, 51.20202235463364], [4.410510514951789, 51.2038201512011], [4.412028690247214, 51.20818252622569], [4.406706115666204, 51.21074703625598], [4.399865840607651, 51.20894905113579]]]}, "properties": {"h3": "881fa4c5bdfffff", "traffic": 352.3, "transit": 121.0, "offices": 14, "residential": 9067.792376, "income": 39899.36374, "n_food": 10, "traffic_norm": 0.392229, "transit_norm": 0.647059, "residential_norm": 0.675772, "income_norm": 0.437205, "comp_cafe": 57, "comp_bakery": 16, "comp_confectionery": 6, "gap_cafe": 176.211864, "gap_bakery": 206.483025, "gap_confectionery": 439.154069, "opp_cafe": 0.432432, "opp_bakery": 0.513514, "opp_confectionery": 0.486486, "vegan_coverage": 0.0}}, {"type": "Feature", "geometry": {"type": "Polygon", "coordinates": [[[4.447760344479619, 51.18585554459202], [4.446239995538386, 51.18149185662716], [4.45156022890511, 51.17892362211439], [4.458401284379348, 51.18071895517095], [4.45992252592545, 51.18508271120137], [4.454601819410682, 51.18765106613282], [4.447760344479619, 51.18585554459202]]]}, "properties": {"h3": "881fa41b19fffff", "traffic": 18.2, "transit": 37.0, "offices": 1, "residential": 865.303543, "income": 52034.778154, "n_food": 1, "traffic_norm": 0.020263, "transit_norm": 0.197861, "residential_norm": 0.064486, "income_norm": 0.570182, "comp_cafe": 2, "comp_bakery": 2, "comp_confectionery": 1, "gap_cafe": 374.317966, "gap_bakery": 1248.937073, "gap_confectionery": 1209.639751, "opp_cafe": null, "opp_bakery": null, "opp_confectionery": null, "vegan_coverage": 0.0}}, {"type": "Feature", "geometry": {"type": "Polygon", "coordinates": [[[4.294247439281571, 51.2088680423572], [4.292738066445712, 51.20450596566416], [4.298060256960088, 51.201947299419565], [4.304892298164061, 51.2037505906548], [4.306402564327521, 51.208112736997194], [4.301079895976799, 51.21067152247811], [4.294247439281571, 51.2088680423572]]]}, "properties": {"h3": "881fa4c521fffff", "traffic": 0.0, "transit": 5.0, "offices": 0, "residential": 186.231801, "income": 54187.224353, "n_food": 0, "traffic_norm": 0.0, "transit_norm": 0.026738, "residential_norm": 0.013879, "income_norm": 0.593768, "comp_cafe": 0, "comp_bakery": 0, "comp_confectionery": 0, "gap_cafe": 2364.136253, "gap_bakery": 2047.35912, "gap_confectionery": 6789.963352, "opp_cafe": null, "opp_bakery": null, "opp_confectionery": null, "vegan_coverage": 0.0}}, {"type": "Feature", "geometry": {"type": "Polygon", "coordinates": [[[4.404418954528269, 51.222034538764504], [4.402901038547036, 51.21767294827772], [4.408224161346387, 51.21510901903807], [4.415065675034528, 51.21690656012548], [4.416584484610407, 51.221268218920066], [4.41126088692153, 51.22383226834256], [4.404418954528269, 51.222034538764504]]]}, "properties": {"h3": "881fa4c583fffff", "traffic": 898.2, "transit": 181.0, "offices": 37, "residential": 5681.574654, "income": 36651.347526, "n_food": 36, "traffic_norm": 1.0, "transit_norm": 0.967914, "residential_norm": 0.423416, "income_norm": 0.401615, "comp_cafe": 142, "comp_bakery": 27, "comp_confectionery": 17, "gap_cafe": 116.755678, "gap_bakery": 287.453186, "gap_confectionery": 194.222881, "opp_cafe": 0.216216, "opp_bakery": 0.297297, "opp_confectionery": 0.216216, "vegan_coverage": 0.027778}}, {"type": "Feature", "geometry": {"type": "Polygon", "coordinates": [[[4.325455064015253, 51.173495443412676], [4.323944143110854, 51.169131337125634], [4.329263531532721, 51.16656906630086], [4.336094317329873, 51.168370782408545], [4.337606130609116, 51.17273495823568], [4.33228626573391, 51.17529734843808], [4.325455064015253, 51.173495443412676]]]}, "properties": {"h3": "881fa4ce85fffff", "traffic": 1.7, "transit": 34.0, "offices": 0, "residential": 221.337541, "income": 29871.0, "n_food": 0, "traffic_norm": 0.001893, "transit_norm": 0.181818, "residential_norm": 0.016495, "income_norm": 0.327318, "comp_cafe": 1, "comp_bakery": 0, "comp_confectionery": 0, "gap_cafe": 958.241466, "gap_bakery": 1483.695357, "gap_confectionery": 6296.943428, "opp_cafe": null, "opp_bakery": null, "opp_confectionery": null, "vegan_coverage": 0.0}}, {"type": "Feature", "geometry": {"type": "Polygon", "coordinates": [[[4.452322661032792, 51.19894517620081], [4.450801677184784, 51.19458220441924], [4.456122932149466, 51.192014430065306], [4.462965644180909, 51.193809507017505], [4.46448752097444, 51.198172546722446], [4.459165792809251, 51.20074044157497], [4.452322661032792, 51.19894517620081]]]}, "properties": {"h3": "881fa41a2dfffff", "traffic": 28.0, "transit": 58.0, "offices": 0, "residential": 4396.910921, "income": 38644.337216, "n_food": 3, "traffic_norm": 0.031173, "transit_norm": 0.31016, "residential_norm": 0.327677, "income_norm": 0.423453, "comp_cafe": 6, "comp_bakery": 4, "comp_confectionery": 0, "gap_cafe": 227.063547, "gap_bakery": 770.764229, "gap_confectionery": 1986.268505, "opp_cafe": 0.756757, "opp_bakery": 0.972973, "opp_confectionery": 0.810811, "vegan_coverage": 0.333333}}, {"type": "Feature", "geometry": {"type": "Polygon", "coordinates": [[[4.463721442508381, 51.17815001970193], [4.462200072238431, 51.17378587162661], [4.467519682045907, 51.17121635566], [4.474361134727006, 51.17301086726802], [4.475883397384931, 51.17737508328065], [4.470563314992119, 51.179944719771065], [4.463721442508381, 51.17815001970193]]]}, "properties": {"h3": "881fa41b13fffff", "traffic": 8.1, "transit": 35.0, "offices": 0, "residential": 1866.000421, "income": 44567.401584, "n_food": 0, "traffic_norm": 0.009018, "transit_norm": 0.187166, "residential_norm": 0.139063, "income_norm": 0.488356, "comp_cafe": 2, "comp_bakery": 0, "comp_confectionery": 0, "gap_cafe": 1048.261167, "gap_bakery": 1194.951532, "gap_confectionery": 2202.75717, "opp_cafe": null, "opp_bakery": null, "opp_confectionery": null, "vegan_coverage": 0.0}}, {"type": "Feature", "geometry": {"type": "Polygon", "coordinates": [[[4.445480842784053, 51.23281552867127], [4.443959610767917, 51.22845445053662], [4.449283534195811, 51.22588887842561], [4.456129163527208, 51.227684263918675], [4.457651289387938, 51.23204540982031], [4.452326892090913, 51.23461110248505], [4.445480842784053, 51.23281552867127]]]}, "properties": {"h3": "881fa41a4dfffff", "traffic": 30.7, "transit": 58.0, "offices": 0, "residential": 8620.993032, "income": 27086.019135, "n_food": 1, "traffic_norm": 0.034179, "transit_norm": 0.31016, "residential_norm": 0.642475, "income_norm": 0.296801, "comp_cafe": 5, "comp_bakery": 3, "comp_confectionery": 0, "gap_cafe": 387.205403, "gap_bakery": 431.691447, "gap_confectionery": 1717.450348, "opp_cafe": null, "opp_bakery": null, "opp_confectionery": null, "vegan_coverage": 0.0}}, {"type": "Feature", "geometry": {"type": "Polygon", "coordinates": [[[4.281381647056056, 51.18961413280249], [4.279873666198247, 51.18525101972299], [4.285194354395966, 51.182692010722235], [4.292023501398212, 51.1844959957563], [4.293532375084236, 51.18885917876462], [4.288211208957137, 51.19141830683315], [4.281381647056056, 51.18961413280249]]]}, "properties": {"h3": "881fa4ce11fffff", "traffic": 2.0, "transit": 4.0, "offices": 0, "residential": 57.320881, "income": 44544.443041, "n_food": 1, "traffic_norm": 0.002227, "transit_norm": 0.02139, "residential_norm": 0.004272, "income_norm": 0.488105, "comp_cafe": 2, "comp_bakery": 0, "comp_confectionery": 0, "gap_cafe": 286.241588, "gap_bakery": 2771.955098, "gap_confectionery": 8140.130354, "opp_cafe": null, "opp_bakery": null, "opp_confectionery": null, "vegan_coverage": 0.0}}, {"type": "Feature", "geometry": {"type": "Polygon", "coordinates": [[[4.335980426320909, 51.239686563508], [4.334467240262136, 51.23532610125297], [4.339791818459315, 51.23276683793953], [4.346630059818691, 51.234567917224176], [4.348144139990189, 51.23892844844134], [4.342819084707203, 51.24148783143487], [4.335980426320909, 51.239686563508]]]}, "properties": {"h3": "881fa4c519fffff", "traffic": 0.0, "transit": 2.0, "offices": 0, "residential": 8.576003, "income": 40865.0, "n_food": 0, "traffic_norm": 0.0, "transit_norm": 0.010695, "residential_norm": 0.000639, "income_norm": 0.447787, "comp_cafe": 0, "comp_bakery": 0, "comp_confectionery": 0, "gap_cafe": 2317.554726, "gap_bakery": 2509.753019, "gap_confectionery": 4419.500139, "opp_cafe": null, "opp_bakery": null, "opp_confectionery": null, "vegan_coverage": 0.0}}, {"type": "Feature", "geometry": {"type": "Polygon", "coordinates": [[[4.406725881626563, 51.17507487855128], [4.40520884418986, 51.170710680186644], [4.410528278355639, 51.168144087575854], [4.417365224142594, 51.1699415733043], [4.418883153934848, 51.17430584027509], [4.413563245602595, 51.17687255293439], [4.406725881626563, 51.17507487855128]]]}, "properties": {"h3": "881fa41b0dfffff", "traffic": 30.5, "transit": 61.0, "offices": 1, "residential": 2135.37601, "income": 43393.254428, "n_food": 0, "traffic_norm": 0.033957, "transit_norm": 0.326203, "residential_norm": 0.159138, "income_norm": 0.47549, "comp_cafe": 4, "comp_bakery": 3, "comp_confectionery": 0, "gap_cafe": 891.760271, "gap_bakery": 572.167133, "gap_confectionery": 1963.624997, "opp_cafe": null, "opp_bakery": null, "opp_confectionery": null, "vegan_coverage": 0.0}}, {"type": "Feature", "geometry": {"type": "Polygon", "coordinates": [[[4.298776819393737, 51.22195284312061], [4.297266815713758, 51.21759148112568], [4.302590030940515, 51.21503327667312], [4.309423727757151, 51.216836314922304], [4.310934625107047, 51.22119774642448], [4.3056109319878, 51.22375607019335], [4.298776819393737, 51.22195284312061]]]}, "properties": {"h3": "881fa4c505fffff", "traffic": 3.7, "transit": 17.0, "offices": 0, "residential": 149.794185, "income": 53004.149952, "n_food": 0, "traffic_norm": 0.004119, "transit_norm": 0.090909, "residential_norm": 0.011163, "income_norm": 0.580804, "comp_cafe": 0, "comp_bakery": 0, "comp_confectionery": 0, "gap_cafe": 1728.826609, "gap_bakery": 1491.770411, "gap_confectionery": 6500.552287, "opp_cafe": null, "opp_bakery": null, "opp_confectionery": null, "vegan_coverage": 0.0}}, {"type": "Feature", "geometry": {"type": "Polygon", "coordinates": [[[4.485021422904055, 51.20355536429227], [4.483497888729545, 51.19919258135706], [4.4888194647707, 51.19662328407709], [4.49566504733589, 51.19841664897531], [4.497189474547818, 51.20277949943057], [4.491867426175582, 51.205348917490724], [4.485021422904055, 51.20355536429227]]]}, "properties": {"h3": "881fa41a3dfffff", "traffic": 14.2, "transit": 33.0, "offices": 1, "residential": 2335.556549, "income": 39518.200278, "n_food": 0, "traffic_norm": 0.015809, "transit_norm": 0.176471, "residential_norm": 0.174056, "income_norm": 0.433029, "comp_cafe": 2, "comp_bakery": 1, "comp_confectionery": 0, "gap_cafe": 873.207233, "gap_bakery": 1043.202135, "gap_confectionery": 4070.762325, "opp_cafe": null, "opp_bakery": null, "opp_confectionery": null, "vegan_coverage": 0.0}}, {"type": "Feature", "geometry": {"type": "Polygon", "coordinates": [[[4.402857431273793, 51.288956315642615], [4.401338130618289, 51.284598446612925], [4.406666521269878, 51.28203822337141], [4.413514688469152, 51.28383574879174], [4.415034884489598, 51.288193685682906], [4.409706017963916, 51.29075402931545], [4.402857431273793, 51.288956315642615]]]}, "properties": {"h3": "881fa4c6a5fffff", "traffic": 10.2, "transit": 12.0, "offices": 0, "residential": 479.654387, "income": 45616.660033, "n_food": 0, "traffic_norm": 0.011356, "transit_norm": 0.064171, "residential_norm": 0.035746, "income_norm": 0.499854, "comp_cafe": 0, "comp_bakery": 3, "comp_confectionery": 0, "gap_cafe": 1146.069446, "gap_bakery": 654.681668, "gap_confectionery": 6592.950591, "opp_cafe": null, "opp_bakery": null, "opp_confectionery": null, "vegan_coverage": 0.0}}, {"type": "Feature", "geometry": {"type": "Polygon", "coordinates": [[[4.32145214186476, 51.28734465296742], [4.319938978308228, 51.282986869886564], [4.325267321977074, 51.28043097390678], [4.332109307392103, 51.282232741312825], [4.333623366332413, 51.28659059318942], [4.328294544491511, 51.28914660888742], [4.32145214186476, 51.28734465296742]]]}, "properties": {"h3": "881fa4c71bfffff", "traffic": 0.0, "transit": 0.0, "offices": 0, "residential": 0.0, "income": 0.0, "n_food": 0, "traffic_norm": 0.0, "transit_norm": 0.0, "residential_norm": 0.0, "income_norm": 0.0, "comp_cafe": 0, "comp_bakery": 0, "comp_confectionery": 0, "gap_cafe": 3810.07962, "gap_bakery": 4904.249932, "gap_confectionery": 8785.158515, "opp_cafe": null, "opp_bakery": null, "opp_confectionery": null, "vegan_coverage": 0.0}}, {"type": "Feature", "geometry": {"type": "Polygon", "coordinates": [[[4.475114130575198, 51.15734611032151], [4.473592374633981, 51.15298078643045], [4.478910339862049, 51.15040952921171], [4.485750533020526, 51.15220347535797], [4.487273180792505, 51.15656886720019], [4.481954743593611, 51.159140244968114], [4.475114130575198, 51.15734611032151]]]}, "properties": {"h3": "881fa41867fffff", "traffic": 22.3, "transit": 41.0, "offices": 2, "residential": 1429.097844, "income": 55962.890329, "n_food": 1, "traffic_norm": 0.024827, "transit_norm": 0.219251, "residential_norm": 0.106503, "income_norm": 0.613225, "comp_cafe": 2, "comp_bakery": 3, "comp_confectionery": 1, "gap_cafe": 448.198667, "gap_bakery": 523.008463, "gap_confectionery": 1273.929528, "opp_cafe": null, "opp_bakery": null, "opp_confectionery": null, "vegan_coverage": 0.0}}, {"type": "Feature", "geometry": {"type": "Polygon", "coordinates": [[[4.333797948417475, 51.179661132377504], [4.33228626573391, 51.17529734843808], [4.337606130609116, 51.17273495823568], [4.344438154488743, 51.17453623252968], [4.345950729703678, 51.178900085871845], [4.340630388525209, 51.181462595540346], [4.333797948417475, 51.179661132377504]]]}, "properties": {"h3": "881fa4ce81fffff", "traffic": 6.4, "transit": 52.0, "offices": 2, "residential": 1755.93013, "income": 40658.71703, "n_food": 0, "traffic_norm": 0.007125, "transit_norm": 0.278075, "residential_norm": 0.13086, "income_norm": 0.445526, "comp_cafe": 3, "comp_bakery": 1, "comp_confectionery": 0, "gap_cafe": 526.993535, "gap_bakery": 847.611517, "gap_confectionery": 5437.537811, "opp_cafe": null, "opp_bakery": null, "opp_confectionery": null, "vegan_coverage": 0.0}}, {"type": "Feature", "geometry": {"type": "Polygon", "coordinates": [[[4.478193949665719, 51.23742915071349], [4.476670164856831, 51.23306826216279], [4.481994410440618, 51.230501166625345], [4.48884291385043, 51.23229483882604], [4.490367592596335, 51.23665579474036], [4.485042874013813, 51.23922301111351], [4.478193949665719, 51.23742915071349]]]}, "properties": {"h3": "881fa41a5dfffff", "traffic": 10.5, "transit": 20.0, "offices": 0, "residential": 1349.483627, "income": 33099.406425, "n_food": 0, "traffic_norm": 0.01169, "transit_norm": 0.106952, "residential_norm": 0.10057, "income_norm": 0.362693, "comp_cafe": 1, "comp_bakery": 1, "comp_confectionery": 0, "gap_cafe": 1174.631458, "gap_bakery": 807.900743, "gap_confectionery": 1939.779127, "opp_cafe": null, "opp_bakery": null, "opp_confectionery": null, "vegan_coverage": 0.0}}, {"type": "Feature", "geometry": {"type": "Polygon", "coordinates": [[[4.397626822441282, 51.14888611341729], [4.396111050885186, 51.14452048535739], [4.401428442170394, 51.141952971503855], [4.408262079089009, 51.14375096584392], [4.409778742319459, 51.14811666279401], [4.404460876974863, 51.150684296536895], [4.397626822441282, 51.14888611341729]]]}, "properties": {"h3": "881fa41b25fffff", "traffic": 3.0, "transit": 21.0, "offices": 0, "residential": 89.951834, "income": 62074.891519, "n_food": 0, "traffic_norm": 0.00334, "transit_norm": 0.112299, "residential_norm": 0.006704, "income_norm": 0.680198, "comp_cafe": 1, "comp_bakery": 0, "comp_confectionery": 0, "gap_cafe": 941.402581, "gap_bakery": 1994.038725, "gap_confectionery": 4577.869495, "opp_cafe": null, "opp_bakery": null, "opp_confectionery": null, "vegan_coverage": 0.0}}, {"type": "Feature", "geometry": {"type": "Polygon", "coordinates": [[[4.34975794882311, 51.17197314209122], [4.348245243197476, 51.16760889685669], [4.353564490751103, 51.165045225687926], [4.360396919690381, 51.166845680204695], [4.361910517633643, 51.171209994713855], [4.356590794337662, 51.173773785454685], [4.34975794882311, 51.17197314209122]]]}, "properties": {"h3": "881fa4ceb9fffff", "traffic": 10.2, "transit": 49.0, "offices": 1, "residential": 2752.747544, "income": 38164.140388, "n_food": 0, "traffic_norm": 0.011356, "transit_norm": 0.262032, "residential_norm": 0.205147, "income_norm": 0.418191, "comp_cafe": 2, "comp_bakery": 1, "comp_confectionery": 0, "gap_cafe": 949.204126, "gap_bakery": 711.186071, "gap_confectionery": 5100.614393, "opp_cafe": null, "opp_bakery": null, "opp_confectionery": null, "vegan_coverage": 0.0}}, {"type": "Feature", "geometry": {"type": "Polygon", "coordinates": [[[4.450808540814853, 51.26590029763073], [4.449286166146834, 51.26154104702759], [4.454612685515293, 51.25897697624205], [4.461462053750214, 51.26077203537643], [4.46298532313223, 51.265131353456994], [4.457658329583666, 51.26769554494893], [4.450808540814853, 51.26590029763073]]]}, "properties": {"h3": "881fa4c481fffff", "traffic": 19.5, "transit": 47.0, "offices": 0, "residential": 85.01441, "income": 45328.0, "n_food": 0, "traffic_norm": 0.02171, "transit_norm": 0.251337, "residential_norm": 0.006336, "income_norm": 0.496691, "comp_cafe": 0, "comp_bakery": 2, "comp_confectionery": 0, "gap_cafe": 2287.129113, "gap_bakery": 1215.49417, "gap_confectionery": 2396.048482, "opp_cafe": null, "opp_bakery": null, "opp_confectionery": null, "vegan_coverage": 0.0}}, {"type": "Feature", "geometry": {"type": "Polygon", "coordinates": [[[4.361910517633643, 51.171209994713855], [4.360396919690381, 51.166845680204695], [4.365716096063829, 51.16428130876449], [4.372549345784808, 51.166081132187344], [4.374063836016732, 51.17044551583841], [4.36874418425675, 51.17301000694781], [4.361910517633643, 51.171209994713855]]]}, "properties": {"h3": "881fa4cebbfffff", "traffic": 5.8, "transit": 56.0, "offices": 0, "residential": 1564.00526, "income": 27416.408162, "n_food": 0, "traffic_norm": 0.006457, "transit_norm": 0.299465, "residential_norm": 0.116557, "income_norm": 0.300421, "comp_cafe": 3, "comp_bakery": 0, "comp_confectionery": 0, "gap_cafe": 1120.75765, "gap_bakery": 1353.902384, "gap_confectionery": 4623.078211, "opp_cafe": null, "opp_bakery": null, "opp_confectionery": null, "vegan_coverage": 0.0}}, {"type": "Feature", "geometry": {"type": "Polygon", "coordinates": [[[4.365716096063829, 51.16428130876449], [4.364202367978531, 51.159916602411464], [4.369520997492918, 51.15735165031166], [4.376353830291746, 51.15915128491005], [4.377868450480591, 51.16351606040962], [4.372549345784808, 51.166081132187344], [4.365716096063829, 51.16428130876449]]]}, "properties": {"h3": "881fa4ceb3fffff", "traffic": 4.8, "transit": 43.0, "offices": 2, "residential": 92.41336, "income": 38987.21111, "n_food": 0, "traffic_norm": 0.005344, "transit_norm": 0.229947, "residential_norm": 0.006887, "income_norm": 0.42721, "comp_cafe": 1, "comp_bakery": 0, "comp_confectionery": 0, "gap_cafe": 508.597047, "gap_bakery": 1743.996711, "gap_confectionery": 5048.012721, "opp_cafe": null, "opp_bakery": null, "opp_confectionery": null, "vegan_coverage": 0.0}}, {"type": "Feature", "geometry": {"type": "Polygon", "coordinates": [[[4.472129397897025, 51.29128223387984], [4.470604854454547, 51.28692435258848], [4.475933346101495, 51.28436050036115], [4.482786855135089, 51.286154408483796], [4.484312293944023, 51.29051235683465], [4.478983328371394, 51.29307633002658], [4.472129397897025, 51.29128223387984]]]}, "properties": {"h3": "881fa4c4dbfffff", "traffic": 16.1, "transit": 12.0, "offices": 0, "residential": 700.341552, "income": 60733.840766, "n_food": 0, "traffic_norm": 0.017925, "transit_norm": 0.064171, "residential_norm": 0.052193, "income_norm": 0.665503, "comp_cafe": 2, "comp_bakery": 2, "comp_confectionery": 0, "gap_cafe": 857.696318, "gap_bakery": 800.240268, "gap_confectionery": 4094.54477, "opp_cafe": null, "opp_bakery": null, "opp_confectionery": null, "vegan_coverage": 0.0}}, {"type": "Feature", "geometry": {"type": "Polygon", "coordinates": [[[4.459157966632776, 51.1650568595441], [4.457637231213019, 51.160691995617796], [4.462955820230007, 51.15812201963777], [4.469795617218205, 51.15991678716304], [4.471317244685685, 51.16428171916877], [4.465998183135545, 51.16685181559289], [4.459157966632776, 51.1650568595441]]]}, "properties": {"h3": "881fa4186dfffff", "traffic": 24.0, "transit": 56.0, "offices": 3, "residential": 2377.672277, "income": 50700.38087, "n_food": 0, "traffic_norm": 0.02672, "transit_norm": 0.299465, "residential_norm": 0.177195, "income_norm": 0.55556, "comp_cafe": 3, "comp_bakery": 3, "comp_confectionery": 0, "gap_cafe": 576.970183, "gap_bakery": 1052.179142, "gap_confectionery": 2011.294996, "opp_cafe": null, "opp_bakery": null, "opp_confectionery": null, "vegan_coverage": 0.0}}, {"type": "Feature", "geometry": {"type": "Polygon", "coordinates": [[[4.447003717281571, 51.27282264535647], [4.445481471865935, 51.26846378749698], [4.450808540814853, 51.26590029763073], [4.457658329583666, 51.26769554494893], [4.459181469899733, 51.272054470281034], [4.453853926564873, 51.27461808084556], [4.447003717281571, 51.27282264535647]]]}, "properties": {"h3": "881fa4c489fffff", "traffic": 7.5, "transit": 25.0, "offices": 0, "residential": 1044.818092, "income": 56306.368328, "n_food": 0, "traffic_norm": 0.00835, "transit_norm": 0.13369, "residential_norm": 0.077864, "income_norm": 0.616988, "comp_cafe": 0, "comp_bakery": 0, "comp_confectionery": 0, "gap_cafe": 1476.030918, "gap_bakery": 1120.170426, "gap_confectionery": 3063.977082, "opp_cafe": null, "opp_bakery": null, "opp_confectionery": null, "vegan_coverage": 0.0}}, {"type": "Feature", "geometry": {"type": "Polygon", "coordinates": [[[4.285194354395966, 51.182692010722235], [4.283686242119409, 51.1783285057207], [4.289006384184268, 51.17576891579667], [4.295835116266875, 51.17757271182058], [4.297344121186926, 51.1819362867556], [4.292023501398212, 51.1844959957563], [4.285194354395966, 51.182692010722235]]]}, "properties": {"h3": "881fa4ce17fffff", "traffic": 2.0, "transit": 3.0, "offices": 0, "residential": 83.506539, "income": 49486.965929, "n_food": 1, "traffic_norm": 0.002227, "transit_norm": 0.016043, "residential_norm": 0.006223, "income_norm": 0.542263, "comp_cafe": 2, "comp_bakery": 0, "comp_confectionery": 0, "gap_cafe": 364.3713, "gap_bakery": 2006.19295, "gap_confectionery": 8191.647627, "opp_cafe": null, "opp_bakery": null, "opp_confectionery": null, "vegan_coverage": 0.0}}, {"type": "Feature", "geometry": {"type": "Polygon", "coordinates": [[[4.433311140168745, 51.23358431270958], [4.431790802028008, 51.22922330247477], [4.437114800204859, 51.22665843160516], [4.443959610767917, 51.22845445053662], [4.445480842784053, 51.23281552867127], [4.440156370379893, 51.23538051999777], [4.433311140168745, 51.23358431270958]]]}, "properties": {"h3": "881fa4c59bfffff", "traffic": 77.5, "transit": 65.0, "offices": 1, "residential": 2299.891922, "income": 26561.959726, "n_food": 0, "traffic_norm": 0.086284, "transit_norm": 0.347594, "residential_norm": 0.171398, "income_norm": 0.291058, "comp_cafe": 10, "comp_bakery": 9, "comp_confectionery": 6, "gap_cafe": 522.488056, "gap_bakery": 848.231732, "gap_confectionery": 1051.412167, "opp_cafe": null, "opp_bakery": null, "opp_confectionery": null, "vegan_coverage": 0.0}}, {"type": "Feature", "geometry": {"type": "Polygon", "coordinates": [[[4.392254171612779, 51.22279952498784], [4.390737149256149, 51.218438002941674], [4.396060345090898, 51.21587477461794], [4.402901038547036, 51.21767294827772], [4.404418954528269, 51.222034538764504], [4.399095283446704, 51.22459788717404], [4.392254171612779, 51.22279952498784]]]}, "properties": {"h3": "881fa4c581fffff", "traffic": 709.7, "transit": 84.0, "offices": 6, "residential": 4691.602452, "income": 35128.893811, "n_food": 43, "traffic_norm": 0.790136, "transit_norm": 0.449198, "residential_norm": 0.349639, "income_norm": 0.384932, "comp_cafe": 108, "comp_bakery": 18, "comp_confectionery": 15, "gap_cafe": 35.097285, "gap_bakery": 292.499307, "gap_confectionery": 79.732375, "opp_cafe": 0.0, "opp_bakery": 0.351351, "opp_confectionery": 0.135135, "vegan_coverage": 0.093023}}, {"type": "Feature", "geometry": {"type": "Polygon", "coordinates": [[[4.304247730758353, 51.14806680949063], [4.302738962645352, 51.14370134567469], [4.30805637499101, 51.141138851726694], [4.314883032164203, 51.14294170249632], [4.316392691997554, 51.147307236268915], [4.311074802954785, 51.149869849338266], [4.304247730758353, 51.14806680949063]]]}, "properties": {"h3": "881fa4cc19fffff", "traffic": 6.0, "transit": 8.0, "offices": 0, "residential": 48.078764, "income": 40877.0, "n_food": 1, "traffic_norm": 0.00668, "transit_norm": 0.042781, "residential_norm": 0.003583, "income_norm": 0.447918, "comp_cafe": 2, "comp_bakery": 0, "comp_confectionery": 0, "gap_cafe": 405.699726, "gap_bakery": 2373.023379, "gap_confectionery": 9227.349157, "opp_cafe": null, "opp_bakery": null, "opp_confectionery": null, "vegan_coverage": 0.0}}, {"type": "Feature", "geometry": {"type": "Polygon", "coordinates": [[[4.264711041145358, 51.17727791409266], [4.263204582533707, 51.1729141574963], [4.268524314425535, 51.170355386365294], [4.275350983173599, 51.17216025296315], [4.276858334298775, 51.17652407976296], [4.271538124179568, 51.17908296978454], [4.264711041145358, 51.17727791409266]]]}, "properties": {"h3": "881fa4ce39fffff", "traffic": 0.0, "transit": 1.0, "offices": 0, "residential": 77.0971, "income": 49090.859505, "n_food": 0, "traffic_norm": 0.0, "transit_norm": 0.005348, "residential_norm": 0.005746, "income_norm": 0.537923, "comp_cafe": 0, "comp_bakery": 0, "comp_confectionery": 0, "gap_cafe": 1618.667725, "gap_bakery": 2919.609172, "gap_confectionery": 9739.827365, "opp_cafe": null, "opp_bakery": null, "opp_confectionery": null, "vegan_coverage": 0.0}}, {"type": "Feature", "geometry": {"type": "Polygon", "coordinates": [[[4.274463476786908, 51.22345904329116], [4.272955260529679, 51.21909782070872], [4.278278612640912, 51.2165410167616], [4.285110659629996, 51.21834531629882], [4.286619769612336, 51.22270660865385], [4.281295938897828, 51.2252635317222], [4.274463476786908, 51.22345904329116]]]}, "properties": {"h3": "881fa4c561fffff", "traffic": 10.6, "transit": 22.0, "offices": 0, "residential": 2150.179985, "income": 46214.495885, "n_food": 1, "traffic_norm": 0.011801, "transit_norm": 0.117647, "residential_norm": 0.160241, "income_norm": 0.506405, "comp_cafe": 0, "comp_bakery": 1, "comp_confectionery": 0, "gap_cafe": 3430.386633, "gap_bakery": 229.47651, "gap_confectionery": 8201.490032, "opp_cafe": null, "opp_bakery": null, "opp_confectionery": null, "vegan_coverage": 0.0}}, {"type": "Feature", "geometry": {"type": "Polygon", "coordinates": [[[4.271356288905574, 51.25037206036544], [4.269847705638639, 51.24601233731701], [4.275173177121236, 51.24345715777649], [4.282007710960251, 51.24526158212356], [4.283517188665257, 51.2496213747928], [4.278191238110532, 51.25217667351732], [4.271356288905574, 51.25037206036544]]]}, "properties": {"h3": "881fa4c727fffff", "traffic": 3.0, "transit": 9.0, "offices": 0, "residential": 305.292935, "income": 45172.183204, "n_food": 0, "traffic_norm": 0.00334, "transit_norm": 0.048128, "residential_norm": 0.022752, "income_norm": 0.494983, "comp_cafe": 2, "comp_bakery": 2, "comp_confectionery": 0, "gap_cafe": 677.228301, "gap_bakery": 512.201013, "gap_confectionery": 9029.550924, "opp_cafe": null, "opp_bakery": null, "opp_confectionery": null, "vegan_coverage": 0.0}}, {"type": "Feature", "geometry": {"type": "Polygon", "coordinates": [[[4.394490785340329, 51.282800287666035], [4.392972249914358, 51.27844209380202], [4.39830016453964, 51.275881990862565], [4.405147090635203, 51.277679961508234], [4.406666521269878, 51.28203822337141], [4.401338130618289, 51.284598446612925], [4.394490785340329, 51.282800287666035]]]}, "properties": {"h3": "881fa4c419fffff", "traffic": 4.4, "transit": 18.0, "offices": 0, "residential": 0.0, "income": 0.0, "n_food": 0, "traffic_norm": 0.004899, "transit_norm": 0.096257, "residential_norm": 0.0, "income_norm": 0.0, "comp_cafe": 0, "comp_bakery": 2, "comp_confectionery": 0, "gap_cafe": 1286.329568, "gap_bakery": 894.327253, "gap_confectionery": 6258.609808, "opp_cafe": null, "opp_bakery": null, "opp_confectionery": null, "vegan_coverage": 0.0}}, {"type": "Feature", "geometry": {"type": "Polygon", "coordinates": [[[4.472854111316308, 51.20432989408489], [4.47133147021081, 51.19996717880261], [4.476653122563503, 51.197398582768926], [4.483497888729545, 51.19919258135706], [4.485021422904055, 51.20355536429227], [4.479699297861879, 51.20612408100955], [4.472854111316308, 51.20432989408489]]]}, "properties": {"h3": "881fa41a2bfffff", "traffic": 17.8, "transit": 54.0, "offices": 1, "residential": 5472.576108, "income": 37668.59576, "n_food": 2, "traffic_norm": 0.019817, "transit_norm": 0.28877, "residential_norm": 0.407841, "income_norm": 0.412761, "comp_cafe": 1, "comp_bakery": 2, "comp_confectionery": 0, "gap_cafe": 399.334058, "gap_bakery": 299.232087, "gap_confectionery": 3261.183879, "opp_cafe": null, "opp_bakery": null, "opp_confectionery": null, "vegan_coverage": 0.0}}, {"type": "Feature", "geometry": {"type": "Polygon", "coordinates": [[[4.284482283132241, 51.16267651160515], [4.282974669219637, 51.15831190123565], [4.288293241745689, 51.15575126858935], [4.295119905663772, 51.15755512732958], [4.296628411693549, 51.161919807779185], [4.291309361705345, 51.16448055943149], [4.284482283132241, 51.16267651160515]]]}, "properties": {"h3": "881fa4cc59fffff", "traffic": 2.4, "transit": 8.0, "offices": 0, "residential": 91.59238, "income": 49651.932746, "n_food": 0, "traffic_norm": 0.002672, "transit_norm": 0.042781, "residential_norm": 0.006826, "income_norm": 0.544071, "comp_cafe": 1, "comp_bakery": 0, "comp_confectionery": 0, "gap_cafe": 863.489101, "gap_bakery": 1593.574759, "gap_confectionery": 9358.296552, "opp_cafe": null, "opp_bakery": null, "opp_confectionery": null, "vegan_coverage": 0.0}}, {"type": "Feature", "geometry": {"type": "Polygon", "coordinates": [[[4.393824526092659, 51.15581828306661], [4.392308884141288, 51.15145304675335], [4.397626822441282, 51.14888611341729], [4.404460876974863, 51.150684296536895], [4.405977410785725, 51.15504960173575], [4.400658998221425, 51.15761665495248], [4.393824526092659, 51.15581828306661]]]}, "properties": {"h3": "881fa41b2dfffff", "traffic": 9.4, "transit": 56.0, "offices": 0, "residential": 1070.744709, "income": 45110.861066, "n_food": 1, "traffic_norm": 0.010465, "transit_norm": 0.299465, "residential_norm": 0.079797, "income_norm": 0.494311, "comp_cafe": 3, "comp_bakery": 0, "comp_confectionery": 0, "gap_cafe": 162.828316, "gap_bakery": 1716.473442, "gap_confectionery": 4090.285132, "opp_cafe": null, "opp_bakery": null, "opp_confectionery": null, "vegan_coverage": 0.0}}, {"type": "Feature", "geometry": {"type": "Polygon", "coordinates": [[[4.435598905802622, 51.18662704416945], [4.434079449496983, 51.182263424402954], [4.439399757603046, 51.17969589078123], [4.446239995538386, 51.18149185662716], [4.447760344479619, 51.18585554459202], [4.442439562868062, 51.188423198535695], [4.435598905802622, 51.18662704416945]]]}, "properties": {"h3": "881fa41b57fffff", "traffic": 35.2, "transit": 50.0, "offices": 0, "residential": 4499.284738, "income": 39383.442106, "n_food": 1, "traffic_norm": 0.039189, "transit_norm": 0.26738, "residential_norm": 0.335307, "income_norm": 0.431552, "comp_cafe": 3, "comp_bakery": 6, "comp_confectionery": 1, "gap_cafe": 778.29083, "gap_bakery": 753.246805, "gap_confectionery": 424.148922, "opp_cafe": null, "opp_bakery": null, "opp_confectionery": null, "vegan_coverage": 0.0}}, {"type": "Feature", "geometry": {"type": "Polygon", "coordinates": [[[4.292103523352593, 51.14882505307251], [4.290595646987692, 51.14445965934592], [4.295913128099639, 51.14189786514749], [4.302738962645352, 51.14370134567469], [4.304247730758353, 51.14806680949063], [4.298929772594891, 51.150628722713044], [4.292103523352593, 51.14882505307251]]]}, "properties": {"h3": "881fa4cc57fffff", "traffic": 6.0, "transit": 8.0, "offices": 1, "residential": 1577.408276, "income": 42415.753131, "n_food": 1, "traffic_norm": 0.00668, "transit_norm": 0.042781, "residential_norm": 0.117555, "income_norm": 0.464779, "comp_cafe": 2, "comp_bakery": 0, "comp_confectionery": 0, "gap_cafe": 158.014734, "gap_bakery": 2450.329317, "gap_confectionery": 9806.213031, "opp_cafe": null, "opp_bakery": null, "opp_confectionery": null, "vegan_coverage": 0.0}}, {"type": "Feature", "geometry": {"type": "Polygon", "coordinates": [[[4.306402564327521, 51.208112736997194], [4.304892298164061, 51.2037505906548], [4.310214419701943, 51.201191224184775], [4.317047284901638, 51.20299388474653], [4.318558444364816, 51.20735610060563], [4.313235845346049, 51.209915586409394], [4.306402564327521, 51.208112736997194]]]}, "properties": {"h3": "881fa4c523fffff", "traffic": 0.0, "transit": 4.0, "offices": 0, "residential": 156.102303, "income": 52866.211918, "n_food": 0, "traffic_norm": 0.0, "transit_norm": 0.02139, "residential_norm": 0.011633, "income_norm": 0.579292, "comp_cafe": 0, "comp_bakery": 0, "comp_confectionery": 0, "gap_cafe": 1563.738416, "gap_bakery": 1664.873807, "gap_confectionery": 5956.465963, "opp_cafe": null, "opp_bakery": null, "opp_confectionery": null, "vegan_coverage": 0.0}}, {"type": "Feature", "geometry": {"type": "Polygon", "coordinates": [[[4.479736615163915, 51.27743779298436], [4.478211813917131, 51.27307912591591], [4.483539205232609, 51.270514111840875], [4.490391871327284, 51.27230764387688], [4.491917567567036, 51.27666637801447], [4.486589702737608, 51.27923151307008], [4.479736615163915, 51.27743779298436]]]}, "properties": {"h3": "881fa4c499fffff", "traffic": 2.0, "transit": 6.0, "offices": 0, "residential": 45.593461, "income": 61084.242823, "n_food": 2, "traffic_norm": 0.002227, "transit_norm": 0.032086, "residential_norm": 0.003398, "income_norm": 0.669343, "comp_cafe": 4, "comp_bakery": 0, "comp_confectionery": 0, "gap_cafe": 245.438525, "gap_bakery": 1559.77482, "gap_confectionery": 2515.325108, "opp_cafe": null, "opp_bakery": null, "opp_confectionery": null, "vegan_coverage": 0.0}}, {"type": "Feature", "geometry": {"type": "Polygon", "coordinates": [[[4.381573469087749, 51.26356721716541], [4.380056333059391, 51.25920798155394], [4.385382746510706, 51.25664753788594], [4.392226772132378, 51.258446209719956], [4.39374480287069, 51.26280551361059], [4.388417913295326, 51.265366077411215], [4.381573469087749, 51.26356721716541]]]}, "properties": {"h3": "881fa4c439fffff", "traffic": 0.7, "transit": 17.0, "offices": 0, "residential": 4.132338, "income": 28061.0, "n_food": 0, "traffic_norm": 0.000779, "transit_norm": 0.090909, "residential_norm": 0.000308, "income_norm": 0.307484, "comp_cafe": 0, "comp_bakery": 0, "comp_confectionery": 0, "gap_cafe": 2485.571802, "gap_bakery": 2409.106682, "gap_confectionery": 4660.668618, "opp_cafe": null, "opp_bakery": null, "opp_confectionery": null, "vegan_coverage": 0.0}}, {"type": "Feature", "geometry": {"type": "Polygon", "coordinates": [[[4.374063836016732, 51.17044551583841], [4.372549345784808, 51.166081132187344], [4.377868450480591, 51.16351606040962], [4.384702520456667, 51.16531525253978], [4.386217902948021, 51.169679705200004], [4.380898323221671, 51.17224489674398], [4.374063836016732, 51.17044551583841]]]}, "properties": {"h3": "881fa41b6dfffff", "traffic": 17.4, "transit": 72.0, "offices": 3, "residential": 1821.572519, "income": 45957.862927, "n_food": 0, "traffic_norm": 0.019372, "transit_norm": 0.385027, "residential_norm": 0.135752, "income_norm": 0.503593, "comp_cafe": 5, "comp_bakery": 3, "comp_confectionery": 0, "gap_cafe": 713.766547, "gap_bakery": 1001.364959, "gap_confectionery": 4236.199266, "opp_cafe": null, "opp_bakery": null, "opp_confectionery": null, "vegan_coverage": 0.0}}, {"type": "Feature", "geometry": {"type": "Polygon", "coordinates": [[[4.268524314425535, 51.170355386365294], [4.26701772419373, 51.165991237962196], [4.272336910363782, 51.16343188592581], [4.27916316480473, 51.165236563416016], [4.28067064736553, 51.16960078202722], [4.275350983173599, 51.17216025296315], [4.268524314425535, 51.170355386365294]]]}, "properties": {"h3": "881fa4ce31fffff", "traffic": 0.0, "transit": 1.0, "offices": 0, "residential": 83.491375, "income": 49487.0, "n_food": 0, "traffic_norm": 0.0, "transit_norm": 0.005348, "residential_norm": 0.006222, "income_norm": 0.542264, "comp_cafe": 0, "comp_bakery": 0, "comp_confectionery": 0, "gap_cafe": 2011.153115, "gap_bakery": 2521.78121, "gap_confectionery": 9859.088149, "opp_cafe": null, "opp_bakery": null, "opp_confectionery": null, "vegan_coverage": 0.0}}, {"type": "Feature", "geometry": {"type": "Polygon", "coordinates": [[[4.309281672908528, 51.28809737959214], [4.307769404764059, 51.283739665439704], [4.313097818190647, 51.28118447038567], [4.319938978308228, 51.282986869886564], [4.32145214186476, 51.28734465296742], [4.316123249909202, 51.28989996764214], [4.309281672908528, 51.28809737959214]]]}, "properties": {"h3": "881fa4c719fffff", "traffic": 0.0, "transit": 0.0, "offices": 0, "residential": 0.266475, "income": 59463.0, "n_food": 0, "traffic_norm": 0.0, "transit_norm": 0.0, "residential_norm": 2e-05, "income_norm": 0.651578, "comp_cafe": 0, "comp_bakery": 0, "comp_confectionery": 0, "gap_cafe": 3190.939758, "gap_bakery": 4410.927254, "gap_confectionery": 9357.026325, "opp_cafe": null, "opp_bakery": null, "opp_confectionery": null, "vegan_coverage": 0.0}}, {"type": "Feature", "geometry": {"type": "Polygon", "coordinates": [[[4.407474798347333, 51.195094685203905], [4.40595725695433, 51.19073159431201], [4.411278260865322, 51.188166042939116], [4.41811728061248, 51.18996346236147], [4.419635714887499, 51.194326621712754], [4.414314236551349, 51.196892293205394], [4.407474798347333, 51.195094685203905]]]}, "properties": {"h3": "881fa41b4bfffff", "traffic": 93.8, "transit": 74.0, "offices": 7, "residential": 3151.731192, "income": 43719.155356, "n_food": 1, "traffic_norm": 0.104431, "transit_norm": 0.395722, "residential_norm": 0.234881, "income_norm": 0.479062, "comp_cafe": 8, "comp_bakery": 10, "comp_confectionery": 2, "gap_cafe": 396.641991, "gap_bakery": 644.078848, "gap_confectionery": 801.135792, "opp_cafe": null, "opp_bakery": null, "opp_confectionery": null, "vegan_coverage": 0.0}}, {"type": "Feature", "geometry": {"type": "Polygon", "coordinates": [[[4.422684584781285, 51.16737428006161], [4.421166525689629, 51.163009621170644], [4.426485338698666, 51.16044174738446], [4.433322684422052, 51.16223841235835], [4.43484163565367, 51.166603139727265], [4.429522349039974, 51.1691711336674], [4.422684584781285, 51.16737428006161]]]}, "properties": {"h3": "881fa41b07fffff", "traffic": 17.9, "transit": 29.0, "offices": 4, "residential": 2238.414778, "income": 54577.198227, "n_food": 1, "traffic_norm": 0.019929, "transit_norm": 0.15508, "residential_norm": 0.166817, "income_norm": 0.598041, "comp_cafe": 2, "comp_bakery": 3, "comp_confectionery": 0, "gap_cafe": 868.517429, "gap_bakery": 298.347385, "gap_confectionery": 1982.357883, "opp_cafe": null, "opp_bakery": null, "opp_confectionery": null, "vegan_coverage": 0.0}}, {"type": "Feature", "geometry": {"type": "Polygon", "coordinates": [[[4.471359966227552, 51.27128495919717], [4.469835931042148, 51.2669259665253], [4.47516284868999, 51.26436107334213], [4.482014275209307, 51.26615505196215], [4.483539205232609, 51.270514111840875], [4.478211813917131, 51.27307912591591], [4.471359966227552, 51.27128495919717]]]}, "properties": {"h3": "881fa4c49dfffff", "traffic": 6.8, "transit": 9.0, "offices": 0, "residential": 102.824625, "income": 68496.804021, "n_food": 0, "traffic_norm": 0.007571, "transit_norm": 0.048128, "residential_norm": 0.007663, "income_norm": 0.750568, "comp_cafe": 2, "comp_bakery": 0, "comp_confectionery": 0, "gap_cafe": 951.081035, "gap_bakery": 1970.383089, "gap_confectionery": 1934.488268, "opp_cafe": null, "opp_bakery": null, "opp_confectionery": null, "vegan_coverage": 0.0}}, {"type": "Feature", "geometry": {"type": "Polygon", "coordinates": [[[4.343602532167191, 51.22584613897051], [4.342089084603353, 51.22148489201449], [4.347412567592023, 51.21892446669276], [4.354249974836432, 51.220725168653054], [4.355764316142141, 51.225086484580764], [4.350440356479269, 51.22764702959966], [4.343602532167191, 51.22584613897051]]]}, "properties": {"h3": "881fa4c517fffff", "traffic": 3.8, "transit": 17.0, "offices": 0, "residential": 156.952216, "income": 18235.865326, "n_food": 0, "traffic_norm": 0.004231, "transit_norm": 0.090909, "residential_norm": 0.011697, "income_norm": 0.199823, "comp_cafe": 0, "comp_bakery": 0, "comp_confectionery": 0, "gap_cafe": 1399.059936, "gap_bakery": 1613.219522, "gap_confectionery": 3465.30343, "opp_cafe": null, "opp_bakery": null, "opp_confectionery": null, "vegan_coverage": 0.0}}, {"type": "Feature", "geometry": {"type": "Polygon", "coordinates": [[[4.362645929407853, 51.19122804633387], [4.361131829548492, 51.18686483854681], [4.366452575627558, 51.18430150889327], [4.373287897230147, 51.18610126730967], [4.374802889904586, 51.190464544091924], [4.369481668179144, 51.19302799348567], [4.362645929407853, 51.19122804633387]]]}, "properties": {"h3": "881fa4ce99fffff", "traffic": 34.4, "transit": 41.0, "offices": 0, "residential": 5204.524173, "income": 28040.221548, "n_food": 0, "traffic_norm": 0.038299, "transit_norm": 0.219251, "residential_norm": 0.387864, "income_norm": 0.307256, "comp_cafe": 0, "comp_bakery": 6, "comp_confectionery": 0, "gap_cafe": 1188.421206, "gap_bakery": 782.787773, "gap_confectionery": 3051.823027, "opp_cafe": null, "opp_bakery": null, "opp_confectionery": null, "vegan_coverage": 0.0}}, {"type": "Feature", "geometry": {"type": "Polygon", "coordinates": [[[4.341413635566272, 51.165807811444964], [4.339901691775048, 51.16144324378323], [4.345220463435988, 51.158879692098154], [4.352051654798431, 51.160680588614184], [4.353564490751103, 51.165045225687926], [4.348245243197476, 51.16760889685669], [4.341413635566272, 51.165807811444964]]]}, "properties": {"h3": "881fa4cebdfffff", "traffic": 2.4, "transit": 45.0, "offices": 0, "residential": 707.759651, "income": 43008.223073, "n_food": 0, "traffic_norm": 0.002672, "transit_norm": 0.240642, "residential_norm": 0.052745, "income_norm": 0.471271, "comp_cafe": 0, "comp_bakery": 0, "comp_confectionery": 0, "gap_cafe": 1704.0723, "gap_bakery": 1366.225483, "gap_confectionery": 5998.309335, "opp_cafe": null, "opp_bakery": null, "opp_confectionery": null, "vegan_coverage": 0.0}}, {"type": "Feature", "geometry": {"type": "Polygon", "coordinates": [[[4.390021552977275, 51.16274948035856], [4.388506040714162, 51.158384635845216], [4.393824526092659, 51.15581828306661], [4.400658998221425, 51.15761665495248], [4.402175402529228, 51.16198156834679], [4.396856442681437, 51.16454804099735], [4.390021552977275, 51.16274948035856]]]}, "properties": {"h3": "881fa41b67fffff", "traffic": 15.6, "transit": 78.0, "offices": 0, "residential": 1943.107879, "income": 40991.390467, "n_food": 0, "traffic_norm": 0.017368, "transit_norm": 0.417112, "residential_norm": 0.144809, "income_norm": 0.449171, "comp_cafe": 6, "comp_bakery": 2, "comp_confectionery": 0, "gap_cafe": 704.143198, "gap_bakery": 910.620465, "gap_confectionery": 3719.330364, "opp_cafe": null, "opp_bakery": null, "opp_confectionery": null, "vegan_coverage": 0.0}}, {"type": "Feature", "geometry": {"type": "Polygon", "coordinates": [[[4.34887614854347, 51.25892695422758], [4.347361566061886, 51.25456753165454], [4.352687646391365, 51.25200860997207], [4.359528786210351, 51.25380899103656], [4.3610442633039, 51.258168482291936], [4.355717705984272, 51.26072752382365], [4.34887614854347, 51.25892695422758]]]}, "properties": {"h3": "881fa4c429fffff", "traffic": 0.0, "transit": 5.0, "offices": 1, "residential": 0.029685, "income": 0.0, "n_food": 0, "traffic_norm": 0.0, "transit_norm": 0.026738, "residential_norm": 2e-06, "income_norm": 0.0, "comp_cafe": 0, "comp_bakery": 0, "comp_confectionery": 0, "gap_cafe": 4329.19874, "gap_bakery": 3600.925245, "gap_confectionery": 5105.240877, "opp_cafe": null, "opp_bakery": null, "opp_confectionery": null, "vegan_coverage": 0.0}}, {"type": "Feature", "geometry": {"type": "Polygon", "coordinates": [[[4.394569355258914, 51.175842584204126], [4.393053210207737, 51.17147845457844], [4.398372717402718, 51.168912562533954], [4.40520884418986, 51.170710680186644], [4.406725881626563, 51.17507487855128], [4.4014058999085, 51.17764089054737], [4.394569355258914, 51.175842584204126]]]}, "properties": {"h3": "881fa41b6bfffff", "traffic": 39.7, "transit": 86.0, "offices": 4, "residential": 2907.168307, "income": 41601.8745, "n_food": 2, "traffic_norm": 0.0442, "transit_norm": 0.459893, "residential_norm": 0.216655, "income_norm": 0.455861, "comp_cafe": 4, "comp_bakery": 5, "comp_confectionery": 0, "gap_cafe": 609.292184, "gap_bakery": 335.423617, "gap_confectionery": 2686.167767, "opp_cafe": null, "opp_bakery": null, "opp_confectionery": null, "vegan_coverage": 0.0}}, {"type": "Feature", "geometry": {"type": "Polygon", "coordinates": [[[4.297344121186926, 51.1819362867556], [4.295835116266875, 51.17757271182058], [4.30115518978022, 51.17501242192709], [4.307984745600054, 51.17681558781761], [4.309494643135944, 51.18117923255346], [4.304174092253566, 51.18373964162104], [4.297344121186926, 51.1819362867556]]]}, "properties": {"h3": "881fa4cee9fffff", "traffic": 3.0, "transit": 13.0, "offices": 0, "residential": 229.976979, "income": 55463.034763, "n_food": 0, "traffic_norm": 0.00334, "transit_norm": 0.069519, "residential_norm": 0.017139, "income_norm": 0.607747, "comp_cafe": 1, "comp_bakery": 0, "comp_confectionery": 0, "gap_cafe": 1053.936001, "gap_bakery": 1483.899223, "gap_confectionery": 7476.547689, "opp_cafe": null, "opp_bakery": null, "opp_confectionery": null, "vegan_coverage": 0.0}}, {"type": "Feature", "geometry": {"type": "Polygon", "coordinates": [[[4.390680726833859, 51.289717610519226], [4.389162321573306, 51.28535980948383], [4.394490785340329, 51.282800287666035], [4.401338130618289, 51.284598446612925], [4.402857431273793, 51.288956315642615], [4.397528491274331, 51.291515957754285], [4.390680726833859, 51.289717610519226]]]}, "properties": {"h3": "881fa4c453fffff", "traffic": 0.0, "transit": 6.0, "offices": 0, "residential": 0.038199, "income": 0.0, "n_food": 0, "traffic_norm": 0.0, "transit_norm": 0.032086, "residential_norm": 3e-06, "income_norm": 0.0, "comp_cafe": 0, "comp_bakery": 0, "comp_confectionery": 0, "gap_cafe": 1830.234374, "gap_bakery": 1330.194738, "gap_confectionery": 7071.577912, "opp_cafe": null, "opp_bakery": null, "opp_confectionery": null, "vegan_coverage": 0.0}}, {"type": "Feature", "geometry": {"type": "Polygon", "coordinates": [[[4.39150952203042, 51.202788315691684], [4.389993003368511, 51.19842568551953], [4.3953146281262, 51.19586141560624], [4.402153246551197, 51.19765965587395], [4.403670658310618, 51.20202235463364], [4.398348558565445, 51.204586744561176], [4.39150952203042, 51.202788315691684]]]}, "properties": {"h3": "881fa4c5a3fffff", "traffic": 146.6, "transit": 113.0, "offices": 3, "residential": 7458.37775, "income": 38235.18793, "n_food": 2, "traffic_norm": 0.163215, "transit_norm": 0.604278, "residential_norm": 0.555831, "income_norm": 0.41897, "comp_cafe": 23, "comp_bakery": 9, "comp_confectionery": 1, "gap_cafe": 64.203582, "gap_bakery": 520.053789, "gap_confectionery": 674.462236, "opp_cafe": null, "opp_bakery": null, "opp_confectionery": null, "vegan_coverage": 0.0}}, {"type": "Feature", "geometry": {"type": "Polygon", "coordinates": [[[4.329989088844315, 51.186586333777846], [4.328477536840154, 51.18222294177914], [4.333797948417475, 51.179661132377504], [4.340630388525209, 51.181462595540346], [4.342142833245742, 51.18582605693713], [4.336821945159739, 51.188387985796105], [4.329989088844315, 51.186586333777846]]]}, "properties": {"h3": "881fa4ce89fffff", "traffic": 1.0, "transit": 47.0, "offices": 1, "residential": 196.49939, "income": 49521.0, "n_food": 0, "traffic_norm": 0.001113, "transit_norm": 0.251337, "residential_norm": 0.014644, "income_norm": 0.542636, "comp_cafe": 1, "comp_bakery": 0, "comp_confectionery": 0, "gap_cafe": 540.386765, "gap_bakery": 1461.283722, "gap_confectionery": 5274.085194, "opp_cafe": null, "opp_bakery": null, "opp_confectionery": null, "vegan_coverage": 0.0}}, {"type": "Feature", "geometry": {"type": "Polygon", "coordinates": [[[4.284943005641145, 51.28959883445077], [4.283432528404664, 51.28524125855324], [4.288761079847854, 51.28268746514877], [4.295600587787153, 51.284491128239466], [4.297111960491495, 51.28884877333076], [4.291782929806102, 51.291402686160765], [4.284943005641145, 51.28959883445077]]]}, "properties": {"h3": "881fa4c755fffff", "traffic": 0.0, "transit": 4.0, "offices": 1, "residential": 2.372376, "income": 59463.0, "n_food": 0, "traffic_norm": 0.0, "transit_norm": 0.02139, "residential_norm": 0.000177, "income_norm": 0.651578, "comp_cafe": 0, "comp_bakery": 0, "comp_confectionery": 0, "gap_cafe": 2419.423561, "gap_bakery": 3821.82038, "gap_confectionery": 10613.215785, "opp_cafe": null, "opp_bakery": null, "opp_confectionery": null, "vegan_coverage": 0.0}}, {"type": "Feature", "geometry": {"type": "Polygon", "coordinates": [[[4.27659384734557, 51.283436963967844], [4.275084133664865, 51.2790790646688], [4.280412205716017, 51.27652539060067], [4.287250470857242, 51.27832949651838], [4.288761079847854, 51.28268746514877], [4.283432528404664, 51.28524125855324], [4.27659384734557, 51.283436963967844]]]}, "properties": {"h3": "881fa4c709fffff", "traffic": 0.7, "transit": 4.0, "offices": 0, "residential": 2.372157, "income": 59463.0, "n_food": 0, "traffic_norm": 0.000779, "transit_norm": 0.02139, "residential_norm": 0.000177, "income_norm": 0.651578, "comp_cafe": 0, "comp_bakery": 0, "comp_confectionery": 0, "gap_cafe": 1645.941034, "gap_bakery": 3040.17182, "gap_confectionery": 10580.091806, "opp_cafe": null, "opp_bakery": null, "opp_confectionery": null, "vegan_coverage": 0.0}}, {"type": "Feature", "geometry": {"type": "Polygon", "coordinates": [[[4.488115270303819, 51.28358985434038], [4.486589702737608, 51.27923151307008], [4.491917567567036, 51.27666637801447], [4.498771473341239, 51.278459463183026], [4.50029793605536, 51.28281787138473], [4.494969597865888, 51.285383127509654], [4.488115270303819, 51.28358985434038]]]}, "properties": {"h3": "881fa41325fffff", "traffic": 16.1, "transit": 12.0, "offices": 0, "residential": 46.855588, "income": 61068.0, "n_food": 2, "traffic_norm": 0.017925, "transit_norm": 0.064171, "residential_norm": 0.003492, "income_norm": 0.669165, "comp_cafe": 6, "comp_bakery": 2, "comp_confectionery": 0, "gap_cafe": 325.039503, "gap_bakery": 905.488929, "gap_confectionery": 3244.48653, "opp_cafe": null, "opp_bakery": null, "opp_confectionery": null, "vegan_coverage": 0.0}}, {"type": "Feature", "geometry": {"type": "Polygon", "coordinates": [[[4.474392810695532, 51.244356161532785], [4.472869154617928, 51.23999566552093], [4.478193949665719, 51.23742915071349], [4.485042874013813, 51.23922301111351], [4.486567424214862, 51.24358357448423], [4.481242155962822, 51.24615021011922], [4.474392810695532, 51.244356161532785]]]}, "properties": {"h3": "881fa4c4b7fffff", "traffic": 9.1, "transit": 21.0, "offices": 0, "residential": 1061.03277, "income": 42347.716344, "n_food": 1, "traffic_norm": 0.010131, "transit_norm": 0.112299, "residential_norm": 0.079073, "income_norm": 0.464034, "comp_cafe": 1, "comp_bakery": 1, "comp_confectionery": 0, "gap_cafe": 380.098812, "gap_bakery": 999.0817, "gap_confectionery": 1235.144499, "opp_cafe": null, "opp_bakery": null, "opp_confectionery": null, "vegan_coverage": 0.0}}, {"type": "Feature", "geometry": {"type": "Polygon", "coordinates": [[[4.30115518978022, 51.17501242192709], [4.299646053709995, 51.17064845511834], [4.304965581011078, 51.168087584371534], [4.311794721563388, 51.16989056127359], [4.313304750064693, 51.17425459788782], [4.307984745600054, 51.17681558781761], [4.30115518978022, 51.17501242192709]]]}, "properties": {"h3": "881fa4cee1fffff", "traffic": 3.4, "transit": 17.0, "offices": 1, "residential": 2284.366732, "income": 47792.094248, "n_food": 0, "traffic_norm": 0.003785, "transit_norm": 0.090909, "residential_norm": 0.170241, "income_norm": 0.523692, "comp_cafe": 0, "comp_bakery": 1, "comp_confectionery": 0, "gap_cafe": 1716.775381, "gap_bakery": 669.714996, "gap_confectionery": 7658.055205, "opp_cafe": null, "opp_bakery": null, "opp_confectionery": null, "vegan_coverage": 0.0}}, {"type": "Feature", "geometry": {"type": "Polygon", "coordinates": [[[4.466752997179541, 51.15118620744179], [4.465232004524339, 51.146820559807196], [4.470549497628823, 51.144249423049615], [4.4773884555304, 51.14604381348854], [4.478910339862049, 51.15040952921171], [4.473592374633981, 51.15298078643045], [4.466752997179541, 51.15118620744179]]]}, "properties": {"h3": "881fa4195bfffff", "traffic": 16.7, "transit": 40.0, "offices": 3, "residential": 1569.562195, "income": 53275.205393, "n_food": 0, "traffic_norm": 0.018593, "transit_norm": 0.213904, "residential_norm": 0.116971, "income_norm": 0.583774, "comp_cafe": 1, "comp_bakery": 3, "comp_confectionery": 0, "gap_cafe": 459.717195, "gap_bakery": 619.929272, "gap_confectionery": 2171.957515, "opp_cafe": null, "opp_bakery": null, "opp_confectionery": null, "vegan_coverage": 0.0}}, {"type": "Feature", "geometry": {"type": "Polygon", "coordinates": [[[4.358838605641735, 51.198153610926475], [4.357324636073911, 51.19379079520001], [4.362645929407853, 51.19122804633387], [4.369481668179144, 51.19302799348567], [4.370996530747323, 51.19739087820264], [4.365674761561617, 51.19995374680037], [4.358838605641735, 51.198153610926475]]]}, "properties": {"h3": "881fa4ced3fffff", "traffic": 1.4, "transit": 15.0, "offices": 1, "residential": 0.597044, "income": 0.0, "n_food": 0, "traffic_norm": 0.001559, "transit_norm": 0.080214, "residential_norm": 4.4e-05, "income_norm": 0.0, "comp_cafe": 0, "comp_bakery": 0, "comp_confectionery": 0, "gap_cafe": 1818.307517, "gap_bakery": 1191.209274, "gap_confectionery": 2894.465899, "opp_cafe": null, "opp_bakery": null, "opp_confectionery": null, "vegan_coverage": 0.0}}, {"type": "Feature", "geometry": {"type": "Polygon", "coordinates": [[[4.425701785266827, 51.247433154977124], [4.424181705994571, 51.2430729297295], [4.429506801905339, 51.24050922053089], [4.436352451745107, 51.24230561616277], [4.437873425264953, 51.246665909300724], [4.432547854715608, 51.24922973893964], [4.425701785266827, 51.247433154977124]]]}, "properties": {"h3": "881fa4c4adfffff", "traffic": 26.4, "transit": 62.0, "offices": 2, "residential": 4708.277142, "income": 33626.998635, "n_food": 1, "traffic_norm": 0.029392, "transit_norm": 0.331551, "residential_norm": 0.350882, "income_norm": 0.368475, "comp_cafe": 2, "comp_bakery": 2, "comp_confectionery": 0, "gap_cafe": 902.25606, "gap_bakery": 273.030033, "gap_confectionery": 2099.022221, "opp_cafe": null, "opp_bakery": null, "opp_confectionery": null, "vegan_coverage": 0.0}}, {"type": "Feature", "geometry": {"type": "Polygon", "coordinates": [[[4.307841260605706, 51.248116009106404], [4.306329994107123, 51.243756077593495], [4.311655259734385, 51.24119879662836], [4.318492269882211, 51.24300132772255], [4.320004430735715, 51.24736132845826], [4.314678687103969, 51.249918728900106], [4.307841260605706, 51.248116009106404]]]}, "properties": {"h3": "881fa4c55dfffff", "traffic": 0.0, "transit": 1.0, "offices": 1, "residential": 0.0, "income": 0.0, "n_food": 0, "traffic_norm": 0.0, "transit_norm": 0.005348, "residential_norm": 0.0, "income_norm": 0.0, "comp_cafe": 0, "comp_bakery": 0, "comp_confectionery": 0, "gap_cafe": 2029.278577, "gap_bakery": 2534.601734, "gap_confectionery": 6591.065927, "opp_cafe": null, "opp_bakery": null, "opp_confectionery": null, "vegan_coverage": 0.0}}, {"type": "Feature", "geometry": {"type": "Polygon", "coordinates": [[[4.377763512713481, 51.270485922716325], [4.376246506970818, 51.2661270797674], [4.381573469087749, 51.26356721716541], [4.388417913295326, 51.265366077411215], [4.389935813933965, 51.26972498863454], [4.384608375486963, 51.27228497136082], [4.377763512713481, 51.270485922716325]]]}, "properties": {"h3": "881fa4c403fffff", "traffic": 1.0, "transit": 21.0, "offices": 0, "residential": 0.026235, "income": 0.0, "n_food": 0, "traffic_norm": 0.001113, "transit_norm": 0.112299, "residential_norm": 2e-06, "income_norm": 0.0, "comp_cafe": 0, "comp_bakery": 0, "comp_confectionery": 0, "gap_cafe": 2679.638771, "gap_bakery": 2217.898833, "gap_confectionery": 5465.609667, "opp_cafe": null, "opp_bakery": null, "opp_confectionery": null, "vegan_coverage": 0.0}}, {"type": "Feature", "geometry": {"type": "Polygon", "coordinates": [[[4.439399757603046, 51.17969589078123], [4.43788017220216, 51.17533187897912], [4.443199932268474, 51.17276376479681], [4.450039751054288, 51.17455954210928], [4.45156022890511, 51.17892362211439], [4.446239995538386, 51.18149185662716], [4.439399757603046, 51.17969589078123]]]}, "properties": {"h3": "881fa41b1dfffff", "traffic": 50.7, "transit": 43.0, "offices": 3, "residential": 3331.161295, "income": 44882.367426, "n_food": 3, "traffic_norm": 0.056446, "transit_norm": 0.229947, "residential_norm": 0.248253, "income_norm": 0.491808, "comp_cafe": 2, "comp_bakery": 5, "comp_confectionery": 1, "gap_cafe": 414.221135, "gap_bakery": 368.841451, "gap_confectionery": 817.176387, "opp_cafe": 0.918919, "opp_bakery": 0.891892, "opp_confectionery": 0.540541, "vegan_coverage": 0.0}}, {"type": "Feature", "geometry": {"type": "Polygon", "coordinates": [[[4.34125111589718, 51.272760721502806], [4.339736795018143, 51.26840208417368], [4.34506397176131, 51.26584432476824], [4.351905946803612, 51.267645082882645], [4.353421162666237, 51.272003788884454], [4.348093508520686, 51.27456166812234], [4.34125111589718, 51.272760721502806]]]}, "properties": {"h3": "881fa4c46bfffff", "traffic": 0.0, "transit": 2.0, "offices": 0, "residential": 0.133554, "income": 0.0, "n_food": 0, "traffic_norm": 0.0, "transit_norm": 0.010695, "residential_norm": 1e-05, "income_norm": 0.0, "comp_cafe": 0, "comp_bakery": 0, "comp_confectionery": 0, "gap_cafe": 4481.280375, "gap_bakery": 4627.143446, "gap_confectionery": 6671.736291, "opp_cafe": null, "opp_bakery": null, "opp_confectionery": null, "vegan_coverage": 0.0}}, {"type": "Feature", "geometry": {"type": "Polygon", "coordinates": [[[4.336708786382341, 51.25968409300638], [4.335195098541601, 51.25532473924839], [4.340521249698989, 51.25276651843684], [4.347361566061886, 51.25456753165454], [4.34887614854347, 51.25892695422758], [4.343549520038963, 51.26148529479104], [4.336708786382341, 51.25968409300638]]]}, "properties": {"h3": "881fa4c467fffff", "traffic": 0.0, "transit": 8.0, "offices": 1, "residential": 0.0, "income": 0.0, "n_food": 0, "traffic_norm": 0.0, "transit_norm": 0.042781, "residential_norm": 0.0, "income_norm": 0.0, "comp_cafe": 0, "comp_bakery": 0, "comp_confectionery": 0, "gap_cafe": 3810.760729, "gap_bakery": 4220.881322, "gap_confectionery": 5716.843777, "opp_cafe": null, "opp_bakery": null, "opp_confectionery": null, "vegan_coverage": 0.0}}, {"type": "Feature", "geometry": {"type": "Polygon", "coordinates": [[[4.3953146281262, 51.19586141560624], [4.393797979645165, 51.191498393306524], [4.399119056659202, 51.18893354265926], [4.40595725695433, 51.19073159431201], [4.407474798347333, 51.195094685203905], [4.402153246551197, 51.19765965587395], [4.3953146281262, 51.19586141560624]]]}, "properties": {"h3": "881fa41b49fffff", "traffic": 48.6, "transit": 98.0, "offices": 7, "residential": 2010.198457, "income": 42218.338119, "n_food": 0, "traffic_norm": 0.054108, "transit_norm": 0.524064, "residential_norm": 0.149809, "income_norm": 0.462616, "comp_cafe": 4, "comp_bakery": 3, "comp_confectionery": 1, "gap_cafe": 718.717651, "gap_bakery": 555.280588, "gap_confectionery": 1080.928884, "opp_cafe": null, "opp_bakery": null, "opp_confectionery": null, "vegan_coverage": 0.0}}, {"type": "Feature", "geometry": {"type": "Polygon", "coordinates": [[[4.39830016453964, 51.275881990862565], [4.396781499032249, 51.27152340422203], [4.402108864579862, 51.26896272019998], [4.40895537147316, 51.27076050253137], [4.410474932003066, 51.2751191571759], [4.405147090635203, 51.277679961508234], [4.39830016453964, 51.275881990862565]]]}, "properties": {"h3": "881fa4c411fffff", "traffic": 11.8, "transit": 26.0, "offices": 0, "residential": 1098.773912, "income": 38926.051123, "n_food": 0, "traffic_norm": 0.013137, "transit_norm": 0.139037, "residential_norm": 0.081886, "income_norm": 0.42654, "comp_cafe": 0, "comp_bakery": 3, "comp_confectionery": 0, "gap_cafe": 1132.874785, "gap_bakery": 668.372877, "gap_confectionery": 5445.725963, "opp_cafe": null, "opp_bakery": null, "opp_confectionery": null, "vegan_coverage": 0.0}}, {"type": "Feature", "geometry": {"type": "Polygon", "coordinates": [[[4.430285415834395, 51.15350824233689], [4.428767098394379, 51.149142799765244], [4.434084816335714, 51.14657376501214], [4.440921324930018, 51.14837005268262], [4.442440534139104, 51.15273556374142], [4.437122343002957, 51.15530471866567], [4.430285415834395, 51.15350824233689]]]}, "properties": {"h3": "881fa41b35fffff", "traffic": 15.0, "transit": 34.0, "offices": 4, "residential": 1316.325339, "income": 51761.552576, "n_food": 0, "traffic_norm": 0.0167, "transit_norm": 0.181818, "residential_norm": 0.098098, "income_norm": 0.567188, "comp_cafe": 2, "comp_bakery": 3, "comp_confectionery": 0, "gap_cafe": 891.674799, "gap_bakery": 854.072831, "gap_confectionery": 3447.204623, "opp_cafe": null, "opp_bakery": null, "opp_confectionery": null, "vegan_coverage": 0.0}}, {"type": "Feature", "geometry": {"type": "Polygon", "coordinates": [[[4.373325222068081, 51.150421019448366], [4.371811233949526, 51.14605552956719], [4.377128769936301, 51.14348941626774], [4.383960768830694, 51.14528867317708], [4.385475648682752, 51.14965423221401], [4.380157637924688, 51.152220465208906], [4.373325222068081, 51.150421019448366]]]}, "properties": {"h3": "881fa4ccd1fffff", "traffic": 8.1, "transit": 20.0, "offices": 1, "residential": 220.054039, "income": 44338.701536, "n_food": 0, "traffic_norm": 0.009018, "transit_norm": 0.106952, "residential_norm": 0.016399, "income_norm": 0.48585, "comp_cafe": 2, "comp_bakery": 0, "comp_confectionery": 0, "gap_cafe": 1037.59843, "gap_bakery": 2296.349982, "gap_confectionery": 5502.918007, "opp_cafe": null, "opp_bakery": null, "opp_confectionery": null, "vegan_coverage": 0.0}}, {"type": "Feature", "geometry": {"type": "Polygon", "coordinates": [[[4.275173177121236, 51.24345715777649], [4.273664462049304, 51.23909704232273], [4.278989386546129, 51.236541281567334], [4.285823504998184, 51.23834551709611], [4.287333114323058, 51.24270570217547], [4.282007710960251, 51.24526158212356], [4.275173177121236, 51.24345715777649]]]}, "properties": {"h3": "881fa4c54dfffff", "traffic": 0.0, "transit": 4.0, "offices": 2, "residential": 10.815253, "income": 46257.0, "n_food": 0, "traffic_norm": 0.0, "transit_norm": 0.02139, "residential_norm": 0.000806, "income_norm": 0.50687, "comp_cafe": 0, "comp_bakery": 0, "comp_confectionery": 0, "gap_cafe": 1378.954468, "gap_bakery": 1275.915423, "gap_confectionery": 8537.942817, "opp_cafe": null, "opp_bakery": null, "opp_confectionery": null, "vegan_coverage": 0.0}}, {"type": "Feature", "geometry": {"type": "Polygon", "coordinates": [[[4.476653122563503, 51.197398582768926], [4.475130352855606, 51.19303547527347], [4.480451456412405, 51.19046629868542], [4.487295802179866, 51.19226010892406], [4.4888194647707, 51.19662328407709], [4.483497888729545, 51.19919258135706], [4.476653122563503, 51.197398582768926]]]}, "properties": {"h3": "881fa41a23fffff", "traffic": 12.5, "transit": 34.0, "offices": 0, "residential": 2909.663825, "income": 38873.888241, "n_food": 0, "traffic_norm": 0.013917, "transit_norm": 0.181818, "residential_norm": 0.216841, "income_norm": 0.425969, "comp_cafe": 2, "comp_bakery": 1, "comp_confectionery": 0, "gap_cafe": 439.34047, "gap_bakery": 699.008076, "gap_confectionery": 3518.943729, "opp_cafe": null, "opp_bakery": null, "opp_confectionery": null, "vegan_coverage": 0.0}}, {"type": "Feature", "geometry": {"type": "Polygon", "coordinates": [[[4.288761079847854, 51.28268746514877], [4.287250470857242, 51.27832949651838], [4.292578474506199, 51.27577512175685], [4.29941756619891, 51.27757859621486], [4.300929070471842, 51.281936634043916], [4.295600587787153, 51.284491128239466], [4.288761079847854, 51.28268746514877]]]}, "properties": {"h3": "881fa4c70bfffff", "traffic": 1.7, "transit": 4.0, "offices": 0, "residential": 2.372457, "income": 59463.0, "n_food": 0, "traffic_norm": 0.001893, "transit_norm": 0.02139, "residential_norm": 0.000177, "income_norm": 0.651578, "comp_cafe": 0, "comp_bakery": 0, "comp_confectionery": 0, "gap_cafe": 1811.427034, "gap_bakery": 3174.179851, "gap_confectionery": 9889.572837, "opp_cafe": null, "opp_bakery": null, "opp_confectionery": null, "vegan_coverage": 0.0}}, {"type": "Feature", "geometry": {"type": "Polygon", "coordinates": [[[4.266831169757694, 51.237292176144635], [4.265323217059995, 51.23293173810104], [4.270647662541529, 51.23037609644936], [4.277480539753301, 51.23218077376066], [4.278989386546129, 51.236541281567334], [4.273664462049304, 51.23909704232273], [4.266831169757694, 51.237292176144635]]]}, "properties": {"h3": "881fa4c093fffff", "traffic": 1.0, "transit": 2.0, "offices": 0, "residential": 523.132002, "income": 57270.011887, "n_food": 0, "traffic_norm": 0.001113, "transit_norm": 0.010695, "residential_norm": 0.038986, "income_norm": 0.627548, "comp_cafe": 0, "comp_bakery": 0, "comp_confectionery": 0, "gap_cafe": 2152.377072, "gap_bakery": 1653.128271, "gap_confectionery": 8945.248594, "opp_cafe": null, "opp_bakery": null, "opp_confectionery": null, "vegan_coverage": 0.0}}, {"type": "Feature", "geometry": {"type": "Polygon", "coordinates": [[[4.489593297996674, 51.21664227901146], [4.488069127495485, 51.21228021315981], [4.493391725073859, 51.209711375670594], [4.500238965554704, 51.21150448319592], [4.50176402943396, 51.215866616425345], [4.496440959472808, 51.21843557477481], [4.489593297996674, 51.21664227901146]]]}, "properties": {"h3": "881fa41a03fffff", "traffic": 7.1, "transit": 22.0, "offices": 0, "residential": 968.836575, "income": 34513.40303, "n_food": 0, "traffic_norm": 0.007905, "transit_norm": 0.117647, "residential_norm": 0.072202, "income_norm": 0.378188, "comp_cafe": 0, "comp_bakery": 0, "comp_confectionery": 0, "gap_cafe": 1860.642986, "gap_bakery": 1752.439882, "gap_confectionery": 4093.121446, "opp_cafe": null, "opp_bakery": null, "opp_confectionery": null, "vegan_coverage": 0.0}}, {"type": "Feature", "geometry": {"type": "Polygon", "coordinates": [[[4.380831581934467, 51.24356793650331], [4.379314949734383, 51.23920759164448], [4.384639790182225, 51.236646106022484], [4.391481738711954, 51.238444845221956], [4.392999265093964, 51.24280525850715], [4.387673948782216, 51.245366864189684], [4.380831581934467, 51.24356793650331]]]}, "properties": {"h3": "881fa4c5cbfffff", "traffic": 6.7, "transit": 11.0, "offices": 0, "residential": 5.697215, "income": 28061.63398, "n_food": 0, "traffic_norm": 0.007459, "transit_norm": 0.058824, "residential_norm": 0.000425, "income_norm": 0.307491, "comp_cafe": 0, "comp_bakery": 0, "comp_confectionery": 0, "gap_cafe": 1525.06305, "gap_bakery": 1184.828079, "gap_confectionery": 2515.740757, "opp_cafe": null, "opp_bakery": null, "opp_confectionery": null, "vegan_coverage": 0.0}}, {"type": "Feature", "geometry": {"type": "Polygon", "coordinates": [[[4.334525007725735, 51.199675080551614], [4.333012824245274, 51.19531240320443], [4.338334259302156, 51.19275105519453], [4.345168354421027, 51.19455226501777], [4.34668143095951, 51.19891501162095], [4.341359519338753, 51.201476479167994], [4.334525007725735, 51.199675080551614]]]}, "properties": {"h3": "881fa4ceddfffff", "traffic": 3.7, "transit": 17.0, "offices": 0, "residential": 294.052185, "income": 39819.888365, "n_food": 0, "traffic_norm": 0.004119, "transit_norm": 0.090909, "residential_norm": 0.021914, "income_norm": 0.436335, "comp_cafe": 0, "comp_bakery": 1, "comp_confectionery": 0, "gap_cafe": 1523.07927, "gap_bakery": 607.669103, "gap_confectionery": 4281.487656, "opp_cafe": null, "opp_bakery": null, "opp_confectionery": null, "vegan_coverage": 0.0}}, {"type": "Feature", "geometry": {"type": "Polygon", "coordinates": [[[4.355030604181946, 51.20507820257863], [4.353516764989407, 51.200715778965666], [4.358838605641735, 51.198153610926475], [4.365674761561617, 51.19995374680037], [4.367189493939804, 51.204316239399155], [4.361867177230223, 51.206878527161315], [4.355030604181946, 51.20507820257863]]]}, "properties": {"h3": "881fa4cedbfffff", "traffic": 2.7, "transit": 10.0, "offices": 2, "residential": 8.553376, "income": 11204.0, "n_food": 0, "traffic_norm": 0.003006, "transit_norm": 0.053476, "residential_norm": 0.000637, "income_norm": 0.12277, "comp_cafe": 0, "comp_bakery": 1, "comp_confectionery": 0, "gap_cafe": 1515.451361, "gap_bakery": 1172.567134, "gap_confectionery": 2731.619984, "opp_cafe": null, "opp_bakery": null, "opp_confectionery": null, "vegan_coverage": 0.0}}, {"type": "Feature", "geometry": {"type": "Polygon", "coordinates": [[[4.357233052504371, 51.265086622478364], [4.355717705984272, 51.26072752382365], [4.3610442633039, 51.258168482291936], [4.367886644000492, 51.25996841949995], [4.369402885289362, 51.26432758669942], [4.364075851130662, 51.266886748169284], [4.357233052504371, 51.265086622478364]]]}, "properties": {"h3": "881fa4c405fffff", "traffic": 1.0, "transit": 5.0, "offices": 0, "residential": 0.138766, "income": 0.0, "n_food": 0, "traffic_norm": 0.001113, "transit_norm": 0.026738, "residential_norm": 1e-05, "income_norm": 0.0, "comp_cafe": 0, "comp_bakery": 0, "comp_confectionery": 0, "gap_cafe": 4169.604223, "gap_bakery": 3767.3592, "gap_confectionery": 5373.727841, "opp_cafe": null, "opp_bakery": null, "opp_confectionery": null, "vegan_coverage": 0.0}}, {"type": "Feature", "geometry": {"type": "Polygon", "coordinates": [[[4.409778742319459, 51.14811666279401], [4.408262079089009, 51.14375096584392], [4.413579397277561, 51.14118275161486], [4.420413852417747, 51.142980114372726], [4.421931407292607, 51.1473458800802], [4.416613615400879, 51.14991421429548], [4.409778742319459, 51.14811666279401]]]}, "properties": {"h3": "881fa41b27fffff", "traffic": 1.0, "transit": 10.0, "offices": 0, "residential": 51.361409, "income": 60178.322747, "n_food": 0, "traffic_norm": 0.001113, "transit_norm": 0.053476, "residential_norm": 0.003828, "income_norm": 0.659416, "comp_cafe": 0, "comp_bakery": 0, "comp_confectionery": 0, "gap_cafe": 1451.932616, "gap_bakery": 1445.04476, "gap_confectionery": 4297.798549, "opp_cafe": null, "opp_bakery": null, "opp_confectionery": null, "vegan_coverage": 0.0}}, {"type": "Feature", "geometry": {"type": "Polygon", "coordinates": [[[4.309494643135944, 51.18117923255346], [4.307984745600054, 51.17681558781761], [4.313304750064693, 51.17425459788782], [4.320135129096635, 51.17605713344547], [4.32164591922044, 51.18042084784944], [4.316325437741855, 51.18298195705072], [4.309494643135944, 51.18117923255346]]]}, "properties": {"h3": "881fa4ceebfffff", "traffic": 2.7, "transit": 25.0, "offices": 0, "residential": 876.665348, "income": 41864.228501, "n_food": 0, "traffic_norm": 0.003006, "transit_norm": 0.13369, "residential_norm": 0.065333, "income_norm": 0.458736, "comp_cafe": 1, "comp_bakery": 0, "comp_confectionery": 0, "gap_cafe": 1241.895409, "gap_bakery": 1351.953959, "gap_confectionery": 6792.80683, "opp_cafe": null, "opp_bakery": null, "opp_confectionery": null, "vegan_coverage": 0.0}}, {"type": "Feature", "geometry": {"type": "Polygon", "coordinates": [[[4.456122932149466, 51.192014430065306], [4.454601819410682, 51.18765106613282], [4.45992252592545, 51.18508271120137], [4.46676481819264, 51.18687759971857], [4.468286823691059, 51.19124103157908], [4.462965644180909, 51.193809507017505], [4.456122932149466, 51.192014430065306]]]}, "properties": {"h3": "881fa41a25fffff", "traffic": 9.1, "transit": 38.0, "offices": 0, "residential": 148.758536, "income": 38621.144265, "n_food": 0, "traffic_norm": 0.010131, "transit_norm": 0.203209, "residential_norm": 0.011086, "income_norm": 0.423199, "comp_cafe": 4, "comp_bakery": 0, "comp_confectionery": 0, "gap_cafe": 507.303194, "gap_bakery": 1203.058038, "gap_confectionery": 1968.786695, "opp_cafe": null, "opp_bakery": null, "opp_confectionery": null, "vegan_coverage": 0.0}}, {"type": "Feature", "geometry": {"type": "Polygon", "coordinates": [[[4.465254056035787, 51.218189598043374], [4.463731672385557, 51.213827667345946], [4.469054422523002, 51.21126023254059], [4.47590002942898, 51.213054607788806], [4.477423306520435, 51.2174166061298], [4.472100083283013, 51.219984161602156], [4.465254056035787, 51.218189598043374]]]}, "properties": {"h3": "881fa41a0dfffff", "traffic": 19.6, "transit": 54.0, "offices": 0, "residential": 94.574702, "income": 36684.0, "n_food": 1, "traffic_norm": 0.021821, "transit_norm": 0.28877, "residential_norm": 0.007048, "income_norm": 0.401972, "comp_cafe": 6, "comp_bakery": 4, "comp_confectionery": 0, "gap_cafe": 257.489273, "gap_bakery": 840.114272, "gap_confectionery": 2399.410107, "opp_cafe": null, "opp_bakery": null, "opp_confectionery": null, "vegan_coverage": 0.0}}, {"type": "Feature", "geometry": {"type": "Polygon", "coordinates": [[[4.455376937731246, 51.27897661337701], [4.453853926564873, 51.27461808084556], [4.459181469899733, 51.272054470281034], [4.466032498652082, 51.27384927148418], [4.46755640487431, 51.27820787135056], [4.462228387306705, 51.2807716027021], [4.455376937731246, 51.27897661337701]]]}, "properties": {"h3": "881fa4c4d5fffff", "traffic": 7.1, "transit": 19.0, "offices": 0, "residential": 670.359391, "income": 67715.112651, "n_food": 0, "traffic_norm": 0.007905, "transit_norm": 0.101604, "residential_norm": 0.049958, "income_norm": 0.742002, "comp_cafe": 0, "comp_bakery": 1, "comp_confectionery": 0, "gap_cafe": 1321.316691, "gap_bakery": 632.465159, "gap_confectionery": 3198.766134, "opp_cafe": null, "opp_bakery": null, "opp_confectionery": null, "vegan_coverage": 0.0}}, {"type": "Feature", "geometry": {"type": "Polygon", "coordinates": [[[4.426485338698666, 51.16044174738446], [4.424967150391146, 51.15607669662655], [4.430285415834395, 51.15350824233689], [4.437122343002957, 51.15530471866567], [4.438641423264982, 51.15966983790614], [4.433322684422052, 51.16223841235835], [4.426485338698666, 51.16044174738446]]]}, "properties": {"h3": "881fa41b3dfffff", "traffic": 21.4, "transit": 41.0, "offices": 0, "residential": 2222.655504, "income": 53761.080363, "n_food": 2, "traffic_norm": 0.023825, "transit_norm": 0.219251, "residential_norm": 0.165642, "income_norm": 0.589098, "comp_cafe": 2, "comp_bakery": 5, "comp_confectionery": 0, "gap_cafe": 331.761953, "gap_bakery": 397.445695, "gap_confectionery": 2691.02243, "opp_cafe": null, "opp_bakery": null, "opp_confectionery": null, "vegan_coverage": 0.0}}, {"type": "Feature", "geometry": {"type": "Polygon", "coordinates": [[[4.27304534378523, 51.18344640471993], [4.271538124179568, 51.17908296978454], [4.276858334298775, 51.17652407976296], [4.283686242119409, 51.1783285057207], [4.285194354395966, 51.182692010722235], [4.279873666198247, 51.18525101972299], [4.27304534378523, 51.18344640471993]]]}, "properties": {"h3": "881fa4ce15fffff", "traffic": 2.0, "transit": 3.0, "offices": 0, "residential": 66.734276, "income": 46769.183087, "n_food": 0, "traffic_norm": 0.002227, "transit_norm": 0.016043, "residential_norm": 0.004973, "income_norm": 0.512483, "comp_cafe": 2, "comp_bakery": 0, "comp_confectionery": 0, "gap_cafe": 776.711606, "gap_bakery": 2701.097272, "gap_confectionery": 8930.55363, "opp_cafe": null, "opp_bakery": null, "opp_confectionery": null, "vegan_coverage": 0.0}}, {"type": "Feature", "geometry": {"type": "Polygon", "coordinates": [[[4.486567424214862, 51.24358357448423], [4.485042874013813, 51.23922301111351], [4.490367592596335, 51.23665579474036], [4.497217334243506, 51.23844902083687], [4.498742778536308, 51.242809651433554], [4.493417587108646, 51.24537698873091], [4.486567424214862, 51.24358357448423]]]}, "properties": {"h3": "881fa41a59fffff", "traffic": 6.7, "transit": 20.0, "offices": 3, "residential": 193.239012, "income": 44195.887061, "n_food": 0, "traffic_norm": 0.007459, "transit_norm": 0.106952, "residential_norm": 0.014401, "income_norm": 0.484285, "comp_cafe": 1, "comp_bakery": 0, "comp_confectionery": 0, "gap_cafe": 1160.126429, "gap_bakery": 1248.538344, "gap_confectionery": 1322.709213, "opp_cafe": null, "opp_bakery": null, "opp_confectionery": null, "vegan_coverage": 0.0}}, {"type": "Feature", "geometry": {"type": "Polygon", "coordinates": [[[4.490367592596335, 51.23665579474036], [4.48884291385043, 51.23229483882604], [4.494167082827918, 51.229727041754366], [4.501016403209553, 51.23152007968783], [4.502541975860717, 51.23588110283285], [4.497217334243506, 51.23844902083687], [4.490367592596335, 51.23665579474036]]]}, "properties": {"h3": "881fa41a51fffff", "traffic": 2.0, "transit": 6.0, "offices": 2, "residential": 36.430384, "income": 36041.154124, "n_food": 0, "traffic_norm": 0.002227, "transit_norm": 0.032086, "residential_norm": 0.002715, "income_norm": 0.394928, "comp_cafe": 0, "comp_bakery": 0, "comp_confectionery": 0, "gap_cafe": 1778.29199, "gap_bakery": 1311.542784, "gap_confectionery": 2137.253668, "opp_cafe": null, "opp_bakery": null, "opp_confectionery": null, "vegan_coverage": 0.0}}, {"type": "Feature", "geometry": {"type": "Polygon", "coordinates": [[[4.357968077688724, 51.28507847310606], [4.35645222806674, 51.28072048403622], [4.361780359463646, 51.27816248487692], [4.368624817600364, 51.27996235480024], [4.370141562519694, 51.284320412267576], [4.364812954022764, 51.28687853143729], [4.357968077688724, 51.28507847310606]]]}, "properties": {"h3": "881fa4c443fffff", "traffic": 1.0, "transit": 0.0, "offices": 0, "residential": 0.019228, "income": 0.0, "n_food": 0, "traffic_norm": 0.001113, "transit_norm": 0.0, "residential_norm": 1e-06, "income_norm": 0.0, "comp_cafe": 0, "comp_bakery": 0, "comp_confectionery": 0, "gap_cafe": 3836.087647, "gap_bakery": 3431.397914, "gap_confectionery": 7398.124749, "opp_cafe": null, "opp_bakery": null, "opp_confectionery": null, "vegan_coverage": 0.0}}, {"type": "Feature", "geometry": {"type": "Polygon", "coordinates": [[[4.453848888931506, 51.23897185590986], [4.452326892090913, 51.23461110248505], [4.457651289387938, 51.23204540982031], [4.464498157260072, 51.23384034996132], [4.466021048100403, 51.2382011710155], [4.460696177087207, 51.2407669843225], [4.453848888931506, 51.23897185590986]]]}, "properties": {"h3": "881fa41a49fffff", "traffic": 12.2, "transit": 37.0, "offices": 3, "residential": 1658.542565, "income": 26282.133067, "n_food": 0, "traffic_norm": 0.013583, "transit_norm": 0.197861, "residential_norm": 0.123602, "income_norm": 0.287992, "comp_cafe": 3, "comp_bakery": 0, "comp_confectionery": 0, "gap_cafe": 883.899369, "gap_bakery": 1131.122967, "gap_confectionery": 2550.749455, "opp_cafe": null, "opp_bakery": null, "opp_confectionery": null, "vegan_coverage": 0.0}}, {"type": "Feature", "geometry": {"type": "Polygon", "coordinates": [[[4.325267321977074, 51.28043097390678], [4.323754027223352, 51.27607279807846], [4.329081822669017, 51.27351632083246], [4.335923390851733, 51.27531789971128], [4.337437580803479, 51.27967614434019], [4.332109307392103, 51.282232741312825], [4.325267321977074, 51.28043097390678]]]}, "properties": {"h3": "881fa4c713fffff", "traffic": 0.0, "transit": 4.0, "offices": 1, "residential": 0.0, "income": 0.0, "n_food": 0, "traffic_norm": 0.0, "transit_norm": 0.02139, "residential_norm": 0.0, "income_norm": 0.0, "comp_cafe": 0, "comp_bakery": 0, "comp_confectionery": 0, "gap_cafe": 3698.435937, "gap_bakery": 4610.271929, "gap_confectionery": 8004.493582, "opp_cafe": null, "opp_bakery": null, "opp_confectionery": null, "vegan_coverage": 0.0}}, {"type": "Feature", "geometry": {"type": "Polygon", "coordinates": [[[4.366329568404432, 51.2912361960857], [4.364812954022764, 51.28687853143729], [4.370141562519694, 51.284320412267576], [4.376987262364743, 51.28611983767001], [4.378504772200607, 51.29047757057832], [4.373175686755082, 51.29303580984745], [4.366329568404432, 51.2912361960857]]]}, "properties": {"h3": "881fa4c45dfffff", "traffic": 0.0, "transit": 2.0, "offices": 0, "residential": 0.018433, "income": 0.0, "n_food": 0, "traffic_norm": 0.0, "transit_norm": 0.010695, "residential_norm": 1e-06, "income_norm": 0.0, "comp_cafe": 0, "comp_bakery": 0, "comp_confectionery": 0, "gap_cafe": 3430.205633, "gap_bakery": 2965.67412, "gap_confectionery": 7884.152245, "opp_cafe": null, "opp_bakery": null, "opp_confectionery": null, "vegan_coverage": 0.0}}, {"type": "Feature", "geometry": {"type": "Polygon", "coordinates": [[[4.344333034185746, 51.24584797021803], [4.342819084707203, 51.24148783143487], [4.348144139990189, 51.23892844844134], [4.354983621704537, 51.240729084485274], [4.356498465452643, 51.245089292093084], [4.351172933234566, 51.247648794855465], [4.344333034185746, 51.24584797021803]]]}, "properties": {"h3": "881fa4c425fffff", "traffic": 0.0, "transit": 6.0, "offices": 0, "residential": 0.0, "income": 0.0, "n_food": 0, "traffic_norm": 0.0, "transit_norm": 0.032086, "residential_norm": 0.0, "income_norm": 0.0, "comp_cafe": 0, "comp_bakery": 0, "comp_confectionery": 0, "gap_cafe": 3183.481513, "gap_bakery": 2852.125487, "gap_confectionery": 4286.081351, "opp_cafe": null, "opp_bakery": null, "opp_confectionery": null, "vegan_coverage": 0.0}}, {"type": "Feature", "geometry": {"type": "Polygon", "coordinates": [[[4.269939458257962, 51.21037466104948], [4.268431872159917, 51.20601272405318], [4.273754199134008, 51.203455458058166], [4.280584590769971, 51.205260010041314], [4.282093070250626, 51.20962201695232], [4.276770264729945, 51.212179401988564], [4.269939458257962, 51.21037466104948]]]}, "properties": {"h3": "881fa4ce5bfffff", "traffic": 1.4, "transit": 7.0, "offices": 0, "residential": 200.46799, "income": 53202.003151, "n_food": 0, "traffic_norm": 0.001559, "transit_norm": 0.037433, "residential_norm": 0.01494, "income_norm": 0.582972, "comp_cafe": 0, "comp_bakery": 0, "comp_confectionery": 0, "gap_cafe": 2698.877719, "gap_bakery": 1612.077408, "gap_confectionery": 8467.146005, "opp_cafe": null, "opp_bakery": null, "opp_confectionery": null, "vegan_coverage": 0.0}}, {"type": "Feature", "geometry": {"type": "Polygon", "coordinates": [[[4.440158543767315, 51.19971647146737], [4.438638452895761, 51.195353567742025], [4.443959782816228, 51.1927864944073], [4.450801677184784, 51.19458220441924], [4.452322661032792, 51.19894517620081], [4.447000857553994, 51.20151236993736], [4.440158543767315, 51.19971647146737]]]}, "properties": {"h3": "881fa41b5bfffff", "traffic": 54.5, "transit": 99.0, "offices": 6, "residential": 7392.422872, "income": 35090.309101, "n_food": 5, "traffic_norm": 0.060677, "transit_norm": 0.529412, "residential_norm": 0.550916, "income_norm": 0.384509, "comp_cafe": 12, "comp_bakery": 6, "comp_confectionery": 1, "gap_cafe": 263.622112, "gap_bakery": 168.729501, "gap_confectionery": 1137.416307, "opp_cafe": 0.702703, "opp_bakery": 0.675676, "opp_confectionery": 0.72973, "vegan_coverage": 0.0}}, {"type": "Feature", "geometry": {"type": "Polygon", "coordinates": [[[4.328355606162735, 51.25352309407699], [4.326842681944928, 51.24916341673282], [4.332168355604539, 51.246605315584326], [4.339007430997345, 51.24840677214011], [4.340521249698989, 51.25276651843684], [4.335195098541601, 51.25532473924839], [4.328355606162735, 51.25352309407699]]]}, "properties": {"h3": "881fa4c55bfffff", "traffic": 0.0, "transit": 8.0, "offices": 1, "residential": 0.0, "income": 0.0, "n_food": 0, "traffic_norm": 0.0, "transit_norm": 0.042781, "residential_norm": 0.0, "income_norm": 0.0, "comp_cafe": 0, "comp_bakery": 0, "comp_confectionery": 0, "gap_cafe": 3235.554531, "gap_bakery": 3851.735562, "gap_confectionery": 5687.947982, "opp_cafe": null, "opp_bakery": null, "opp_confectionery": null, "vegan_coverage": 0.0}}, {"type": "Feature", "geometry": {"type": "Polygon", "coordinates": [[[4.33687843532354, 51.15271339442312], [4.335367122579657, 51.14834811280565], [4.340684871890726, 51.145784099842956], [4.347514409800977, 51.147585249116624], [4.349026614365204, 51.15195060028806], [4.343708389216435, 51.15451473265493], [4.33687843532354, 51.15271339442312]]]}, "properties": {"h3": "881fa4ccc9fffff", "traffic": 8.1, "transit": 41.0, "offices": 1, "residential": 2212.754867, "income": 44902.507447, "n_food": 0, "traffic_norm": 0.009018, "transit_norm": 0.219251, "residential_norm": 0.164904, "income_norm": 0.492028, "comp_cafe": 0, "comp_bakery": 2, "comp_confectionery": 0, "gap_cafe": 2681.185817, "gap_bakery": 584.250683, "gap_confectionery": 7314.903312, "opp_cafe": null, "opp_bakery": null, "opp_confectionery": null, "vegan_coverage": 0.0}}, {"type": "Feature", "geometry": {"type": "Polygon", "coordinates": [[[4.450798250784297, 51.158896595411655], [4.449278278598291, 51.154531407821445], [4.454596394929636, 51.15196155219741], [4.461434956150875, 51.15375676383069], [4.462955820230007, 51.15812201963777], [4.457637231213019, 51.160691995617796], [4.450798250784297, 51.158896595411655]]]}, "properties": {"h3": "881fa41b33fffff", "traffic": 32.4, "transit": 55.0, "offices": 1, "residential": 1494.249218, "income": 49546.447975, "n_food": 1, "traffic_norm": 0.036072, "transit_norm": 0.294118, "residential_norm": 0.111358, "income_norm": 0.542915, "comp_cafe": 2, "comp_bakery": 6, "comp_confectionery": 0, "gap_cafe": 826.010341, "gap_bakery": 310.996975, "gap_confectionery": 2694.895081, "opp_cafe": null, "opp_bakery": null, "opp_confectionery": null, "vegan_coverage": 0.0}}, {"type": "Feature", "geometry": {"type": "Polygon", "coordinates": [[[4.329081822669017, 51.27351632083246], [4.327568396802173, 51.26915775230874], [4.332895644088207, 51.26660069383528], [4.339736795018143, 51.26840208417368], [4.34125111589718, 51.272760721502806], [4.335923390851733, 51.27531789971128], [4.329081822669017, 51.27351632083246]]]}, "properties": {"h3": "881fa4c469fffff", "traffic": 0.0, "transit": 4.0, "offices": 0, "residential": 0.009549, "income": 0.0, "n_food": 0, "traffic_norm": 0.0, "transit_norm": 0.02139, "residential_norm": 1e-06, "income_norm": 0.0, "comp_cafe": 0, "comp_bakery": 0, "comp_confectionery": 0, "gap_cafe": 3760.453663, "gap_bakery": 4416.448905, "gap_confectionery": 7230.936547, "opp_cafe": null, "opp_bakery": null, "opp_confectionery": null, "vegan_coverage": 0.0}}, {"type": "Feature", "geometry": {"type": "Polygon", "coordinates": [[[4.318558444364816, 51.20735610060563], [4.317047284901638, 51.20299388474653], [4.322369336965115, 51.20043381798422], [4.329203025634608, 51.20223584767298], [4.330715078369364, 51.20659813291609], [4.325392549180584, 51.20915831910953], [4.318558444364816, 51.20735610060563]]]}, "properties": {"h3": "881fa4c535fffff", "traffic": 3.7, "transit": 19.0, "offices": 0, "residential": 446.815069, "income": 45383.042726, "n_food": 0, "traffic_norm": 0.004119, "transit_norm": 0.101604, "residential_norm": 0.033299, "income_norm": 0.497294, "comp_cafe": 1, "comp_bakery": 0, "comp_confectionery": 0, "gap_cafe": 865.785932, "gap_bakery": 1286.685948, "gap_confectionery": 5128.628562, "opp_cafe": null, "opp_bakery": null, "opp_confectionery": null, "vegan_coverage": 0.0}}, {"type": "Feature", "geometry": {"type": "Polygon", "coordinates": [[[4.304026582665958, 51.25503224794946], [4.302515447500747, 51.25067270890858], [4.307841260605706, 51.248116009106404], [4.314678687103969, 51.249918728900106], [4.316190716809576, 51.25427833715896], [4.310864425493959, 51.25683515642927], [4.304026582665958, 51.25503224794946]]]}, "properties": {"h3": "881fa4c737fffff", "traffic": 0.0, "transit": 3.0, "offices": 0, "residential": 0.0, "income": 0.0, "n_food": 0, "traffic_norm": 0.0, "transit_norm": 0.016043, "residential_norm": 0.0, "income_norm": 0.0, "comp_cafe": 0, "comp_bakery": 0, "comp_confectionery": 0, "gap_cafe": 1534.301089, "gap_bakery": 2155.713632, "gap_confectionery": 7188.177193, "opp_cafe": null, "opp_bakery": null, "opp_confectionery": null, "vegan_coverage": 0.0}}, {"type": "Feature", "geometry": {"type": "Polygon", "coordinates": [[[4.340684871890726, 51.145784099842956], [4.339173428700977, 51.141418426555106], [4.344490631768315, 51.13885383295932], [4.351319753675654, 51.1406547932614], [4.352832088500965, 51.14502053610778], [4.347514409800977, 51.147585249116624], [4.340684871890726, 51.145784099842956]]]}, "properties": {"h3": "881fa4ccc1fffff", "traffic": 7.1, "transit": 27.0, "offices": 1, "residential": 2289.335094, "income": 43607.074947, "n_food": 2, "traffic_norm": 0.007905, "transit_norm": 0.144385, "residential_norm": 0.170611, "income_norm": 0.477833, "comp_cafe": 0, "comp_bakery": 2, "comp_confectionery": 0, "gap_cafe": 2947.977473, "gap_bakery": 128.534409, "gap_confectionery": 7602.597674, "opp_cafe": null, "opp_bakery": null, "opp_confectionery": null, "vegan_coverage": 0.0}}, {"type": "Feature", "geometry": {"type": "Polygon", "coordinates": [[[4.386960599330266, 51.189699709622], [4.385444713870041, 51.18533636397732], [4.390765315950517, 51.1827716332644], [4.397602278442721, 51.184570128284925], [4.399119056659202, 51.18893354265926], [4.393797979645165, 51.191498393306524], [4.386960599330266, 51.189699709622]]]}, "properties": {"h3": "881fa41b4dfffff", "traffic": 49.5, "transit": 85.0, "offices": 0, "residential": 6538.56473, "income": 31517.96151, "n_food": 1, "traffic_norm": 0.05511, "transit_norm": 0.454545, "residential_norm": 0.487283, "income_norm": 0.345364, "comp_cafe": 1, "comp_bakery": 6, "comp_confectionery": 0, "gap_cafe": 630.795948, "gap_bakery": 287.54731, "gap_confectionery": 1947.81309, "opp_cafe": null, "opp_bakery": null, "opp_confectionery": null, "vegan_coverage": 0.0}}, {"type": "Feature", "geometry": {"type": "Polygon", "coordinates": [[[4.401360744169956, 51.24896364254664], [4.399842453483886, 51.244603553478164], [4.405167696828133, 51.242041246689666], [4.412011706231032, 51.24383890874642], [4.413530891225267, 51.24819906597088], [4.408205172526454, 51.25076149300572], [4.401360744169956, 51.24896364254664]]]}, "properties": {"h3": "881fa4c5d9fffff", "traffic": 8.7, "transit": 16.0, "offices": 0, "residential": 12.760985, "income": 28061.0, "n_food": 0, "traffic_norm": 0.009686, "transit_norm": 0.085561, "residential_norm": 0.000951, "income_norm": 0.307484, "comp_cafe": 2, "comp_bakery": 0, "comp_confectionery": 0, "gap_cafe": 643.652306, "gap_bakery": 1715.726146, "gap_confectionery": 2591.543567, "opp_cafe": null, "opp_bakery": null, "opp_confectionery": null, "vegan_coverage": 0.0}}, {"type": "Feature", "geometry": {"type": "Polygon", "coordinates": [[[4.478965052409895, 51.257436213877085], [4.477440759549329, 51.253076435751034], [4.482766577535449, 51.25051038089382], [4.489617161656806, 51.2523039832778], [4.491142348982128, 51.256663828620276], [4.48581605773976, 51.25923000438552], [4.478965052409895, 51.257436213877085]]]}, "properties": {"h3": "881fa4c4bbfffff", "traffic": 11.8, "transit": 28.0, "offices": 1, "residential": 1822.696573, "income": 44436.633359, "n_food": 1, "traffic_norm": 0.013137, "transit_norm": 0.149733, "residential_norm": 0.135835, "income_norm": 0.486923, "comp_cafe": 1, "comp_bakery": 2, "comp_confectionery": 1, "gap_cafe": 586.374805, "gap_bakery": 491.063502, "gap_confectionery": 306.116549, "opp_cafe": null, "opp_bakery": null, "opp_confectionery": null, "vegan_coverage": 0.0}}, {"type": "Feature", "geometry": {"type": "Polygon", "coordinates": [[[4.46755640487431, 51.27820787135056], [4.466032498652082, 51.27384927148418], [4.471359966227552, 51.27128495919717], [4.478211813917131, 51.27307912591591], [4.479736615163915, 51.27743779298436], [4.474408673714989, 51.28000222615519], [4.46755640487431, 51.27820787135056]]]}, "properties": {"h3": "881fa4c4d7fffff", "traffic": 4.7, "transit": 15.0, "offices": 0, "residential": 476.87765, "income": 67396.360848, "n_food": 0, "traffic_norm": 0.005233, "transit_norm": 0.080214, "residential_norm": 0.035539, "income_norm": 0.738509, "comp_cafe": 2, "comp_bakery": 0, "comp_confectionery": 0, "gap_cafe": 645.92605, "gap_bakery": 1408.886717, "gap_confectionery": 2748.533901, "opp_cafe": null, "opp_bakery": null, "opp_confectionery": null, "vegan_coverage": 0.0}}, {"type": "Feature", "geometry": {"type": "Polygon", "coordinates": [[[4.377022695134891, 51.25048879350413], [4.375506193154661, 51.24612884114607], [4.380831581934467, 51.24356793650331], [4.387673948782216, 51.245366864189684], [4.389191345130192, 51.24972688496933], [4.383865480280592, 51.2522879096642], [4.377022695134891, 51.25048879350413]]]}, "properties": {"h3": "881fa4c435fffff", "traffic": 0.7, "transit": 9.0, "offices": 1, "residential": 1.549954, "income": 28061.0, "n_food": 0, "traffic_norm": 0.000779, "transit_norm": 0.048128, "residential_norm": 0.000116, "income_norm": 0.307484, "comp_cafe": 0, "comp_bakery": 0, "comp_confectionery": 0, "gap_cafe": 2255.013731, "gap_bakery": 1961.028507, "gap_confectionery": 3329.693571, "opp_cafe": null, "opp_bakery": null, "opp_confectionery": null, "vegan_coverage": 0.0}}, {"type": "Feature", "geometry": {"type": "Polygon", "coordinates": [[[4.364118067805664, 51.23124773583076], [4.362602963126668, 51.22688674339785], [4.367926851392522, 51.22432549763075], [4.37476632052172, 51.2261251244366], [4.376282319070028, 51.23048618557091], [4.370957954637586, 51.23304755122109], [4.364118067805664, 51.23124773583076]]]}, "properties": {"h3": "881fa4c5c5fffff", "traffic": 6.8, "transit": 36.0, "offices": 0, "residential": 237.937262, "income": 24425.159601, "n_food": 0, "traffic_norm": 0.007571, "transit_norm": 0.192513, "residential_norm": 0.017732, "income_norm": 0.267644, "comp_cafe": 0, "comp_bakery": 1, "comp_confectionery": 0, "gap_cafe": 1317.278728, "gap_bakery": 1103.088807, "gap_confectionery": 2247.317348, "opp_cafe": null, "opp_bakery": null, "opp_confectionery": null, "vegan_coverage": 0.0}}, {"type": "Feature", "geometry": {"type": "Polygon", "coordinates": [[[4.42343821092208, 51.1873972101972], [4.421919647282616, 51.18303365876193], [4.427240029629647, 51.18046682596583], [4.434079449496983, 51.182263424402954], [4.435598905802622, 51.18662704416945], [4.430278049592799, 51.189193997190685], [4.42343821092208, 51.1873972101972]]]}, "properties": {"h3": "881fa41b55fffff", "traffic": 29.2, "transit": 65.0, "offices": 1, "residential": 5411.404122, "income": 43826.338263, "n_food": 4, "traffic_norm": 0.032509, "transit_norm": 0.347594, "residential_norm": 0.403282, "income_norm": 0.480236, "comp_cafe": 1, "comp_bakery": 5, "comp_confectionery": 1, "gap_cafe": 84.796661, "gap_bakery": 300.381609, "gap_confectionery": 590.120609, "opp_cafe": 1.0, "opp_bakery": 0.918919, "opp_confectionery": 0.621622, "vegan_coverage": 0.0}}, {"type": "Feature", "geometry": {"type": "Polygon", "coordinates": [[[4.330715078369364, 51.20659813291609], [4.329203025634608, 51.20223584767298], [4.334525007725735, 51.199675080551614], [4.341359519338753, 51.201476479167994], [4.342872465316704, 51.2058388336624], [4.337550006456091, 51.20839972031223], [4.330715078369364, 51.20659813291609]]]}, "properties": {"h3": "881fa4c537fffff", "traffic": 9.1, "transit": 23.0, "offices": 0, "residential": 2108.672752, "income": 40121.99527, "n_food": 0, "traffic_norm": 0.010131, "transit_norm": 0.122995, "residential_norm": 0.157148, "income_norm": 0.439645, "comp_cafe": 1, "comp_bakery": 1, "comp_confectionery": 0, "gap_cafe": 708.854749, "gap_bakery": 566.749229, "gap_confectionery": 4309.761878, "opp_cafe": null, "opp_bakery": null, "opp_confectionery": null, "vegan_coverage": 0.0}}, {"type": "Feature", "geometry": {"type": "Polygon", "coordinates": [[[4.326904471085807, 51.213520212195824], [4.325392549180584, 51.20915831910953], [4.330715078369364, 51.20659813291609], [4.337550006456091, 51.20839972031223], [4.339062821789683, 51.21276168264506], [4.333739815625786, 51.21532198835832], [4.326904471085807, 51.213520212195824]]]}, "properties": {"h3": "881fa4c531fffff", "traffic": 15.2, "transit": 25.0, "offices": 3, "residential": 1947.448388, "income": 44986.853827, "n_food": 1, "traffic_norm": 0.016923, "transit_norm": 0.13369, "residential_norm": 0.145133, "income_norm": 0.492953, "comp_cafe": 2, "comp_bakery": 1, "comp_confectionery": 0, "gap_cafe": 107.043948, "gap_bakery": 596.289514, "gap_confectionery": 4488.0936, "opp_cafe": null, "opp_bakery": null, "opp_confectionery": null, "vegan_coverage": 0.0}}, {"type": "Feature", "geometry": {"type": "Polygon", "coordinates": [[[4.338334259302156, 51.19275105519453], [4.336821945159739, 51.188387985796105], [4.342142833245742, 51.18582605693713], [4.348976511850109, 51.18762707795384], [4.350489718865409, 51.19199021661294], [4.345168354421027, 51.19455226501777], [4.338334259302156, 51.19275105519453]]]}, "properties": {"h3": "881fa4ced5fffff", "traffic": 0.0, "transit": 17.0, "offices": 0, "residential": 769.301517, "income": 49521.0, "n_food": 0, "traffic_norm": 0.0, "transit_norm": 0.090909, "residential_norm": 0.057332, "income_norm": 0.542636, "comp_cafe": 0, "comp_bakery": 0, "comp_confectionery": 0, "gap_cafe": 1365.280373, "gap_bakery": 1320.556169, "gap_confectionery": 4406.216016, "opp_cafe": null, "opp_bakery": null, "opp_confectionery": null, "vegan_coverage": 0.0}}, {"type": "Feature", "geometry": {"type": "Polygon", "coordinates": [[[4.485794193168251, 51.22357220936053], [4.484270151147617, 51.21921053588985], [4.489593297996674, 51.21664227901146], [4.496440959472808, 51.21843557477481], [4.497965895057768, 51.22279731561855], [4.492642275620739, 51.225365693349026], [4.485794193168251, 51.22357220936053]]]}, "properties": {"h3": "881fa41a0bfffff", "traffic": 8.1, "transit": 33.0, "offices": 0, "residential": 1482.559694, "income": 35300.284016, "n_food": 0, "traffic_norm": 0.009018, "transit_norm": 0.176471, "residential_norm": 0.110487, "income_norm": 0.38681, "comp_cafe": 0, "comp_bakery": 1, "comp_confectionery": 0, "gap_cafe": 1596.57382, "gap_bakery": 1124.645993, "gap_confectionery": 3495.631379, "opp_cafe": null, "opp_bakery": null, "opp_confectionery": null, "vegan_coverage": 0.0}}, {"type": "Feature", "geometry": {"type": "Polygon", "coordinates": [[[4.345795345283279, 51.28583519999122], [4.344280390987727, 51.28147727945163], [4.349608593641809, 51.2789199814191], [4.35645222806674, 51.28072048403622], [4.357968077688724, 51.28507847310606], [4.35263939757705, 51.287635891051686], [4.345795345283279, 51.28583519999122]]]}, "properties": {"h3": "881fa4c441fffff", "traffic": 0.0, "transit": 4.0, "offices": 0, "residential": 0.005479, "income": 0.0, "n_food": 0, "traffic_norm": 0.0, "transit_norm": 0.02139, "residential_norm": 0.0, "income_norm": 0.0, "comp_cafe": 0, "comp_bakery": 0, "comp_confectionery": 0, "gap_cafe": 4686.590483, "gap_bakery": 4281.094166, "gap_confectionery": 7795.367359, "opp_cafe": null, "opp_bakery": null, "opp_confectionery": null, "vegan_coverage": 0.0}}, {"type": "Feature", "geometry": {"type": "Polygon", "coordinates": [[[4.459947244902312, 51.292050774186556], [4.458423596857734, 51.287692960087575], [4.463752164482001, 51.28512980971083], [4.470604854454547, 51.28692435258848], [4.472129397897025, 51.29128223387984], [4.466800355987477, 51.29384550512438], [4.459947244902312, 51.292050774186556]]]}, "properties": {"h3": "881fa4c4d9fffff", "traffic": 0.7, "transit": 0.0, "offices": 0, "residential": 317.290027, "income": 91260.0, "n_food": 0, "traffic_norm": 0.000779, "transit_norm": 0.0, "residential_norm": 0.023646, "income_norm": 1.0, "comp_cafe": 0, "comp_bakery": 1, "comp_confectionery": 0, "gap_cafe": 1247.870485, "gap_bakery": 1288.610373, "gap_confectionery": 4376.326509, "opp_cafe": null, "opp_bakery": null, "opp_confectionery": null, "vegan_coverage": 0.0}}, {"type": "Feature", "geometry": {"type": "Polygon", "coordinates": [[[4.43482670940506, 51.27358948468774], [4.433305358920775, 51.26923069443371], [4.438632502769703, 51.266667906127424], [4.445481471865935, 51.26846378749698], [4.447003717281571, 51.27282264535647], [4.441676098687834, 51.27538555426413], [4.43482670940506, 51.27358948468774]]]}, "properties": {"h3": "881fa4c4c7fffff", "traffic": 3.7, "transit": 20.0, "offices": 0, "residential": 655.310844, "income": 56300.810967, "n_food": 0, "traffic_norm": 0.004119, "transit_norm": 0.106952, "residential_norm": 0.048837, "income_norm": 0.616928, "comp_cafe": 0, "comp_bakery": 0, "comp_confectionery": 0, "gap_cafe": 1248.798003, "gap_bakery": 1410.609555, "gap_confectionery": 3792.801922, "opp_cafe": null, "opp_bakery": null, "opp_confectionery": null, "vegan_coverage": 0.0}}, {"type": "Feature", "geometry": {"type": "Polygon", "coordinates": [[[4.373952877240082, 51.27740365444745], [4.37243600186709, 51.27304520421324], [4.377763512713481, 51.270485922716325], [4.384608375486963, 51.27228497136082], [4.386126145941956, 51.276643489864576], [4.380798158559415, 51.279202891477475], [4.373952877240082, 51.27740365444745]]]}, "properties": {"h3": "881fa4c40bfffff", "traffic": 2.0, "transit": 15.0, "offices": 0, "residential": 0.121473, "income": 0.0, "n_food": 0, "traffic_norm": 0.002227, "transit_norm": 0.080214, "residential_norm": 9e-06, "income_norm": 0.0, "comp_cafe": 0, "comp_bakery": 0, "comp_confectionery": 0, "gap_cafe": 2717.611802, "gap_bakery": 2314.874321, "gap_confectionery": 6272.728562, "opp_cafe": null, "opp_bakery": null, "opp_confectionery": null, "vegan_coverage": 0.0}}, {"type": "Feature", "geometry": {"type": "Polygon", "coordinates": [[[4.311655259734385, 51.24119879662836], [4.31014386198652, 51.236838472695794], [4.315468580199407, 51.23428061060672], [4.322305173976112, 51.236082952988056], [4.323817465893558, 51.2404433461482], [4.318492269882211, 51.24300132772255], [4.311655259734385, 51.24119879662836]]]}, "properties": {"h3": "881fa4c555fffff", "traffic": 0.0, "transit": 0.0, "offices": 0, "residential": 0.0, "income": 0.0, "n_food": 0, "traffic_norm": 0.0, "transit_norm": 0.0, "residential_norm": 0.0, "income_norm": 0.0, "comp_cafe": 0, "comp_bakery": 0, "comp_confectionery": 0, "gap_cafe": 2457.658087, "gap_bakery": 2660.905301, "gap_confectionery": 6044.639297, "opp_cafe": null, "opp_bakery": null, "opp_confectionery": null, "vegan_coverage": 0.0}}, {"type": "Feature", "geometry": {"type": "Polygon", "coordinates": [[[4.46448752097444, 51.198172546722446], [4.462965644180909, 51.193809507017505], [4.468286823691059, 51.19124103157908], [4.475130352855606, 51.19303547527347], [4.476653122563503, 51.197398582768926], [4.47133147021081, 51.19996717880261], [4.46448752097444, 51.198172546722446]]]}, "properties": {"h3": "881fa41a21fffff", "traffic": 14.8, "transit": 42.0, "offices": 0, "residential": 3509.774075, "income": 42628.153214, "n_food": 0, "traffic_norm": 0.016477, "transit_norm": 0.224599, "residential_norm": 0.261564, "income_norm": 0.467107, "comp_cafe": 4, "comp_bakery": 2, "comp_confectionery": 0, "gap_cafe": 501.352664, "gap_bakery": 472.885931, "gap_confectionery": 2811.817815, "opp_cafe": null, "opp_bakery": null, "opp_confectionery": null, "vegan_coverage": 0.0}}, {"type": "Feature", "geometry": {"type": "Polygon", "coordinates": [[[4.305683858740251, 51.18810289442552], [4.304174092253566, 51.18373964162104], [4.309494643135944, 51.18117923255346], [4.316325437741855, 51.18298195705072], [4.317836097001334, 51.18734527951866], [4.312515068899505, 51.18990580784892], [4.305683858740251, 51.18810289442552]]]}, "properties": {"h3": "881fa4cec5fffff", "traffic": 2.0, "transit": 19.0, "offices": 0, "residential": 83.544423, "income": 49479.554234, "n_food": 0, "traffic_norm": 0.002227, "transit_norm": 0.101604, "residential_norm": 0.006226, "income_norm": 0.542182, "comp_cafe": 0, "comp_bakery": 0, "comp_confectionery": 0, "gap_cafe": 1485.157614, "gap_bakery": 2080.421378, "gap_confectionery": 6644.022009, "opp_cafe": null, "opp_bakery": null, "opp_confectionery": null, "vegan_coverage": 0.0}}, {"type": "Feature", "geometry": {"type": "Polygon", "coordinates": [[[4.327629822430507, 51.23352439032021], [4.326117399533137, 51.229163604788056], [4.331441500493947, 51.22660446106589], [4.33827850160606, 51.22840598330772], [4.339791818459315, 51.23276683793953], [4.334467240262136, 51.23532610125297], [4.327629822430507, 51.23352439032021]]]}, "properties": {"h3": "881fa4c51dfffff", "traffic": 0.0, "transit": 0.0, "offices": 1, "residential": 51.403715, "income": 45976.078644, "n_food": 0, "traffic_norm": 0.0, "transit_norm": 0.0, "residential_norm": 0.003831, "income_norm": 0.503792, "comp_cafe": 0, "comp_bakery": 0, "comp_confectionery": 0, "gap_cafe": 1490.807169, "gap_bakery": 1695.85841, "gap_confectionery": 4723.195496, "opp_cafe": null, "opp_bakery": null, "opp_confectionery": null, "vegan_coverage": 0.0}}, {"type": "Feature", "geometry": {"type": "Polygon", "coordinates": [[[4.455359436240336, 51.171990727067396], [4.453838829563326, 51.167626255075106], [4.459157966632776, 51.1650568595441], [4.465998183135545, 51.16685181559289], [4.467519682045907, 51.17121635566], [4.462200072238431, 51.17378587162661], [4.455359436240336, 51.171990727067396]]]}, "properties": {"h3": "881fa41b17fffff", "traffic": 41.0, "transit": 57.0, "offices": 2, "residential": 2527.119532, "income": 45683.873822, "n_food": 1, "traffic_norm": 0.045647, "transit_norm": 0.304813, "residential_norm": 0.188332, "income_norm": 0.50059, "comp_cafe": 3, "comp_bakery": 2, "comp_confectionery": 0, "gap_cafe": 386.626715, "gap_bakery": 487.239612, "gap_confectionery": 2220.653781, "opp_cafe": null, "opp_bakery": null, "opp_confectionery": null, "vegan_coverage": 0.0}}, {"type": "Feature", "geometry": {"type": "Polygon", "coordinates": [[[4.434084816335714, 51.14657376501214], [4.432566369846677, 51.142207930680115], [4.437883540350002, 51.139638315503724], [4.444719630350579, 51.14143441450268], [4.44623896842341, 51.14580031732646], [4.440921324930018, 51.14837005268262], [4.434084816335714, 51.14657376501214]]]}, "properties": {"h3": "881fa4194bfffff", "traffic": 3.1, "transit": 17.0, "offices": 0, "residential": 375.622821, "income": 52630.704486, "n_food": 0, "traffic_norm": 0.003451, "transit_norm": 0.090909, "residential_norm": 0.027993, "income_norm": 0.576712, "comp_cafe": 0, "comp_bakery": 0, "comp_confectionery": 0, "gap_cafe": 1487.330236, "gap_bakery": 1246.067906, "gap_confectionery": 4225.527795, "opp_cafe": null, "opp_bakery": null, "opp_confectionery": null, "vegan_coverage": 0.0}}, {"type": "Feature", "geometry": {"type": "Polygon", "coordinates": [[[4.396060345090898, 51.21587477461794], [4.394543192849622, 51.211512860281196], [4.399865840607651, 51.20894905113579], [4.406706115666204, 51.21074703625598], [4.408224161346387, 51.21510901903807], [4.402901038547036, 51.21767294827772], [4.396060345090898, 51.21587477461794]]]}, "properties": {"h3": "881fa4c587fffff", "traffic": 772.4, "transit": 97.0, "offices": 16, "residential": 7460.09718, "income": 35369.306116, "n_food": 33, "traffic_norm": 0.859942, "transit_norm": 0.518717, "residential_norm": 0.55596, "income_norm": 0.387566, "comp_cafe": 120, "comp_bakery": 18, "comp_confectionery": 15, "gap_cafe": 151.525993, "gap_bakery": 212.029049, "gap_confectionery": 118.138066, "opp_cafe": 0.054054, "opp_bakery": 0.405405, "opp_confectionery": 0.243243, "vegan_coverage": 0.0}}, {"type": "Feature", "geometry": {"type": "Polygon", "coordinates": [[[4.315468580199407, 51.23428061060672], [4.313957051286263, 51.22991989430689], [4.319281222148099, 51.22736145113295], [4.326117399533137, 51.229163604788056], [4.327629822430507, 51.23352439032021], [4.322305173976112, 51.236082952988056], [4.315468580199407, 51.23428061060672]]]}, "properties": {"h3": "881fa4c50bfffff", "traffic": 0.7, "transit": 0.0, "offices": 0, "residential": 18.561447, "income": 47915.383268, "n_food": 0, "traffic_norm": 0.000779, "transit_norm": 0.0, "residential_norm": 0.001383, "income_norm": 0.525043, "comp_cafe": 0, "comp_bakery": 0, "comp_confectionery": 0, "gap_cafe": 1643.868052, "gap_bakery": 1847.164068, "gap_confectionery": 5563.894492, "opp_cafe": null, "opp_bakery": null, "opp_confectionery": null, "vegan_coverage": 0.0}}, {"type": "Feature", "geometry": {"type": "Polygon", "coordinates": [[[4.345950729703678, 51.178900085871845], [4.344438154488743, 51.17453623252968], [4.34975794882311, 51.17197314209122], [4.356590794337662, 51.173773785454685], [4.358104262055269, 51.17813770806684], [4.352783991773304, 51.18070091806862], [4.345950729703678, 51.178900085871845]]]}, "properties": {"h3": "881fa4ce83fffff", "traffic": 9.8, "transit": 74.0, "offices": 1, "residential": 5564.427436, "income": 35575.663471, "n_food": 3, "traffic_norm": 0.010911, "transit_norm": 0.395722, "residential_norm": 0.414686, "income_norm": 0.389828, "comp_cafe": 2, "comp_bakery": 2, "comp_confectionery": 0, "gap_cafe": 249.633933, "gap_bakery": 123.613775, "gap_confectionery": 4784.744406, "opp_cafe": 0.891892, "opp_bakery": 0.810811, "opp_confectionery": 0.864865, "vegan_coverage": 0.0}}, {"type": "Feature", "geometry": {"type": "Polygon", "coordinates": [[[4.417336876108312, 51.24127590078584], [4.415817561451949, 51.23691535104632], [4.421142182571765, 51.23435176219937], [4.427986593157013, 51.23614860276343], [4.429506801905339, 51.24050922053089], [4.424181705994571, 51.2430729297295], [4.417336876108312, 51.24127590078584]]]}, "properties": {"h3": "881fa4c5d3fffff", "traffic": 49.6, "transit": 60.0, "offices": 0, "residential": 1631.939454, "income": 31315.746852, "n_food": 0, "traffic_norm": 0.055222, "transit_norm": 0.320856, "residential_norm": 0.121619, "income_norm": 0.343149, "comp_cafe": 10, "comp_bakery": 3, "comp_confectionery": 0, "gap_cafe": 871.71958, "gap_bakery": 1097.020693, "gap_confectionery": 1393.905983, "opp_cafe": null, "opp_bakery": null, "opp_confectionery": null, "vegan_coverage": 0.0}}, {"type": "Feature", "geometry": {"type": "Polygon", "coordinates": [[[4.342142833245742, 51.18582605693713], [4.340630388525209, 51.181462595540346], [4.345950729703678, 51.178900085871845], [4.352783991773304, 51.18070091806862], [4.354297329181595, 51.18506444873076], [4.348976511850109, 51.18762707795384], [4.342142833245742, 51.18582605693713]]]}, "properties": {"h3": "881fa4ce8bfffff", "traffic": 6.4, "transit": 52.0, "offices": 1, "residential": 2703.257239, "income": 39046.832846, "n_food": 0, "traffic_norm": 0.007125, "transit_norm": 0.278075, "residential_norm": 0.201459, "income_norm": 0.427864, "comp_cafe": 2, "comp_bakery": 2, "comp_confectionery": 0, "gap_cafe": 551.832872, "gap_bakery": 794.185509, "gap_confectionery": 4593.368138, "opp_cafe": null, "opp_bakery": null, "opp_confectionery": null, "vegan_coverage": 0.0}}, {"type": "Feature", "geometry": {"type": "Polygon", "coordinates": [[[4.405167696828133, 51.242041246689666], [4.403649276293972, 51.2376807651109], [4.408973971022447, 51.23511787740498], [4.415817561451949, 51.23691535104632], [4.417336876108312, 51.24127590078584], [4.412011706231032, 51.24383890874642], [4.405167696828133, 51.242041246689666]]]}, "properties": {"h3": "881fa4c5d1fffff", "traffic": 50.2, "transit": 43.0, "offices": 2, "residential": 66.617629, "income": 53104.412828, "n_food": 1, "traffic_norm": 0.05589, "transit_norm": 0.229947, "residential_norm": 0.004965, "income_norm": 0.581902, "comp_cafe": 13, "comp_bakery": 2, "comp_confectionery": 0, "gap_cafe": 243.350062, "gap_bakery": 935.905075, "gap_confectionery": 1800.891973, "opp_cafe": null, "opp_bakery": null, "opp_confectionery": null, "vegan_coverage": 0.0}}, {"type": "Feature", "geometry": {"type": "Polygon", "coordinates": [[[4.46298532313223, 51.265131353456994], [4.461462053750214, 51.26077203537643], [4.46678849757692, 51.25820726299643], [4.473638684625175, 51.26000168791702], [4.47516284868999, 51.26436107334213], [4.469835931042148, 51.2669259665253], [4.46298532313223, 51.265131353456994]]]}, "properties": {"h3": "881fa4c483fffff", "traffic": 17.8, "transit": 22.0, "offices": 0, "residential": 500.018584, "income": 68238.036177, "n_food": 0, "traffic_norm": 0.019817, "transit_norm": 0.117647, "residential_norm": 0.037264, "income_norm": 0.747732, "comp_cafe": 0, "comp_bakery": 1, "comp_confectionery": 0, "gap_cafe": 1599.861369, "gap_bakery": 1102.777713, "gap_confectionery": 1665.227841, "opp_cafe": null, "opp_bakery": null, "opp_confectionery": null, "vegan_coverage": 0.0}}, {"type": "Feature", "geometry": {"type": "Polygon", "coordinates": [[[4.329263531532721, 51.16656906630086], [4.327752479931487, 51.16220456818385], [4.333071321919846, 51.15964171660674], [4.339901691775048, 51.16144324378323], [4.341413635566272, 51.165807811444964], [4.336094317329873, 51.168370782408545], [4.329263531532721, 51.16656906630086]]]}, "properties": {"h3": "881fa4ceabfffff", "traffic": 1.7, "transit": 12.0, "offices": 0, "residential": 7.766644, "income": 0.0, "n_food": 0, "traffic_norm": 0.001893, "transit_norm": 0.064171, "residential_norm": 0.000579, "income_norm": 0.0, "comp_cafe": 0, "comp_bakery": 0, "comp_confectionery": 0, "gap_cafe": 1725.866961, "gap_bakery": 1690.855713, "gap_confectionery": 6553.008878, "opp_cafe": null, "opp_bakery": null, "opp_confectionery": null, "vegan_coverage": 0.0}}, {"type": "Feature", "geometry": {"type": "Polygon", "coordinates": [[[4.356498465452643, 51.245089292093084], [4.354983621704537, 51.240729084485274], [4.360308605874871, 51.2381690006821], [4.367148910389358, 51.23996900464375], [4.36866464837807, 51.24432928094345], [4.363339187629463, 51.24688948461277], [4.356498465452643, 51.245089292093084]]]}, "properties": {"h3": "881fa4c427fffff", "traffic": 0.0, "transit": 6.0, "offices": 0, "residential": 0.0, "income": 0.0, "n_food": 0, "traffic_norm": 0.0, "transit_norm": 0.032086, "residential_norm": 0.0, "income_norm": 0.0, "comp_cafe": 0, "comp_bakery": 0, "comp_confectionery": 0, "gap_cafe": 2877.613052, "gap_bakery": 2107.726541, "gap_confectionery": 3592.813108, "opp_cafe": null, "opp_bakery": null, "opp_confectionery": null, "vegan_coverage": 0.0}}, {"type": "Feature", "geometry": {"type": "Polygon", "coordinates": [[[4.277568262017726, 51.19653528194518], [4.276060412662559, 51.19217256084059], [4.281381647056056, 51.18961413280249], [4.288211208957137, 51.19141830683315], [4.28971995132529, 51.19578109786185], [4.28439823879671, 51.198339644958864], [4.277568262017726, 51.19653528194518]]]}, "properties": {"h3": "881fa4ce19fffff", "traffic": 1.0, "transit": 5.0, "offices": 0, "residential": 56.29594, "income": 44258.0, "n_food": 0, "traffic_norm": 0.001113, "transit_norm": 0.026738, "residential_norm": 0.004195, "income_norm": 0.484966, "comp_cafe": 1, "comp_bakery": 0, "comp_confectionery": 0, "gap_cafe": 1075.721123, "gap_bakery": 3059.685545, "gap_confectionery": 8169.853305, "opp_cafe": null, "opp_bakery": null, "opp_confectionery": null, "vegan_coverage": 0.0}}, {"type": "Feature", "geometry": {"type": "Polygon", "coordinates": [[[4.468286823691059, 51.19124103157908], [4.46676481819264, 51.18687759971857], [4.472085449111979, 51.184308543734154], [4.478928558185552, 51.18610279902975], [4.480451456412405, 51.19046629868542], [4.475130352855606, 51.19303547527347], [4.468286823691059, 51.19124103157908]]]}, "properties": {"h3": "881fa41a27fffff", "traffic": 4.7, "transit": 16.0, "offices": 0, "residential": 501.913799, "income": 42705.152927, "n_food": 0, "traffic_norm": 0.005233, "transit_norm": 0.085561, "residential_norm": 0.037405, "income_norm": 0.46795, "comp_cafe": 0, "comp_bakery": 0, "comp_confectionery": 0, "gap_cafe": 979.954094, "gap_bakery": 1227.352184, "gap_confectionery": 2735.341628, "opp_cafe": null, "opp_bakery": null, "opp_confectionery": null, "vegan_coverage": 0.0}}, {"type": "Feature", "geometry": {"type": "Polygon", "coordinates": [[[4.487273180792505, 51.15656886720019], [4.485750533020526, 51.15220347535797], [4.491068421949998, 51.149631517244615], [4.497909430283005, 51.151424830350855], [4.499432969854172, 51.15579029001132], [4.494114609311563, 51.15836236877036], [4.487273180792505, 51.15656886720019]]]}, "properties": {"h3": "881fa41829fffff", "traffic": 10.8, "transit": 23.0, "offices": 0, "residential": 373.556433, "income": 53382.424595, "n_food": 0, "traffic_norm": 0.012024, "transit_norm": 0.122995, "residential_norm": 0.027839, "income_norm": 0.584949, "comp_cafe": 2, "comp_bakery": 1, "comp_confectionery": 1, "gap_cafe": 602.681692, "gap_bakery": 1010.661241, "gap_confectionery": 991.139026, "opp_cafe": null, "opp_bakery": null, "opp_confectionery": null, "vegan_coverage": 0.0}}, {"type": "Feature", "geometry": {"type": "Polygon", "coordinates": [[[4.443959782816228, 51.1927864944073], [4.442439562868062, 51.188423198535695], [4.447760344479619, 51.18585554459202], [4.454601819410682, 51.18765106613282], [4.456122932149466, 51.192014430065306], [4.450801677184784, 51.19458220441924], [4.443959782816228, 51.1927864944073]]]}, "properties": {"h3": "881fa41b53fffff", "traffic": 27.4, "transit": 53.0, "offices": 1, "residential": 2300.434735, "income": 38924.077299, "n_food": 0, "traffic_norm": 0.030505, "transit_norm": 0.283422, "residential_norm": 0.171439, "income_norm": 0.426518, "comp_cafe": 6, "comp_bakery": 3, "comp_confectionery": 1, "gap_cafe": 649.096158, "gap_bakery": 817.869871, "gap_confectionery": 1312.383371, "opp_cafe": null, "opp_bakery": null, "opp_confectionery": null, "vegan_coverage": 0.0}}, {"type": "Feature", "geometry": {"type": "Polygon", "coordinates": [[[4.427240029629647, 51.18046682596583], [4.425721336709328, 51.17610288249963], [4.431041171157656, 51.17353546911153], [4.43788017220216, 51.17533187897912], [4.439399757603046, 51.17969589078123], [4.434079449496983, 51.182263424402954], [4.427240029629647, 51.18046682596583]]]}, "properties": {"h3": "881fa41b0bfffff", "traffic": 41.3, "transit": 49.0, "offices": 3, "residential": 5253.875161, "income": 41431.187935, "n_food": 1, "traffic_norm": 0.045981, "transit_norm": 0.262032, "residential_norm": 0.391542, "income_norm": 0.453991, "comp_cafe": 3, "comp_bakery": 7, "comp_confectionery": 1, "gap_cafe": 558.782744, "gap_bakery": 410.90794, "gap_confectionery": 504.769158, "opp_cafe": null, "opp_bakery": null, "opp_confectionery": null, "vegan_coverage": 0.0}}, {"type": "Feature", "geometry": {"type": "Polygon", "coordinates": [[[4.378608571558926, 51.18353723715947], [4.377093448861888, 51.17917356836487], [4.382413575857656, 51.176608957497926], [4.389249300653026, 51.17840789560271], [4.390765315950517, 51.1827716332644], [4.385444713870041, 51.18533636397732], [4.378608571558926, 51.18353723715947]]]}, "properties": {"h3": "881fa4ce93fffff", "traffic": 56.7, "transit": 91.0, "offices": 0, "residential": 7016.717371, "income": 31710.913718, "n_food": 1, "traffic_norm": 0.063126, "transit_norm": 0.486631, "residential_norm": 0.522917, "income_norm": 0.347479, "comp_cafe": 4, "comp_bakery": 7, "comp_confectionery": 0, "gap_cafe": 439.934947, "gap_bakery": 712.262301, "gap_confectionery": 2834.869118, "opp_cafe": null, "opp_bakery": null, "opp_confectionery": null, "vegan_coverage": 0.0}}, {"type": "Feature", "geometry": {"type": "Polygon", "coordinates": [[[4.483539205232609, 51.270514111840875], [4.482014275209307, 51.26615505196215], [4.487341116455916, 51.26358945702228], [4.494193361052499, 51.26538280099573], [4.495719185882082, 51.269741927948424], [4.490391871327284, 51.27230764387688], [4.483539205232609, 51.270514111840875]]]}, "properties": {"h3": "881fa4c491fffff", "traffic": 0.0, "transit": 0.0, "offices": 0, "residential": 76.027712, "income": 62784.311591, "n_food": 0, "traffic_norm": 0.0, "transit_norm": 0.0, "residential_norm": 0.005666, "income_norm": 0.687972, "comp_cafe": 3, "comp_bakery": 0, "comp_confectionery": 0, "gap_cafe": 1040.507741, "gap_bakery": 1964.844323, "gap_confectionery": 1759.189478, "opp_cafe": null, "opp_bakery": null, "opp_confectionery": null, "vegan_coverage": 0.0}}, {"type": "Feature", "geometry": {"type": "Polygon", "coordinates": [[[4.300438409708102, 51.154993794872404], [4.298929772594891, 51.150628722713044], [4.304247730758353, 51.14806680949063], [4.311074802954785, 51.149869849338266], [4.31258433197292, 51.15423499144967], [4.307265896907112, 51.15679702378446], [4.300438409708102, 51.154993794872404]]]}, "properties": {"h3": "881fa4cc53fffff", "traffic": 8.4, "transit": 16.0, "offices": 0, "residential": 535.522939, "income": 50511.344227, "n_food": 0, "traffic_norm": 0.009352, "transit_norm": 0.085561, "residential_norm": 0.03991, "income_norm": 0.553488, "comp_cafe": 3, "comp_bakery": 0, "comp_confectionery": 0, "gap_cafe": 571.148432, "gap_bakery": 1629.372086, "gap_confectionery": 8922.344282, "opp_cafe": null, "opp_bakery": null, "opp_confectionery": null, "vegan_coverage": 0.0}}, {"type": "Feature", "geometry": {"type": "Polygon", "coordinates": [[[4.369520997492918, 51.15735165031166], [4.368007139349219, 51.15298655216793], [4.373325222068081, 51.150421019448366], [4.380157637924688, 51.152220465208906], [4.38167238798689, 51.15658563250379], [4.376353830291746, 51.15915128491005], [4.369520997492918, 51.15735165031166]]]}, "properties": {"h3": "881fa4ccd9fffff", "traffic": 7.5, "transit": 33.0, "offices": 5, "residential": 77.749128, "income": 35135.0, "n_food": 0, "traffic_norm": 0.00835, "transit_norm": 0.176471, "residential_norm": 0.005794, "income_norm": 0.384999, "comp_cafe": 3, "comp_bakery": 0, "comp_confectionery": 0, "gap_cafe": 690.711905, "gap_bakery": 1999.110202, "gap_confectionery": 5217.069726, "opp_cafe": null, "opp_bakery": null, "opp_confectionery": null, "vegan_coverage": 0.0}}, {"type": "Feature", "geometry": {"type": "Polygon", "coordinates": [[[4.484249113010812, 51.18353304192733], [4.482726086348438, 51.17916915016444], [4.488046092506468, 51.176598812587635], [4.494889597419705, 51.17839224608829], [4.496413516593041, 51.182756205518075], [4.491093038360661, 51.18532666380345], [4.484249113010812, 51.18353304192733]]]}, "properties": {"h3": "881fa41841fffff", "traffic": 0.0, "transit": 10.0, "offices": 0, "residential": 123.24861, "income": 56010.0, "n_food": 0, "traffic_norm": 0.0, "transit_norm": 0.053476, "residential_norm": 0.009185, "income_norm": 0.613741, "comp_cafe": 0, "comp_bakery": 0, "comp_confectionery": 0, "gap_cafe": 1323.867452, "gap_bakery": 1572.532345, "gap_confectionery": 2025.481573, "opp_cafe": null, "opp_bakery": null, "opp_confectionery": null, "vegan_coverage": 0.0}}, {"type": "Feature", "geometry": {"type": "Polygon", "coordinates": [[[4.403670658310618, 51.20202235463364], [4.402153246551197, 51.19765965587395], [4.407474798347333, 51.195094685203905], [4.414314236551349, 51.196892293205394], [4.415832541378379, 51.201255060419776], [4.410510514951789, 51.2038201512011], [4.403670658310618, 51.20202235463364]]]}, "properties": {"h3": "881fa4c5b5fffff", "traffic": 152.3, "transit": 93.0, "offices": 7, "residential": 6356.312937, "income": 41633.064188, "n_food": 4, "traffic_norm": 0.169561, "transit_norm": 0.497326, "residential_norm": 0.473701, "income_norm": 0.456203, "comp_cafe": 20, "comp_bakery": 14, "comp_confectionery": 2, "gap_cafe": 382.219235, "gap_bakery": 395.634833, "gap_confectionery": 399.552227, "opp_cafe": 0.648649, "opp_bakery": 0.72973, "opp_confectionery": 0.648649, "vegan_coverage": 0.0}}, {"type": "Feature", "geometry": {"type": "Polygon", "coordinates": [[[4.32164591922044, 51.18042084784944], [4.320135129096635, 51.17605713344547], [4.325455064015253, 51.173495443412676], [4.33228626573391, 51.17529734843808], [4.333797948417475, 51.179661132377504], [4.328477536840154, 51.18222294177914], [4.32164591922044, 51.18042084784944]]]}, "properties": {"h3": "881fa4ce8dfffff", "traffic": 3.7, "transit": 41.0, "offices": 0, "residential": 18.622722, "income": 0.0, "n_food": 1, "traffic_norm": 0.004119, "transit_norm": 0.219251, "residential_norm": 0.001388, "income_norm": 0.0, "comp_cafe": 1, "comp_bakery": 0, "comp_confectionery": 0, "gap_cafe": 430.555456, "gap_bakery": 1694.426211, "gap_confectionery": 6139.117153, "opp_cafe": null, "opp_bakery": null, "opp_confectionery": null, "vegan_coverage": 0.0}}, {"type": "Feature", "geometry": {"type": "Polygon", "coordinates": [[[4.288293241745689, 51.15575126858935], [4.286785496565051, 51.1513862665147], [4.292103523352593, 51.14882505307251], [4.298929772594891, 51.150628722713044], [4.300438409708102, 51.154993794872404], [4.295119905663772, 51.15755512732958], [4.288293241745689, 51.15575126858935]]]}, "properties": {"h3": "881fa4cc51fffff", "traffic": 8.4, "transit": 16.0, "offices": 0, "residential": 388.768047, "income": 47604.624157, "n_food": 0, "traffic_norm": 0.009352, "transit_norm": 0.085561, "residential_norm": 0.028973, "income_norm": 0.521637, "comp_cafe": 2, "comp_bakery": 0, "comp_confectionery": 0, "gap_cafe": 619.790995, "gap_bakery": 1899.450472, "gap_confectionery": 9550.16873, "opp_cafe": null, "opp_bakery": null, "opp_confectionery": null, "vegan_coverage": 0.0}}, {"type": "Feature", "geometry": {"type": "Polygon", "coordinates": [[[4.428750760831027, 51.220500565189916], [4.427231057690631, 51.21613883822037], [4.432554032922416, 51.21357350695119], [4.439397185487044, 51.215369782298055], [4.440917782161499, 51.21973157730975], [4.435594332755431, 51.222297028955595], [4.428750760831027, 51.220500565189916]]]}, "properties": {"h3": "881fa4c597fffff", "traffic": 307.4, "transit": 173.0, "offices": 5, "residential": 12704.019672, "income": 30265.958283, "n_food": 20, "traffic_norm": 0.34224, "transit_norm": 0.925134, "residential_norm": 0.94676, "income_norm": 0.331645, "comp_cafe": 47, "comp_bakery": 31, "comp_confectionery": 13, "gap_cafe": 273.752119, "gap_bakery": 221.462031, "gap_confectionery": 355.242888, "opp_cafe": 0.486486, "opp_bakery": 0.432432, "opp_confectionery": 0.054054, "vegan_coverage": 0.0}}, {"type": "Feature", "geometry": {"type": "Polygon", "coordinates": [[[4.350489718865409, 51.19199021661294], [4.348976511850109, 51.18762707795384], [4.354297329181595, 51.18506444873076], [4.361131829548492, 51.18686483854681], [4.362645929407853, 51.19122804633387], [4.357324636073911, 51.19379079520001], [4.350489718865409, 51.19199021661294]]]}, "properties": {"h3": "881fa4ced7fffff", "traffic": 1.4, "transit": 30.0, "offices": 0, "residential": 651.247351, "income": 37973.781558, "n_food": 0, "traffic_norm": 0.001559, "transit_norm": 0.160428, "residential_norm": 0.048534, "income_norm": 0.416105, "comp_cafe": 0, "comp_bakery": 1, "comp_confectionery": 0, "gap_cafe": 1244.04471, "gap_bakery": 991.91794, "gap_confectionery": 3774.652635, "opp_cafe": null, "opp_bakery": null, "opp_confectionery": null, "vegan_coverage": 0.0}}, {"type": "Feature", "geometry": {"type": "Polygon", "coordinates": [[[4.442440534139104, 51.15273556374142], [4.440921324930018, 51.14837005268262], [4.44623896842341, 51.14580031732646], [4.453076293982043, 51.147595972784295], [4.454596394929636, 51.15196155219741], [4.449278278598291, 51.154531407821445], [4.442440534139104, 51.15273556374142]]]}, "properties": {"h3": "881fa41b37fffff", "traffic": 18.5, "transit": 36.0, "offices": 6, "residential": 2244.447317, "income": 49050.310364, "n_food": 0, "traffic_norm": 0.020597, "transit_norm": 0.192513, "residential_norm": 0.167266, "income_norm": 0.537479, "comp_cafe": 1, "comp_bakery": 4, "comp_confectionery": 0, "gap_cafe": 798.779868, "gap_bakery": 546.173764, "gap_confectionery": 3478.211891, "opp_cafe": null, "opp_bakery": null, "opp_confectionery": null, "vegan_coverage": 0.0}}, {"type": "Feature", "geometry": {"type": "Polygon", "coordinates": [[[4.424192286115689, 51.20741466782838], [4.42267321759709, 51.20305222448654], [4.427995170206527, 51.20048643278575], [4.434836665473844, 51.202282964153305], [4.436356627185289, 51.20664547567954], [4.431034200454677, 51.20921138767694], [4.424192286115689, 51.20741466782838]]]}, "properties": {"h3": "881fa4c5b3fffff", "traffic": 213.2, "transit": 116.0, "offices": 11, "residential": 7926.476749, "income": 41862.086899, "n_food": 8, "traffic_norm": 0.237364, "transit_norm": 0.620321, "residential_norm": 0.590716, "income_norm": 0.458712, "comp_cafe": 28, "comp_bakery": 27, "comp_confectionery": 2, "gap_cafe": 196.264378, "gap_bakery": 221.482501, "gap_confectionery": 615.567766, "opp_cafe": 0.621622, "opp_bakery": 0.324324, "opp_confectionery": 0.783784, "vegan_coverage": 0.0}}, {"type": "Feature", "geometry": {"type": "Polygon", "coordinates": [[[4.402175402529228, 51.16198156834679], [4.400658998221425, 51.15761665495248], [4.405977410785725, 51.15504960173575], [4.412812701788791, 51.15684734196756], [4.414329998111503, 51.1612123241101], [4.409011111434223, 51.16377949729571], [4.402175402529228, 51.16198156834679]]]}, "properties": {"h3": "881fa41b29fffff", "traffic": 5.0, "transit": 49.0, "offices": 1, "residential": 543.180063, "income": 43195.291904, "n_food": 0, "traffic_norm": 0.005567, "transit_norm": 0.262032, "residential_norm": 0.04048, "income_norm": 0.473321, "comp_cafe": 2, "comp_bakery": 1, "comp_confectionery": 0, "gap_cafe": 604.557981, "gap_bakery": 1136.454909, "gap_confectionery": 3191.36958, "opp_cafe": null, "opp_bakery": null, "opp_confectionery": null, "vegan_coverage": 0.0}}, {"type": "Feature", "geometry": {"type": "Polygon", "coordinates": [[[4.446999429946393, 51.16583066630923], [4.445479586605347, 51.16146587059519], [4.450798250784297, 51.158896595411655], [4.457637231213019, 51.160691995617796], [4.459157966632776, 51.1650568595441], [4.453838829563326, 51.167626255075106], [4.446999429946393, 51.16583066630923]]]}, "properties": {"h3": "881fa41b3bfffff", "traffic": 48.2, "transit": 59.0, "offices": 0, "residential": 3227.394179, "income": 48824.841486, "n_food": 1, "traffic_norm": 0.053663, "transit_norm": 0.315508, "residential_norm": 0.24052, "income_norm": 0.535008, "comp_cafe": 3, "comp_bakery": 5, "comp_confectionery": 0, "gap_cafe": 259.061331, "gap_bakery": 815.358715, "gap_confectionery": 2372.86881, "opp_cafe": null, "opp_bakery": null, "opp_confectionery": null, "vegan_coverage": 0.0}}, {"type": "Feature", "geometry": {"type": "Polygon", "coordinates": [[[4.44623896842341, 51.14580031732646], [4.444719630350579, 51.14143441450268], [4.450036726265186, 51.13886409875479], [4.456873632903981, 51.14065956557727], [4.458393862529821, 51.14502553675993], [4.453076293982043, 51.147595972784295], [4.44623896842341, 51.14580031732646]]]}, "properties": {"h3": "881fa4195dfffff", "traffic": 6.9, "transit": 17.0, "offices": 0, "residential": 1498.327211, "income": 49485.408692, "n_food": 0, "traffic_norm": 0.007682, "transit_norm": 0.090909, "residential_norm": 0.111662, "income_norm": 0.542246, "comp_cafe": 0, "comp_bakery": 1, "comp_confectionery": 0, "gap_cafe": 1614.101789, "gap_bakery": 697.020465, "gap_confectionery": 3642.130342, "opp_cafe": null, "opp_bakery": null, "opp_confectionery": null, "vegan_coverage": 0.0}}, {"type": "Feature", "geometry": {"type": "Polygon", "coordinates": [[[4.478910339862049, 51.15040952921171], [4.4773884555304, 51.14604381348854], [4.482705872693733, 51.143471975932854], [4.489545645973268, 51.145265733565736], [4.491068421949998, 51.149631517244615], [4.485750533020526, 51.15220347535797], [4.478910339862049, 51.15040952921171]]]}, "properties": {"h3": "881fa4182dfffff", "traffic": 1.7, "transit": 20.0, "offices": 0, "residential": 675.639278, "income": 64765.849842, "n_food": 0, "traffic_norm": 0.001893, "transit_norm": 0.106952, "residential_norm": 0.050352, "income_norm": 0.709685, "comp_cafe": 1, "comp_bakery": 0, "comp_confectionery": 0, "gap_cafe": 763.536038, "gap_bakery": 1092.881157, "gap_confectionery": 1790.579706, "opp_cafe": null, "opp_bakery": null, "opp_confectionery": null, "vegan_coverage": 0.0}}, {"type": "Feature", "geometry": {"type": "Polygon", "coordinates": [[[4.377868450480591, 51.16351606040962], [4.376353830291746, 51.15915128491005], [4.38167238798689, 51.15658563250379], [4.388506040714162, 51.158384635845216], [4.390021552977275, 51.16274948035856], [4.384702520456667, 51.16531525253978], [4.377868450480591, 51.16351606040962]]]}, "properties": {"h3": "881fa41b65fffff", "traffic": 14.3, "transit": 64.0, "offices": 2, "residential": 729.097529, "income": 41280.958695, "n_food": 1, "traffic_norm": 0.015921, "transit_norm": 0.342246, "residential_norm": 0.054336, "income_norm": 0.452344, "comp_cafe": 4, "comp_bakery": 2, "comp_confectionery": 0, "gap_cafe": 343.700389, "gap_bakery": 1099.991598, "gap_confectionery": 4351.178393, "opp_cafe": null, "opp_bakery": null, "opp_confectionery": null, "vegan_coverage": 0.0}}, {"type": "Feature", "geometry": {"type": "Polygon", "coordinates": [[[4.31258433197292, 51.15423499144967], [4.311074802954785, 51.149869849338266], [4.316392691997554, 51.147307236268915], [4.323220586623562, 51.14910964612435], [4.324731007518682, 51.15347485805515], [4.319412641928281, 51.156037590334186], [4.31258433197292, 51.15423499144967]]]}, "properties": {"h3": "881fa4cea5fffff", "traffic": 0.0, "transit": 4.0, "offices": 0, "residential": 2.660295, "income": 0.0, "n_food": 0, "traffic_norm": 0.0, "transit_norm": 0.02139, "residential_norm": 0.000198, "income_norm": 0.0, "comp_cafe": 1, "comp_bakery": 0, "comp_confectionery": 0, "gap_cafe": 1102.738043, "gap_bakery": 1775.164405, "gap_confectionery": 8334.214718, "opp_cafe": null, "opp_bakery": null, "opp_confectionery": null, "vegan_coverage": 0.0}}, {"type": "Feature", "geometry": {"type": "Polygon", "coordinates": [[[4.448521712427707, 51.20587494951514], [4.447000857553994, 51.20151236993736], [4.452322661032792, 51.19894517620081], [4.459165792809251, 51.20074044157497], [4.460687540814374, 51.20510308907142], [4.455365263929885, 51.20767040329818], [4.448521712427707, 51.20587494951514]]]}, "properties": {"h3": "881fa41a67fffff", "traffic": 34.5, "transit": 77.0, "offices": 1, "residential": 5502.32385, "income": 38506.942729, "n_food": 1, "traffic_norm": 0.03841, "transit_norm": 0.411765, "residential_norm": 0.410058, "income_norm": 0.421948, "comp_cafe": 7, "comp_bakery": 4, "comp_confectionery": 0, "gap_cafe": 431.052851, "gap_bakery": 1033.893361, "gap_confectionery": 1751.591027, "opp_cafe": null, "opp_bakery": null, "opp_confectionery": null, "vegan_coverage": 0.0}}, {"type": "Feature", "geometry": {"type": "Polygon", "coordinates": [[[4.469054422523002, 51.21126023254059], [4.467531910103408, 51.20689790952433], [4.472854111316308, 51.20432989408489], [4.479699297861879, 51.20612408100955], [4.481222703536569, 51.210486471674066], [4.47590002942898, 51.213054607788806], [4.469054422523002, 51.21126023254059]]]}, "properties": {"h3": "881fa41a05fffff", "traffic": 11.8, "transit": 52.0, "offices": 0, "residential": 3683.274003, "income": 33859.032722, "n_food": 0, "traffic_norm": 0.013137, "transit_norm": 0.278075, "residential_norm": 0.274494, "income_norm": 0.371017, "comp_cafe": 2, "comp_bakery": 2, "comp_confectionery": 0, "gap_cafe": 1069.6485, "gap_bakery": 1009.261527, "gap_confectionery": 2744.480083, "opp_cafe": null, "opp_bakery": null, "opp_confectionery": null, "vegan_coverage": 0.0}}, {"type": "Feature", "geometry": {"type": "Polygon", "coordinates": [[[4.313304750064693, 51.17425459788782], [4.311794721563388, 51.16989056127359], [4.317114179673458, 51.16732899052112], [4.323944143110854, 51.169131337125634], [4.325455064015253, 51.173495443412676], [4.320135129096635, 51.17605713344547], [4.313304750064693, 51.17425459788782]]]}, "properties": {"h3": "881fa4cee3fffff", "traffic": 3.4, "transit": 20.0, "offices": 0, "residential": 822.310301, "income": 41071.0, "n_food": 0, "traffic_norm": 0.003785, "transit_norm": 0.106952, "residential_norm": 0.061282, "income_norm": 0.450044, "comp_cafe": 1, "comp_bakery": 1, "comp_confectionery": 0, "gap_cafe": 1302.022903, "gap_bakery": 808.720226, "gap_confectionery": 6974.416492, "opp_cafe": null, "opp_bakery": null, "opp_confectionery": null, "vegan_coverage": 0.0}}, {"type": "Feature", "geometry": {"type": "Polygon", "coordinates": [[[4.335252500231192, 51.21968355847689], [4.333739815625786, 51.21532198835832], [4.339062821789683, 51.21276168264506], [4.345898989401436, 51.21456282746505], [4.347412567592023, 51.21892446669276], [4.342089084603353, 51.22148489201449], [4.335252500231192, 51.21968355847689]]]}, "properties": {"h3": "881fa4c53bfffff", "traffic": 14.2, "transit": 24.0, "offices": 0, "residential": 2206.386494, "income": 40805.05309, "n_food": 0, "traffic_norm": 0.015809, "transit_norm": 0.128342, "residential_norm": 0.16443, "income_norm": 0.44713, "comp_cafe": 2, "comp_bakery": 1, "comp_confectionery": 0, "gap_cafe": 824.14623, "gap_bakery": 819.295442, "gap_confectionery": 3949.551354, "opp_cafe": null, "opp_bakery": null, "opp_confectionery": null, "vegan_coverage": 0.0}}, {"type": "Feature", "geometry": {"type": "Polygon", "coordinates": [[[4.296628411693549, 51.161919807779185], [4.295119905663772, 51.15755512732958], [4.300438409708102, 51.154993794872404], [4.307265896907112, 51.15679702378446], [4.308775295026384, 51.1611617741815], [4.303456313874461, 51.163723225742096], [4.296628411693549, 51.161919807779185]]]}, "properties": {"h3": "881fa4cc5bfffff", "traffic": 3.1, "transit": 16.0, "offices": 0, "residential": 674.471291, "income": 48391.721785, "n_food": 1, "traffic_norm": 0.003451, "transit_norm": 0.085561, "residential_norm": 0.050265, "income_norm": 0.530262, "comp_cafe": 1, "comp_bakery": 1, "comp_confectionery": 0, "gap_cafe": 328.297815, "gap_bakery": 1003.247301, "gap_confectionery": 8683.365339, "opp_cafe": null, "opp_bakery": null, "opp_confectionery": null, "vegan_coverage": 0.0}}, {"type": "Feature", "geometry": {"type": "Polygon", "coordinates": [[[4.265417329830482, 51.197288135928474], [4.263910373515533, 51.192925484880654], [4.269231675678081, 51.19036775680584], [4.276060412662559, 51.19217256084059], [4.277568262017726, 51.19653528194518], [4.272246481365386, 51.19909312898133], [4.265417329830482, 51.197288135928474]]]}, "properties": {"h3": "881fa4ce57fffff", "traffic": 0.0, "transit": 3.0, "offices": 0, "residential": 60.757303, "income": 52577.149166, "n_food": 0, "traffic_norm": 0.0, "transit_norm": 0.016043, "residential_norm": 0.004528, "income_norm": 0.576125, "comp_cafe": 0, "comp_bakery": 0, "comp_confectionery": 0, "gap_cafe": 1687.242129, "gap_bakery": 3094.973265, "gap_confectionery": 8975.237976, "opp_cafe": null, "opp_bakery": null, "opp_confectionery": null, "vegan_coverage": 0.0}}, {"type": "Feature", "geometry": {"type": "Polygon", "coordinates": [[[4.384639790182225, 51.236646106022484], [4.383123027846125, 51.2322853687153], [4.388447320025763, 51.229723302153346], [4.39528885021756, 51.23152185285279], [4.396806506549741, 51.235882658591066], [4.391481738711954, 51.238444845221956], [4.384639790182225, 51.236646106022484]]]}, "properties": {"h3": "881fa4c5c3fffff", "traffic": 28.2, "transit": 32.0, "offices": 0, "residential": 1577.033137, "income": 39838.919964, "n_food": 0, "traffic_norm": 0.031396, "transit_norm": 0.171123, "residential_norm": 0.117528, "income_norm": 0.436543, "comp_cafe": 4, "comp_bakery": 1, "comp_confectionery": 0, "gap_cafe": 944.275246, "gap_bakery": 535.863218, "gap_confectionery": 1701.736315, "opp_cafe": null, "opp_bakery": null, "opp_confectionery": null, "vegan_coverage": 0.0}}, {"type": "Feature", "geometry": {"type": "Polygon", "coordinates": [[[4.402108864579862, 51.26896272019998], [4.400590069074942, 51.264603740835064], [4.405916885608917, 51.262042475769555], [4.412762973280102, 51.263840069773586], [4.414282663621379, 51.26819911714732], [4.40895537147316, 51.27076050253137], [4.402108864579862, 51.26896272019998]]]}, "properties": {"h3": "881fa4c417fffff", "traffic": 9.1, "transit": 24.0, "offices": 1, "residential": 482.118382, "income": 22363.986705, "n_food": 0, "traffic_norm": 0.010131, "transit_norm": 0.128342, "residential_norm": 0.03593, "income_norm": 0.245058, "comp_cafe": 0, "comp_bakery": 1, "comp_confectionery": 0, "gap_cafe": 1450.588498, "gap_bakery": 1079.481656, "gap_confectionery": 4633.023424, "opp_cafe": null, "opp_bakery": null, "opp_confectionery": null, "vegan_coverage": 0.0}}, {"type": "Feature", "geometry": {"type": "Polygon", "coordinates": [[[4.369402885289362, 51.26432758669942], [4.367886644000492, 51.25996841949995], [4.373213129635763, 51.25740867693333], [4.380056333059391, 51.25920798155394], [4.381573469087749, 51.26356721716541], [4.376246506970818, 51.2661270797674], [4.369402885289362, 51.26432758669942]]]}, "properties": {"h3": "881fa4c407fffff", "traffic": 1.0, "transit": 7.0, "offices": 0, "residential": 0.138783, "income": 0.0, "n_food": 0, "traffic_norm": 0.001113, "transit_norm": 0.037433, "residential_norm": 1e-05, "income_norm": 0.0, "comp_cafe": 0, "comp_bakery": 0, "comp_confectionery": 0, "gap_cafe": 3334.850008, "gap_bakery": 3045.380538, "gap_confectionery": 4957.349065, "opp_cafe": null, "opp_bakery": null, "opp_confectionery": null, "vegan_coverage": 0.0}}, {"type": "Feature", "geometry": {"type": "Polygon", "coordinates": [[[4.420388724299553, 51.214341929903945], [4.418869785210478, 51.20997987880938], [4.424192286115689, 51.20741466782838], [4.431034200454677, 51.20921138767694], [4.432554032922416, 51.21357350695119], [4.427231057690631, 51.21613883822037], [4.420388724299553, 51.214341929903945]]]}, "properties": {"h3": "881fa4c5bbfffff", "traffic": 354.0, "transit": 175.0, "offices": 18, "residential": 10864.449957, "income": 31795.269093, "n_food": 5, "traffic_norm": 0.394122, "transit_norm": 0.935829, "residential_norm": 0.809667, "income_norm": 0.348403, "comp_cafe": 53, "comp_bakery": 26, "comp_confectionery": 7, "gap_cafe": 300.610357, "gap_bakery": 24.073511, "gap_confectionery": 628.236514, "opp_cafe": 0.513514, "opp_bakery": 0.0, "opp_confectionery": 0.405405, "vegan_coverage": 0.0}}, {"type": "Feature", "geometry": {"type": "Polygon", "coordinates": [[[4.333071321919846, 51.15964171660674], [4.331560139705443, 51.15527682671289], [4.33687843532354, 51.15271339442312], [4.343708389216435, 51.15451473265493], [4.345220463435988, 51.158879692098154], [4.339901691775048, 51.16144324378323], [4.333071321919846, 51.15964171660674]]]}, "properties": {"h3": "881fa4cea3fffff", "traffic": 4.1, "transit": 26.0, "offices": 0, "residential": 148.316081, "income": 50054.148647, "n_food": 0, "traffic_norm": 0.004565, "transit_norm": 0.139037, "residential_norm": 0.011053, "income_norm": 0.548479, "comp_cafe": 0, "comp_bakery": 0, "comp_confectionery": 0, "gap_cafe": 2523.298688, "gap_bakery": 1399.139713, "gap_confectionery": 6896.414574, "opp_cafe": null, "opp_bakery": null, "opp_confectionery": null, "vegan_coverage": 0.0}}, {"type": "Feature", "geometry": {"type": "Polygon", "coordinates": [[[4.411278260865322, 51.188166042939116], [4.409760589922321, 51.18380255996789], [4.415081046011998, 51.1812364279319], [4.421919647282616, 51.18303365876193], [4.42343821092208, 51.1873972101972], [4.41811728061248, 51.18996346236147], [4.411278260865322, 51.188166042939116]]]}, "properties": {"h3": "881fa41b43fffff", "traffic": 29.1, "transit": 52.0, "offices": 1, "residential": 1090.85908, "income": 49138.978337, "n_food": 0, "traffic_norm": 0.032398, "transit_norm": 0.278075, "residential_norm": 0.081296, "income_norm": 0.53845, "comp_cafe": 4, "comp_bakery": 4, "comp_confectionery": 0, "gap_cafe": 575.471261, "gap_bakery": 621.070482, "gap_confectionery": 1402.795925, "opp_cafe": null, "opp_bakery": null, "opp_confectionery": null, "vegan_coverage": 0.0}}, {"type": "Feature", "geometry": {"type": "Polygon", "coordinates": [[[4.441677473189716, 51.239741205660316], [4.440156370379893, 51.23538051999777], [4.445480842784053, 51.23281552867127], [4.452326892090913, 51.23461110248505], [4.453848888931506, 51.23897185590986], [4.448523942452701, 51.2415369677818], [4.441677473189716, 51.239741205660316]]]}, "properties": {"h3": "881fa4c4a7fffff", "traffic": 28.8, "transit": 52.0, "offices": 2, "residential": 2412.763761, "income": 25079.648852, "n_food": 0, "traffic_norm": 0.032064, "transit_norm": 0.278075, "residential_norm": 0.17981, "income_norm": 0.274815, "comp_cafe": 2, "comp_bakery": 1, "comp_confectionery": 0, "gap_cafe": 784.189553, "gap_bakery": 730.314184, "gap_confectionery": 1921.671147, "opp_cafe": null, "opp_bakery": null, "opp_confectionery": null, "vegan_coverage": 0.0}}, {"type": "Feature", "geometry": {"type": "Polygon", "coordinates": [[[4.284229884643288, 51.26961284320898], [4.282719907336101, 51.26525415861008], [4.288046884274825, 51.26269932188361], [4.294884317517417, 51.264503050425766], [4.296395189763635, 51.268861804365734], [4.291067733845653, 51.271416760445625], [4.284229884643288, 51.26961284320898]]]}, "properties": {"h3": "881fa4c707fffff", "traffic": 1.7, "transit": 5.0, "offices": 0, "residential": 2.372318, "income": 59463.0, "n_food": 0, "traffic_norm": 0.001893, "transit_norm": 0.026738, "residential_norm": 0.000177, "income_norm": 0.651578, "comp_cafe": 1, "comp_bakery": 0, "comp_confectionery": 0, "gap_cafe": 613.351927, "gap_bakery": 1729.755256, "gap_confectionery": 9223.619521, "opp_cafe": null, "opp_bakery": null, "opp_confectionery": null, "vegan_coverage": 0.0}}, {"type": "Feature", "geometry": {"type": "Polygon", "coordinates": [[[4.363381779334722, 51.211240627589135], [4.361867177230223, 51.206878527161315], [4.367189493939804, 51.204316239399155], [4.374026888678095, 51.206115932276404], [4.375542384124556, 51.21047810155259], [4.370219591508548, 51.21304050912629], [4.363381779334722, 51.211240627589135]]]}, "properties": {"h3": "881fa4c5e7fffff", "traffic": 2.7, "transit": 12.0, "offices": 0, "residential": 28.791507, "income": 11204.0, "n_food": 0, "traffic_norm": 0.003006, "transit_norm": 0.064171, "residential_norm": 0.002146, "income_norm": 0.12277, "comp_cafe": 2, "comp_bakery": 0, "comp_confectionery": 0, "gap_cafe": 832.727436, "gap_bakery": 1537.257067, "gap_confectionery": 1977.301598, "opp_cafe": null, "opp_bakery": null, "opp_confectionery": null, "vegan_coverage": 0.0}}, {"type": "Feature", "geometry": {"type": "Polygon", "coordinates": [[[4.438641423264982, 51.15966983790614], [4.437122343002957, 51.15530471866567], [4.442440534139104, 51.15273556374142], [4.449278278598291, 51.154531407821445], [4.450798250784297, 51.158896595411655], [4.445479586605347, 51.16146587059519], [4.438641423264982, 51.15966983790614]]]}, "properties": {"h3": "881fa41b31fffff", "traffic": 18.0, "transit": 55.0, "offices": 8, "residential": 2205.619413, "income": 44316.960559, "n_food": 3, "traffic_norm": 0.02004, "transit_norm": 0.294118, "residential_norm": 0.164373, "income_norm": 0.485612, "comp_cafe": 3, "comp_bakery": 4, "comp_confectionery": 0, "gap_cafe": 26.983204, "gap_bakery": 176.946313, "gap_confectionery": 2819.178388, "opp_cafe": 0.837838, "opp_bakery": 0.378378, "opp_confectionery": 0.567568, "vegan_coverage": 0.0}}, {"type": "Feature", "geometry": {"type": "Polygon", "coordinates": [[[4.372473822948006, 51.237408219964365], [4.370957954637586, 51.23304755122109], [4.376282319070028, 51.23048618557091], [4.383123027846125, 51.2322853687153], [4.384639790182225, 51.236646106022484], [4.379314949734383, 51.23920759164448], [4.372473822948006, 51.237408219964365]]]}, "properties": {"h3": "881fa4c5c1fffff", "traffic": 11.1, "transit": 23.0, "offices": 0, "residential": 875.226802, "income": 36510.654505, "n_food": 0, "traffic_norm": 0.012358, "transit_norm": 0.122995, "residential_norm": 0.065226, "income_norm": 0.400073, "comp_cafe": 0, "comp_bakery": 1, "comp_confectionery": 0, "gap_cafe": 1602.010868, "gap_bakery": 708.938442, "gap_confectionery": 2209.521113, "opp_cafe": null, "opp_bakery": null, "opp_confectionery": null, "vegan_coverage": 0.0}}, {"type": "Feature", "geometry": {"type": "Polygon", "coordinates": [[[4.339791818459315, 51.23276683793953], [4.33827850160606, 51.22840598330772], [4.343602532167191, 51.22584613897051], [4.350440356479269, 51.22764702959966], [4.351954567259813, 51.232007953198355], [4.346630059818691, 51.234567917224176], [4.339791818459315, 51.23276683793953]]]}, "properties": {"h3": "881fa4c511fffff", "traffic": 0.0, "transit": 2.0, "offices": 0, "residential": 74.757041, "income": 38743.934755, "n_food": 0, "traffic_norm": 0.0, "transit_norm": 0.010695, "residential_norm": 0.005571, "income_norm": 0.424545, "comp_cafe": 0, "comp_bakery": 0, "comp_confectionery": 0, "gap_cafe": 1786.344401, "gap_bakery": 1946.321535, "gap_confectionery": 3886.871618, "opp_cafe": null, "opp_bakery": null, "opp_confectionery": null, "vegan_coverage": 0.0}}, {"type": "Feature", "geometry": {"type": "Polygon", "coordinates": [[[4.459181469899733, 51.272054470281034], [4.457658329583666, 51.26769554494893], [4.46298532313223, 51.265131353456994], [4.469835931042148, 51.2669259665253], [4.471359966227552, 51.27128495919717], [4.466032498652082, 51.27384927148418], [4.459181469899733, 51.272054470281034]]]}, "properties": {"h3": "881fa4c48bfffff", "traffic": 10.3, "transit": 19.0, "offices": 0, "residential": 538.469407, "income": 62793.65306, "n_food": 0, "traffic_norm": 0.011467, "transit_norm": 0.101604, "residential_norm": 0.040129, "income_norm": 0.688074, "comp_cafe": 0, "comp_bakery": 0, "comp_confectionery": 0, "gap_cafe": 1475.434774, "gap_bakery": 1403.460202, "gap_confectionery": 2416.633593, "opp_cafe": null, "opp_bakery": null, "opp_confectionery": null, "vegan_coverage": 0.0}}, {"type": "Feature", "geometry": {"type": "Polygon", "coordinates": [[[4.340521249698989, 51.25276651843684], [4.339007430997345, 51.24840677214011], [4.344333034185746, 51.24584797021803], [4.351172933234566, 51.247648794855465], [4.352687646391365, 51.25200860997207], [4.347361566061886, 51.25456753165454], [4.340521249698989, 51.25276651843684]]]}, "properties": {"h3": "881fa4c42dfffff", "traffic": 0.0, "transit": 9.0, "offices": 0, "residential": 0.0, "income": 0.0, "n_food": 0, "traffic_norm": 0.0, "transit_norm": 0.048128, "residential_norm": 0.0, "income_norm": 0.0, "comp_cafe": 0, "comp_bakery": 0, "comp_confectionery": 0, "gap_cafe": 3792.682462, "gap_bakery": 3509.031462, "gap_confectionery": 4986.442881, "opp_cafe": null, "opp_bakery": null, "opp_confectionery": null, "vegan_coverage": 0.0}}, {"type": "Feature", "geometry": {"type": "Polygon", "coordinates": [[[4.431797376719617, 51.19355722486854], [4.430278049592799, 51.189193997190685], [4.435598905802622, 51.18662704416945], [4.442439562868062, 51.188423198535695], [4.443959782816228, 51.1927864944073], [4.438638452895761, 51.195353567742025], [4.431797376719617, 51.19355722486854]]]}, "properties": {"h3": "881fa41b51fffff", "traffic": 60.4, "transit": 86.0, "offices": 13, "residential": 3096.647105, "income": 42287.519779, "n_food": 0, "traffic_norm": 0.067246, "transit_norm": 0.459893, "residential_norm": 0.230776, "income_norm": 0.463374, "comp_cafe": 8, "comp_bakery": 9, "comp_confectionery": 2, "gap_cafe": 649.804391, "gap_bakery": 537.417728, "gap_confectionery": 1010.133264, "opp_cafe": null, "opp_bakery": null, "opp_confectionery": null, "vegan_coverage": 0.0}}, {"type": "Feature", "geometry": {"type": "Polygon", "coordinates": [[[4.412028690247214, 51.20818252622569], [4.410510514951789, 51.2038201512011], [4.415832541378379, 51.201255060419776], [4.42267321759709, 51.20305222448654], [4.424192286115689, 51.20741466782838], [4.418869785210478, 51.20997987880938], [4.412028690247214, 51.20818252622569]]]}, "properties": {"h3": "881fa4c5b1fffff", "traffic": 248.1, "transit": 114.0, "offices": 4, "residential": 12338.492522, "income": 33467.554377, "n_food": 4, "traffic_norm": 0.276219, "transit_norm": 0.609626, "residential_norm": 0.919519, "income_norm": 0.366728, "comp_cafe": 32, "comp_bakery": 21, "comp_confectionery": 2, "gap_cafe": 52.910079, "gap_bakery": 44.516607, "gap_confectionery": 689.404679, "opp_cafe": 0.567568, "opp_bakery": 0.027027, "opp_confectionery": 0.837838, "vegan_coverage": 0.0}}, {"type": "Feature", "geometry": {"type": "Polygon", "coordinates": [[[4.408224161346387, 51.21510901903807], [4.406706115666204, 51.21074703625598], [4.412028690247214, 51.20818252622569], [4.418869785210478, 51.20997987880938], [4.420388724299553, 51.214341929903945], [4.415065675034528, 51.21690656012548], [4.408224161346387, 51.21510901903807]]]}, "properties": {"h3": "881fa4c5b9fffff", "traffic": 592.5, "transit": 180.0, "offices": 15, "residential": 7937.091142, "income": 36313.757371, "n_food": 9, "traffic_norm": 0.659653, "transit_norm": 0.962567, "residential_norm": 0.591507, "income_norm": 0.397915, "comp_cafe": 88, "comp_bakery": 21, "comp_confectionery": 13, "gap_cafe": 303.500728, "gap_bakery": 517.45976, "gap_confectionery": 586.046082, "opp_cafe": 0.378378, "opp_bakery": 0.783784, "opp_confectionery": 0.27027, "vegan_coverage": 0.0}}, {"type": "Feature", "geometry": {"type": "Polygon", "coordinates": [[[4.376282319070028, 51.23048618557091], [4.37476632052172, 51.2261251244366], [4.38009013689172, 51.2235631778549], [4.386930427637509, 51.22536217245039], [4.388447320025763, 51.229723302153346], [4.383123027846125, 51.2322853687153], [4.376282319070028, 51.23048618557091]]]}, "properties": {"h3": "881fa4c5c7fffff", "traffic": 19.9, "transit": 56.0, "offices": 4, "residential": 4870.129441, "income": 32526.361185, "n_food": 1, "traffic_norm": 0.022155, "transit_norm": 0.299465, "residential_norm": 0.362944, "income_norm": 0.356414, "comp_cafe": 4, "comp_bakery": 4, "comp_confectionery": 0, "gap_cafe": 788.231075, "gap_bakery": 363.017447, "gap_confectionery": 1481.461661, "opp_cafe": null, "opp_bakery": null, "opp_confectionery": null, "vegan_coverage": 0.0}}, {"type": "Feature", "geometry": {"type": "Polygon", "coordinates": [[[4.389191345130192, 51.24972688496933], [4.387673948782216, 51.245366864189684], [4.392999265093964, 51.24280525850715], [4.399842453483886, 51.244603553478164], [4.401360744169956, 51.24896364254664], [4.396034952145939, 51.25152536837841], [4.389191345130192, 51.24972688496933]]]}, "properties": {"h3": "881fa4c437fffff", "traffic": 0.7, "transit": 7.0, "offices": 0, "residential": 12.759385, "income": 28061.0, "n_food": 0, "traffic_norm": 0.000779, "transit_norm": 0.037433, "residential_norm": 0.000951, "income_norm": 0.307484, "comp_cafe": 0, "comp_bakery": 0, "comp_confectionery": 0, "gap_cafe": 1493.274176, "gap_bakery": 1979.985004, "gap_confectionery": 3064.507036, "opp_cafe": null, "opp_bakery": null, "opp_confectionery": null, "vegan_coverage": 0.0}}, {"type": "Feature", "geometry": {"type": "Polygon", "coordinates": [[[4.416584484610407, 51.221268218920066], [4.415065675034528, 51.21690656012548], [4.420388724299553, 51.214341929903945], [4.427231057690631, 51.21613883822037], [4.428750760831027, 51.220500565189916], [4.42342723703398, 51.22306531569122], [4.416584484610407, 51.221268218920066]]]}, "properties": {"h3": "881fa4c595fffff", "traffic": 540.5, "transit": 187.0, "offices": 11, "residential": 9416.691701, "income": 28196.242864, "n_food": 25, "traffic_norm": 0.601759, "transit_norm": 1.0, "residential_norm": 0.701774, "income_norm": 0.308966, "comp_cafe": 90, "comp_bakery": 32, "comp_confectionery": 19, "gap_cafe": 97.970812, "gap_bakery": 137.166855, "gap_confectionery": 185.631928, "opp_cafe": 0.135135, "opp_bakery": 0.135135, "opp_confectionery": 0.0, "vegan_coverage": 0.08}}, {"type": "Feature", "geometry": {"type": "Polygon", "coordinates": [[[4.301872396730611, 51.19502558341162], [4.300362761377009, 51.19066272259146], [4.305683858740251, 51.18810289442552], [4.312515068899505, 51.18990580784892], [4.31402559721082, 51.194268738327864], [4.308704022422588, 51.19682868574769], [4.301872396730611, 51.19502558341162]]]}, "properties": {"h3": "881fa4cecdfffff", "traffic": 0.0, "transit": 5.0, "offices": 0, "residential": 84.261208, "income": 49662.261689, "n_food": 0, "traffic_norm": 0.0, "transit_norm": 0.026738, "residential_norm": 0.00628, "income_norm": 0.544184, "comp_cafe": 0, "comp_bakery": 0, "comp_confectionery": 0, "gap_cafe": 1456.781512, "gap_bakery": 2748.206775, "gap_confectionery": 6593.217577, "opp_cafe": null, "opp_bakery": null, "opp_confectionery": null, "vegan_coverage": 0.0}}, {"type": "Feature", "geometry": {"type": "Polygon", "coordinates": [[[4.473623231707657, 51.22434576756687], [4.472100083283013, 51.219984161602156], [4.477423306520435, 51.2174166061298], [4.484270151147617, 51.21921053588985], [4.485794193168251, 51.22357220936053], [4.480470496984062, 51.22613988558833], [4.473623231707657, 51.22434576756687]]]}, "properties": {"h3": "881fa41a09fffff", "traffic": 20.9, "transit": 44.0, "offices": 1, "residential": 6134.24251, "income": 35635.610074, "n_food": 1, "traffic_norm": 0.023269, "transit_norm": 0.235294, "residential_norm": 0.457151, "income_norm": 0.390484, "comp_cafe": 4, "comp_bakery": 5, "comp_confectionery": 0, "gap_cafe": 840.64895, "gap_bakery": 363.013008, "gap_confectionery": 3082.277598, "opp_cafe": null, "opp_bakery": null, "opp_confectionery": null, "vegan_coverage": 0.0}}, {"type": "Feature", "geometry": {"type": "Polygon", "coordinates": [[[4.440917782161499, 51.21973157730975], [4.439397185487044, 51.215369782298055], [4.444720086186531, 51.212803749915615], [4.451564057395063, 51.21459939209451], [4.453085547572888, 51.21896125501553], [4.447762173057004, 51.221527407871456], [4.440917782161499, 51.21973157730975]]]}, "properties": {"h3": "881fa41a69fffff", "traffic": 114.8, "transit": 77.0, "offices": 9, "residential": 6829.154404, "income": 28200.590512, "n_food": 3, "traffic_norm": 0.127811, "transit_norm": 0.411765, "residential_norm": 0.508939, "income_norm": 0.309014, "comp_cafe": 23, "comp_bakery": 17, "comp_confectionery": 5, "gap_cafe": 347.398102, "gap_bakery": 342.065536, "gap_confectionery": 753.930276, "opp_cafe": 0.243243, "opp_bakery": 0.594595, "opp_confectionery": 0.108108, "vegan_coverage": 0.0}}, {"type": "Feature", "geometry": {"type": "Polygon", "coordinates": [[[4.308775295026384, 51.1611617741815], [4.307265896907112, 51.15679702378446], [4.31258433197292, 51.15423499144967], [4.319412641928281, 51.156037590334186], [4.320922932109148, 51.16040241054598], [4.315604020290506, 51.162964562081555], [4.308775295026384, 51.1611617741815]]]}, "properties": {"h3": "881fa4ceadfffff", "traffic": 3.1, "transit": 16.0, "offices": 0, "residential": 29.626859, "income": 50841.0, "n_food": 0, "traffic_norm": 0.003451, "transit_norm": 0.085561, "residential_norm": 0.002208, "income_norm": 0.557101, "comp_cafe": 1, "comp_bakery": 1, "comp_confectionery": 0, "gap_cafe": 958.726622, "gap_bakery": 960.549851, "gap_confectionery": 8041.894549, "opp_cafe": null, "opp_bakery": null, "opp_confectionery": null, "vegan_coverage": 0.0}}, {"type": "Feature", "geometry": {"type": "Polygon", "coordinates": [[[4.409724227774777, 51.25512125766267], [4.408205172526454, 51.25076149300572], [4.413530891225267, 51.24819906597088], [4.420376140392896, 51.249996283281064], [4.421896090105278, 51.25435611595639], [4.41656989620405, 51.25691866332631], [4.409724227774777, 51.25512125766267]]]}, "properties": {"h3": "881fa4c4e5fffff", "traffic": 11.1, "transit": 35.0, "offices": 3, "residential": 257.74513, "income": 22234.655998, "n_food": 0, "traffic_norm": 0.012358, "transit_norm": 0.187166, "residential_norm": 0.019208, "income_norm": 0.243641, "comp_cafe": 2, "comp_bakery": 1, "comp_confectionery": 0, "gap_cafe": 703.751539, "gap_bakery": 909.561379, "gap_confectionery": 3009.074543, "opp_cafe": null, "opp_bakery": null, "opp_confectionery": null, "vegan_coverage": 0.0}}, {"type": "Feature", "geometry": {"type": "Polygon", "coordinates": [[[4.379349133564674, 51.20355294385857], [4.377833508029921, 51.1991903824067], [4.383155205250759, 51.19662681318422], [4.389993003368511, 51.19842568551953], [4.39150952203042, 51.202788315691684], [4.386187349465303, 51.20535200483136], [4.379349133564674, 51.20355294385857]]]}, "properties": {"h3": "881fa4c5a1fffff", "traffic": 88.6, "transit": 76.0, "offices": 0, "residential": 1555.744471, "income": 43345.968595, "n_food": 0, "traffic_norm": 0.098642, "transit_norm": 0.406417, "residential_norm": 0.115941, "income_norm": 0.474972, "comp_cafe": 16, "comp_bakery": 4, "comp_confectionery": 0, "gap_cafe": 531.545339, "gap_bakery": 908.190572, "gap_confectionery": 1464.88467, "opp_cafe": null, "opp_bakery": null, "opp_confectionery": null, "vegan_coverage": 0.0}}, {"type": "Feature", "geometry": {"type": "Polygon", "coordinates": [[[4.398372717402718, 51.168912562533954], [4.396856442681437, 51.16454804099735], [4.402175402529228, 51.16198156834679], [4.409011111434223, 51.16377949729571], [4.410528278355639, 51.168144087575854], [4.40520884418986, 51.170710680186644], [4.398372717402718, 51.168912562533954]]]}, "properties": {"h3": "881fa41b63fffff", "traffic": 29.8, "transit": 79.0, "offices": 0, "residential": 1192.497948, "income": 37722.084235, "n_food": 1, "traffic_norm": 0.033177, "transit_norm": 0.42246, "residential_norm": 0.08887, "income_norm": 0.413347, "comp_cafe": 2, "comp_bakery": 4, "comp_confectionery": 0, "gap_cafe": 369.186881, "gap_bakery": 481.249003, "gap_confectionery": 2834.748919, "opp_cafe": null, "opp_bakery": null, "opp_confectionery": null, "vegan_coverage": 0.0}}, {"type": "Feature", "geometry": {"type": "Polygon", "coordinates": [[[4.402922807776879, 51.182004696943366], [4.4014058999085, 51.17764089054737], [4.406725881626563, 51.17507487855128], [4.413563245602595, 51.17687255293439], [4.415081046011998, 51.1812364279319], [4.409760589922321, 51.18380255996789], [4.402922807776879, 51.182004696943366]]]}, "properties": {"h3": "881fa41b47fffff", "traffic": 32.5, "transit": 79.0, "offices": 1, "residential": 658.305242, "income": 66047.365489, "n_food": 2, "traffic_norm": 0.036183, "transit_norm": 0.42246, "residential_norm": 0.04906, "income_norm": 0.723727, "comp_cafe": 2, "comp_bakery": 3, "comp_confectionery": 0, "gap_cafe": 359.471939, "gap_bakery": 839.376821, "gap_confectionery": 1945.002549, "opp_cafe": null, "opp_bakery": null, "opp_confectionery": null, "vegan_coverage": 0.0}}, {"type": "Feature", "geometry": {"type": "Polygon", "coordinates": [[[4.389935813933965, 51.26972498863454], [4.388417913295326, 51.265366077411215], [4.39374480287069, 51.26280551361059], [4.400590069074942, 51.264603740835064], [4.402108864579862, 51.26896272019998], [4.396781499032249, 51.27152340422203], [4.389935813933965, 51.26972498863454]]]}, "properties": {"h3": "881fa4c415fffff", "traffic": 2.0, "transit": 20.0, "offices": 1, "residential": 1.513664, "income": 28061.0, "n_food": 0, "traffic_norm": 0.002227, "transit_norm": 0.106952, "residential_norm": 0.000113, "income_norm": 0.307484, "comp_cafe": 0, "comp_bakery": 0, "comp_confectionery": 0, "gap_cafe": 1996.047347, "gap_bakery": 1522.451144, "gap_confectionery": 5008.228946, "opp_cafe": null, "opp_bakery": null, "opp_confectionery": null, "vegan_coverage": 0.0}}, {"type": "Feature", "geometry": {"type": "Polygon", "coordinates": [[[4.280412205716017, 51.27652539060067], [4.27890236017996, 51.272167098625644], [4.284229884643288, 51.26961284320898], [4.291067733845653, 51.271416760445625], [4.292578474506199, 51.27577512175685], [4.287250470857242, 51.27832949651838], [4.280412205716017, 51.27652539060067]]]}, "properties": {"h3": "881fa4c701fffff", "traffic": 1.7, "transit": 4.0, "offices": 0, "residential": 2.372238, "income": 59463.0, "n_food": 0, "traffic_norm": 0.001893, "transit_norm": 0.02139, "residential_norm": 0.000177, "income_norm": 0.651578, "comp_cafe": 1, "comp_bakery": 0, "comp_confectionery": 0, "gap_cafe": 938.823351, "gap_bakery": 2335.850474, "gap_confectionery": 9891.725431, "opp_cafe": null, "opp_bakery": null, "opp_confectionery": null, "vegan_coverage": 0.0}}, {"type": "Feature", "geometry": {"type": "Polygon", "coordinates": [[[4.28067064736553, 51.16960078202722], [4.27916316480473, 51.165236563416016], [4.284482283132241, 51.16267651160515], [4.291309361705345, 51.16448055943149], [4.29281773656785, 51.168844848118134], [4.287498140572812, 51.171405018926045], [4.28067064736553, 51.16960078202722]]]}, "properties": {"h3": "881fa4ce33fffff", "traffic": 0.0, "transit": 1.0, "offices": 0, "residential": 83.501908, "income": 49487.0, "n_food": 0, "traffic_norm": 0.0, "transit_norm": 0.005348, "residential_norm": 0.006223, "income_norm": 0.542264, "comp_cafe": 0, "comp_bakery": 0, "comp_confectionery": 0, "gap_cafe": 1560.190011, "gap_bakery": 1672.821279, "gap_confectionery": 9179.333134, "opp_cafe": null, "opp_bakery": null, "opp_confectionery": null, "vegan_coverage": 0.0}}, {"type": "Feature", "geometry": {"type": "Polygon", "coordinates": [[[4.405916885608917, 51.262042475769555], [4.404397960190388, 51.25768310373247], [4.409724227774777, 51.25512125766267], [4.41656989620405, 51.25691866332631], [4.418089716272781, 51.26127810337699], [4.412762973280102, 51.263840069773586], [4.405916885608917, 51.262042475769555]]]}, "properties": {"h3": "881fa4c4edfffff", "traffic": 5.1, "transit": 31.0, "offices": 3, "residential": 12.761726, "income": 28061.0, "n_food": 0, "traffic_norm": 0.005678, "transit_norm": 0.165775, "residential_norm": 0.000951, "income_norm": 0.307484, "comp_cafe": 1, "comp_bakery": 1, "comp_confectionery": 0, "gap_cafe": 798.308517, "gap_bakery": 943.145076, "gap_confectionery": 3820.681797, "opp_cafe": null, "opp_bakery": null, "opp_confectionery": null, "vegan_coverage": 0.0}}, {"type": "Feature", "geometry": {"type": "Polygon", "coordinates": [[[4.283517188665257, 51.2496213747928], [4.282007710960251, 51.24526158212356], [4.287333114323058, 51.24270570217547], [4.294168474124713, 51.244509495638155], [4.295678846240365, 51.248869357795556], [4.290352964161109, 51.25142535702527], [4.283517188665257, 51.2496213747928]]]}, "properties": {"h3": "881fa4c549fffff", "traffic": 2.0, "transit": 4.0, "offices": 0, "residential": 8.198915, "income": 45140.0, "n_food": 0, "traffic_norm": 0.002227, "transit_norm": 0.02139, "residential_norm": 0.000611, "income_norm": 0.494631, "comp_cafe": 2, "comp_bakery": 1, "comp_confectionery": 0, "gap_cafe": 797.851841, "gap_bakery": 932.220344, "gap_confectionery": 8209.143908, "opp_cafe": null, "opp_bakery": null, "opp_confectionery": null, "vegan_coverage": 0.0}}, {"type": "Feature", "geometry": {"type": "Polygon", "coordinates": [[[4.451571726478507, 51.28589778265345], [4.450048844545635, 51.281539642974785], [4.455376937731246, 51.27897661337701], [4.462228387306705, 51.2807716027021], [4.463752164482001, 51.28512980971083], [4.458423596857734, 51.287692960087575], [4.451571726478507, 51.28589778265345]]]}, "properties": {"h3": "881fa4c4ddfffff", "traffic": 4.4, "transit": 10.0, "offices": 0, "residential": 514.813595, "income": 79096.413506, "n_food": 1, "traffic_norm": 0.004899, "transit_norm": 0.053476, "residential_norm": 0.038366, "income_norm": 0.866715, "comp_cafe": 2, "comp_bakery": 1, "comp_confectionery": 0, "gap_cafe": 632.961254, "gap_bakery": 394.23409, "gap_confectionery": 3993.55179, "opp_cafe": null, "opp_bakery": null, "opp_confectionery": null, "vegan_coverage": 0.0}}, {"type": "Feature", "geometry": {"type": "Polygon", "coordinates": [[[4.282093070250626, 51.20962201695232], [4.280584590769971, 51.205260010041314], [4.28590684976308, 51.20270204395509], [4.292738066445712, 51.20450596566416], [4.294247439281571, 51.2088680423572], [4.288924702096904, 51.21142612758222], [4.282093070250626, 51.20962201695232]]]}, "properties": {"h3": "881fa4c52dfffff", "traffic": 0.0, "transit": 7.0, "offices": 0, "residential": 73.468631, "income": 46806.378398, "n_food": 0, "traffic_norm": 0.0, "transit_norm": 0.037433, "residential_norm": 0.005475, "income_norm": 0.51289, "comp_cafe": 0, "comp_bakery": 0, "comp_confectionery": 0, "gap_cafe": 2425.829375, "gap_bakery": 1634.403226, "gap_confectionery": 7627.238349, "opp_cafe": null, "opp_bakery": null, "opp_confectionery": null, "vegan_coverage": 0.0}}, {"type": "Feature", "geometry": {"type": "Polygon", "coordinates": [[[4.415034884489598, 51.288193685682906], [4.413514688469152, 51.28383574879174], [4.418843005504994, 51.281274824060205], [4.425691994094927, 51.283071715754964], [4.4272130854501, 51.287429720374796], [4.421884292898762, 51.2899907655944], [4.415034884489598, 51.288193685682906]]]}, "properties": {"h3": "881fa4c6a7fffff", "traffic": 26.5, "transit": 29.0, "offices": 0, "residential": 2704.47053, "income": 41668.364832, "n_food": 1, "traffic_norm": 0.029503, "transit_norm": 0.15508, "residential_norm": 0.201549, "income_norm": 0.45659, "comp_cafe": 2, "comp_bakery": 7, "comp_confectionery": 0, "gap_cafe": 851.901975, "gap_bakery": 433.618603, "gap_confectionery": 5866.405933, "opp_cafe": null, "opp_bakery": null, "opp_confectionery": null, "vegan_coverage": 0.0}}, {"type": "Feature", "geometry": {"type": "Polygon", "coordinates": [[[4.456886883063153, 51.21203265853331], [4.455365263929885, 51.20767040329818], [4.460687540814374, 51.20510308907142], [4.467531910103408, 51.20689790952433], [4.469054422523002, 51.21126023254059], [4.463731672385557, 51.213827667345946], [4.456886883063153, 51.21203265853331]]]}, "properties": {"h3": "881fa41a63fffff", "traffic": 16.9, "transit": 68.0, "offices": 2, "residential": 5528.996337, "income": 32647.731983, "n_food": 0, "traffic_norm": 0.018815, "transit_norm": 0.363636, "residential_norm": 0.412045, "income_norm": 0.357744, "comp_cafe": 4, "comp_bakery": 1, "comp_confectionery": 0, "gap_cafe": 604.256342, "gap_bakery": 1157.029277, "gap_confectionery": 1905.412215, "opp_cafe": null, "opp_bakery": null, "opp_confectionery": null, "vegan_coverage": 0.0}}, {"type": "Feature", "geometry": {"type": "Polygon", "coordinates": [[[4.34668143095951, 51.19891501162095], [4.345168354421027, 51.19455226501777], [4.350489718865409, 51.19199021661294], [4.357324636073911, 51.19379079520001], [4.358838605641735, 51.198153610926475], [4.353516764989407, 51.200715778965666], [4.34668143095951, 51.19891501162095]]]}, "properties": {"h3": "881fa4ced1fffff", "traffic": 2.7, "transit": 6.0, "offices": 2, "residential": 2.147201, "income": 49521.0, "n_food": 0, "traffic_norm": 0.003006, "transit_norm": 0.032086, "residential_norm": 0.00016, "income_norm": 0.542636, "comp_cafe": 0, "comp_bakery": 1, "comp_confectionery": 0, "gap_cafe": 1963.123757, "gap_bakery": 866.758431, "gap_confectionery": 3553.877055, "opp_cafe": null, "opp_bakery": null, "opp_confectionery": null, "vegan_coverage": 0.0}}, {"type": "Feature", "geometry": {"type": "Polygon", "coordinates": [[[4.374802889904586, 51.190464544091924], [4.373287897230147, 51.18610126730967], [4.378608571558926, 51.18353723715947], [4.385444713870041, 51.18533636397732], [4.386960599330266, 51.189699709622], [4.38163944971144, 51.1922638596095], [4.374802889904586, 51.190464544091924]]]}, "properties": {"h3": "881fa4ce9bfffff", "traffic": 44.9, "transit": 82.0, "offices": 0, "residential": 8081.195531, "income": 25990.147479, "n_food": 5, "traffic_norm": 0.049989, "transit_norm": 0.438503, "residential_norm": 0.602247, "income_norm": 0.284792, "comp_cafe": 1, "comp_bakery": 6, "comp_confectionery": 0, "gap_cafe": 424.297618, "gap_bakery": 143.270163, "gap_confectionery": 2414.293018, "opp_cafe": 0.972973, "opp_bakery": 0.648649, "opp_confectionery": 0.945946, "vegan_coverage": 0.0}}, {"type": "Feature", "geometry": {"type": "Polygon", "coordinates": [[[4.481222703536569, 51.210486471674066], [4.479699297861879, 51.20612408100955], [4.485021422904055, 51.20355536429227], [4.491867426175582, 51.205348917490724], [4.493391725073859, 51.209711375670594], [4.488069127495485, 51.21228021315981], [4.481222703536569, 51.210486471674066]]]}, "properties": {"h3": "881fa41a07fffff", "traffic": 11.1, "transit": 46.0, "offices": 0, "residential": 1941.986965, "income": 36772.638427, "n_food": 0, "traffic_norm": 0.012358, "transit_norm": 0.245989, "residential_norm": 0.144726, "income_norm": 0.402944, "comp_cafe": 1, "comp_bakery": 1, "comp_confectionery": 0, "gap_cafe": 1214.733084, "gap_bakery": 1198.265199, "gap_confectionery": 3589.702376, "opp_cafe": null, "opp_bakery": null, "opp_confectionery": null, "vegan_coverage": 0.0}}, {"type": "Feature", "geometry": {"type": "Polygon", "coordinates": [[[4.487341116455916, 51.26358945702228], [4.48581605773976, 51.25923000438552], [4.491142348982128, 51.256663828620276], [4.497994172061612, 51.258456984518375], [4.499520125397342, 51.26281650423388], [4.494193361052499, 51.26538280099573], [4.487341116455916, 51.26358945702228]]]}, "properties": {"h3": "881fa4c497fffff", "traffic": 7.8, "transit": 15.0, "offices": 0, "residential": 56.780412, "income": 66833.0, "n_food": 1, "traffic_norm": 0.008684, "transit_norm": 0.080214, "residential_norm": 0.004232, "income_norm": 0.732336, "comp_cafe": 1, "comp_bakery": 1, "comp_confectionery": 1, "gap_cafe": 320.961627, "gap_bakery": 1151.123976, "gap_confectionery": 1089.964744, "opp_cafe": null, "opp_bakery": null, "opp_confectionery": null, "vegan_coverage": 0.0}}, {"type": "Feature", "geometry": {"type": "Polygon", "coordinates": [[[4.279960070801146, 51.14958196728066], [4.278453086211848, 51.145216643776045], [4.283770635593613, 51.142655549260446], [4.290595646987692, 51.14445965934592], [4.292103523352593, 51.14882505307251], [4.286785496565051, 51.1513862665147], [4.279960070801146, 51.14958196728066]]]}, "properties": {"h3": "881fa4cc55fffff", "traffic": 6.0, "transit": 6.0, "offices": 0, "residential": 110.358096, "income": 46057.283875, "n_food": 0, "traffic_norm": 0.00668, "transit_norm": 0.032086, "residential_norm": 0.008224, "income_norm": 0.504682, "comp_cafe": 1, "comp_bakery": 0, "comp_confectionery": 0, "gap_cafe": 997.711826, "gap_bakery": 2797.548269, "gap_confectionery": 10422.472491, "opp_cafe": null, "opp_bakery": null, "opp_confectionery": null, "vegan_coverage": 0.0}}, {"type": "Feature", "geometry": {"type": "Polygon", "coordinates": [[[4.31237632396758, 51.26119437215899], [4.310864425493959, 51.25683515642927], [4.316190716809576, 51.25427833715896], [4.323029384676671, 51.25608061408443], [4.324542177848002, 51.26043989889463], [4.319215408472005, 51.262996837722035], [4.31237632396758, 51.26119437215899]]]}, "properties": {"h3": "881fa4c733fffff", "traffic": 0.0, "transit": 4.0, "offices": 0, "residential": 0.0, "income": 0.0, "n_food": 0, "traffic_norm": 0.0, "transit_norm": 0.02139, "residential_norm": 0.0, "income_norm": 0.0, "comp_cafe": 0, "comp_bakery": 0, "comp_confectionery": 0, "gap_cafe": 2160.769504, "gap_bakery": 2825.887033, "gap_confectionery": 7089.511467, "opp_cafe": null, "opp_bakery": null, "opp_confectionery": null, "vegan_coverage": 0.0}}, {"type": "Feature", "geometry": {"type": "Polygon", "coordinates": [[[4.332895644088207, 51.26660069383528], [4.331382087192385, 51.26224173266833], [4.336708786382341, 51.25968409300638], [4.343549520038963, 51.26148529479104], [4.34506397176131, 51.26584432476824], [4.339736795018143, 51.26840208417368], [4.332895644088207, 51.26660069383528]]]}, "properties": {"h3": "881fa4c461fffff", "traffic": 0.0, "transit": 4.0, "offices": 0, "residential": 0.0, "income": 0.0, "n_food": 0, "traffic_norm": 0.0, "transit_norm": 0.02139, "residential_norm": 0.0, "income_norm": 0.0, "comp_cafe": 0, "comp_bakery": 0, "comp_confectionery": 0, "gap_cafe": 3697.234548, "gap_bakery": 4364.281573, "gap_confectionery": 6467.076289, "opp_cafe": null, "opp_bakery": null, "opp_confectionery": null, "vegan_coverage": 0.0}}, {"type": "Feature", "geometry": {"type": "Polygon", "coordinates": [[[4.432554032922416, 51.21357350695119], [4.431034200454677, 51.20921138767694], [4.436356627185289, 51.20664547567954], [4.443199360370672, 51.208441562594494], [4.444720086186531, 51.212803749915615], [4.439397185487044, 51.215369782298055], [4.432554032922416, 51.21357350695119]]]}, "properties": {"h3": "881fa41a6dfffff", "traffic": 172.0, "transit": 99.0, "offices": 7, "residential": 9759.064537, "income": 30115.447731, "n_food": 15, "traffic_norm": 0.191494, "transit_norm": 0.529412, "residential_norm": 0.727289, "income_norm": 0.329996, "comp_cafe": 26, "comp_bakery": 21, "comp_confectionery": 5, "gap_cafe": 323.898446, "gap_bakery": 147.950792, "gap_confectionery": 427.141619, "opp_cafe": 0.540541, "opp_bakery": 0.27027, "opp_confectionery": 0.378378, "vegan_coverage": 0.0}}, {"type": "Feature", "geometry": {"type": "Polygon", "coordinates": [[[4.273754199134008, 51.203455458058166], [4.272246481365386, 51.19909312898133], [4.277568262017726, 51.19653528194518], [4.28439823879671, 51.198339644958864], [4.28590684976308, 51.20270204395509], [4.280584590769971, 51.205260010041314], [4.273754199134008, 51.203455458058166]]]}, "properties": {"h3": "881fa4ce53fffff", "traffic": 0.0, "transit": 5.0, "offices": 0, "residential": 61.342808, "income": 53567.81331, "n_food": 0, "traffic_norm": 0.0, "transit_norm": 0.026738, "residential_norm": 0.004572, "income_norm": 0.58698, "comp_cafe": 0, "comp_bakery": 0, "comp_confectionery": 0, "gap_cafe": 1886.268135, "gap_bakery": 2305.9246, "gap_confectionery": 8279.912163, "opp_cafe": null, "opp_bakery": null, "opp_confectionery": null, "vegan_coverage": 0.0}}, {"type": "Feature", "geometry": {"type": "Polygon", "coordinates": [[[4.438632502769703, 51.266667906127424], [4.437111022846635, 51.26230872313458], [4.442437617256601, 51.25974535387782], [4.449286166146834, 51.26154104702759], [4.450808540814853, 51.26590029763073], [4.445481471865935, 51.26846378749698], [4.438632502769703, 51.266667906127424]]]}, "properties": {"h3": "881fa4c48dfffff", "traffic": 5.2, "transit": 37.0, "offices": 0, "residential": 488.56862, "income": 37649.29926, "n_food": 0, "traffic_norm": 0.005789, "transit_norm": 0.197861, "residential_norm": 0.03641, "income_norm": 0.41255, "comp_cafe": 0, "comp_bakery": 1, "comp_confectionery": 0, "gap_cafe": 1709.884499, "gap_bakery": 919.373679, "gap_confectionery": 3187.311397, "opp_cafe": null, "opp_bakery": null, "opp_confectionery": null, "vegan_coverage": 0.0}}, {"type": "Feature", "geometry": {"type": "Polygon", "coordinates": [[[4.412779566900634, 51.22819353478445], [4.41126088692153, 51.22383226834256], [4.416584484610407, 51.221268218920066], [4.42342723703398, 51.22306531569122], [4.424946810763397, 51.22742665030337], [4.419622738336997, 51.22999081999725], [4.412779566900634, 51.22819353478445]]]}, "properties": {"h3": "881fa4c59dfffff", "traffic": 544.8, "transit": 174.0, "offices": 6, "residential": 10804.371498, "income": 27926.53257, "n_food": 23, "traffic_norm": 0.606546, "transit_norm": 0.930481, "residential_norm": 0.80519, "income_norm": 0.306011, "comp_cafe": 90, "comp_bakery": 30, "comp_confectionery": 14, "gap_cafe": 47.495598, "gap_bakery": 113.590395, "gap_confectionery": 523.612125, "opp_cafe": 0.081081, "opp_bakery": 0.108108, "opp_confectionery": 0.081081, "vegan_coverage": 0.043478}}, {"type": "Feature", "geometry": {"type": "Polygon", "coordinates": [[[4.400613069645293, 51.22895908531288], [4.399095283446704, 51.22459788717404], [4.404418954528269, 51.222034538764504], [4.41126088692153, 51.22383226834256], [4.412779566900634, 51.22819353478445], [4.407455420723948, 51.23075700336839], [4.400613069645293, 51.22895908531288]]]}, "properties": {"h3": "881fa4c58bfffff", "traffic": 619.8, "transit": 87.0, "offices": 20, "residential": 4893.347553, "income": 37226.797628, "n_food": 17, "traffic_norm": 0.690047, "transit_norm": 0.465241, "residential_norm": 0.364674, "income_norm": 0.40792, "comp_cafe": 104, "comp_bakery": 18, "comp_confectionery": 10, "gap_cafe": 53.599636, "gap_bakery": 184.572783, "gap_confectionery": 758.414035, "opp_cafe": 0.027027, "opp_bakery": 0.216216, "opp_confectionery": 0.351351, "vegan_coverage": 0.058824}}, {"type": "Feature", "geometry": {"type": "Polygon", "coordinates": [[[4.491842395047127, 51.169663610759535], [4.490319111763746, 51.165298934941454], [4.495638020780469, 51.16272743653628], [4.502480684763658, 51.164520493246954], [4.504004860186133, 51.16888523674119], [4.498685479504788, 51.17145685587169], [4.491842395047127, 51.169663610759535]]]}, "properties": {"h3": "881fa4180dfffff", "traffic": 14.8, "transit": 26.0, "offices": 0, "residential": 2042.687891, "income": 43719.895817, "n_food": 0, "traffic_norm": 0.016477, "transit_norm": 0.139037, "residential_norm": 0.15223, "income_norm": 0.47907, "comp_cafe": 1, "comp_bakery": 2, "comp_confectionery": 1, "gap_cafe": 909.182392, "gap_bakery": 485.11347, "gap_confectionery": 537.97867, "opp_cafe": null, "opp_bakery": null, "opp_confectionery": null, "vegan_coverage": 0.0}}, {"type": "Feature", "geometry": {"type": "Polygon", "coordinates": [[[4.466021048100403, 51.2382011710155], [4.464498157260072, 51.23384034996132], [4.469822478950293, 51.23127395589287], [4.476670164856831, 51.23306826216279], [4.478193949665719, 51.23742915071349], [4.472869154617928, 51.23999566552093], [4.466021048100403, 51.2382011710155]]]}, "properties": {"h3": "881fa41a4bfffff", "traffic": 13.5, "transit": 30.0, "offices": 6, "residential": 860.492964, "income": 30244.604918, "n_food": 0, "traffic_norm": 0.01503, "transit_norm": 0.160428, "residential_norm": 0.064128, "income_norm": 0.331411, "comp_cafe": 3, "comp_bakery": 1, "comp_confectionery": 0, "gap_cafe": 1024.056606, "gap_bakery": 1018.180435, "gap_confectionery": 2099.770635, "opp_cafe": null, "opp_bakery": null, "opp_confectionery": null, "vegan_coverage": 0.0}}, {"type": "Feature", "geometry": {"type": "Polygon", "coordinates": [[[4.323093185727803, 51.22044131829874], [4.321581394736024, 51.216079817422006], [4.326904471085807, 51.213520212195824], [4.333739815625786, 51.21532198835832], [4.335252500231192, 51.21968355847689], [4.329928946700554, 51.222243283214226], [4.323093185727803, 51.22044131829874]]]}, "properties": {"h3": "881fa4c539fffff", "traffic": 14.5, "transit": 20.0, "offices": 2, "residential": 3067.948023, "income": 39440.381055, "n_food": 2, "traffic_norm": 0.016143, "transit_norm": 0.106952, "residential_norm": 0.228637, "income_norm": 0.432176, "comp_cafe": 2, "comp_bakery": 1, "comp_confectionery": 0, "gap_cafe": 27.379738, "gap_bakery": 221.583257, "gap_confectionery": 4799.735266, "opp_cafe": null, "opp_bakery": null, "opp_confectionery": null, "vegan_coverage": 0.0}}, {"type": "Feature", "geometry": {"type": "Polygon", "coordinates": [[[4.418089716272781, 51.26127810337699], [4.41656989620405, 51.25691866332631], [4.421896090105278, 51.25435611595639], [4.428742579143498, 51.25615288823653], [4.430263293832142, 51.26051239616798], [4.424936624880805, 51.26307506396172], [4.418089716272781, 51.26127810337699]]]}, "properties": {"h3": "881fa4c4e1fffff", "traffic": 7.2, "transit": 38.0, "offices": 1, "residential": 2250.957885, "income": 26939.243936, "n_food": 2, "traffic_norm": 0.008016, "transit_norm": 0.203209, "residential_norm": 0.167751, "income_norm": 0.295192, "comp_cafe": 1, "comp_bakery": 1, "comp_confectionery": 0, "gap_cafe": 201.262498, "gap_bakery": 106.445842, "gap_confectionery": 3606.683594, "opp_cafe": null, "opp_bakery": null, "opp_confectionery": null, "vegan_coverage": 0.0}}, {"type": "Feature", "geometry": {"type": "Polygon", "coordinates": [[[4.479680668657564, 51.17044065031163], [4.478158277544971, 51.166076042302606], [4.483477263077535, 51.16350524492036], [4.490319111763746, 51.165298934941454], [4.491842395047127, 51.169663610759535], [4.486522937491912, 51.17223452877059], [4.479680668657564, 51.17044065031163]]]}, "properties": {"h3": "881fa4186bfffff", "traffic": 17.8, "transit": 36.0, "offices": 0, "residential": 1401.523693, "income": 45576.029967, "n_food": 1, "traffic_norm": 0.019817, "transit_norm": 0.192513, "residential_norm": 0.104448, "income_norm": 0.499409, "comp_cafe": 2, "comp_bakery": 2, "comp_confectionery": 1, "gap_cafe": 989.400814, "gap_bakery": 83.277086, "gap_confectionery": 800.932802, "opp_cafe": null, "opp_bakery": null, "opp_confectionery": null, "vegan_coverage": 0.0}}, {"type": "Feature", "geometry": {"type": "Polygon", "coordinates": [[[4.408973971022447, 51.23511787740498], [4.407455420723948, 51.23075700336839], [4.412779566900634, 51.22819353478445], [4.419622738336997, 51.22999081999725], [4.421142182571765, 51.23435176219937], [4.415817561451949, 51.23691535104632], [4.408973971022447, 51.23511787740498]]]}, "properties": {"h3": "881fa4c5d7fffff", "traffic": 196.8, "transit": 67.0, "offices": 11, "residential": 3047.924214, "income": 44898.256386, "n_food": 9, "traffic_norm": 0.219105, "transit_norm": 0.358289, "residential_norm": 0.227145, "income_norm": 0.491982, "comp_cafe": 42, "comp_bakery": 13, "comp_confectionery": 0, "gap_cafe": 156.134656, "gap_bakery": 198.282956, "gap_confectionery": 1046.775843, "opp_cafe": 0.351351, "opp_bakery": 0.189189, "opp_confectionery": 1.0, "vegan_coverage": 0.0}}, {"type": "Feature", "geometry": {"type": "Polygon", "coordinates": [[[4.347412567592023, 51.21892446669276], [4.345898989401436, 51.21456282746505], [4.351221924881157, 51.21200182119813], [4.358058915037613, 51.21380233447627], [4.359573386784618, 51.21816404268037], [4.354249974836432, 51.220725168653054], [4.347412567592023, 51.21892446669276]]]}, "properties": {"h3": "881fa4c5edfffff", "traffic": 6.5, "transit": 20.0, "offices": 0, "residential": 678.736365, "income": 45916.005279, "n_food": 0, "traffic_norm": 0.007237, "transit_norm": 0.106952, "residential_norm": 0.050582, "income_norm": 0.503134, "comp_cafe": 1, "comp_bakery": 0, "comp_confectionery": 0, "gap_cafe": 862.825636, "gap_bakery": 1655.982319, "gap_confectionery": 3099.770171, "opp_cafe": null, "opp_bakery": null, "opp_confectionery": null, "vegan_coverage": 0.0}}, {"type": "Feature", "geometry": {"type": "Polygon", "coordinates": [[[4.434068698861727, 51.25358963950054], [4.432547854715608, 51.24922973893964], [4.437873425264953, 51.246665909300724], [4.444720314464574, 51.248461859716905], [4.446242053013848, 51.25282182803052], [4.440916007978554, 51.25538577819843], [4.434068698861727, 51.25358963950054]]]}, "properties": {"h3": "881fa4c4a9fffff", "traffic": 25.6, "transit": 75.0, "offices": 0, "residential": 5652.262842, "income": 35416.730712, "n_food": 0, "traffic_norm": 0.028501, "transit_norm": 0.40107, "residential_norm": 0.421232, "income_norm": 0.388086, "comp_cafe": 1, "comp_bakery": 3, "comp_confectionery": 0, "gap_cafe": 846.427625, "gap_bakery": 592.445005, "gap_confectionery": 2912.793221, "opp_cafe": null, "opp_bakery": null, "opp_confectionery": null, "vegan_coverage": 0.0}}, {"type": "Feature", "geometry": {"type": "Polygon", "coordinates": [[[4.469822478950293, 51.23127395589287], [4.468299459276023, 51.22691274235711], [4.473623231707657, 51.22434576756687], [4.480470496984062, 51.22613988558833], [4.481994410440618, 51.230501166625345], [4.476670164856831, 51.23306826216279], [4.469822478950293, 51.23127395589287]]]}, "properties": {"h3": "881fa41a43fffff", "traffic": 26.0, "transit": 45.0, "offices": 0, "residential": 6528.22575, "income": 34197.686434, "n_food": 1, "traffic_norm": 0.028947, "transit_norm": 0.240642, "residential_norm": 0.486512, "income_norm": 0.374728, "comp_cafe": 5, "comp_bakery": 5, "comp_confectionery": 0, "gap_cafe": 790.707521, "gap_bakery": 313.304022, "gap_confectionery": 2718.893209, "opp_cafe": null, "opp_bakery": null, "opp_confectionery": null, "vegan_coverage": 0.0}}, {"type": "Feature", "geometry": {"type": "Polygon", "coordinates": [[[4.304745500946239, 51.27502352069244], [4.303233865188943, 51.27066509017769], [4.308561252062301, 51.26810943336716], [4.3154007531834, 51.269912087554445], [4.316913284009535, 51.27427058714], [4.311585418663274, 51.276826363490635], [4.304745500946239, 51.27502352069244]]]}, "properties": {"h3": "881fa4c715fffff", "traffic": 1.0, "transit": 7.0, "offices": 0, "residential": 0.052595, "income": 59463.0, "n_food": 0, "traffic_norm": 0.001113, "transit_norm": 0.037433, "residential_norm": 4e-06, "income_norm": 0.651578, "comp_cafe": 0, "comp_bakery": 0, "comp_confectionery": 0, "gap_cafe": 2151.257546, "gap_bakery": 3118.307528, "gap_confectionery": 8495.56984, "opp_cafe": null, "opp_bakery": null, "opp_confectionery": null, "vegan_coverage": 0.0}}, {"type": "Feature", "geometry": {"type": "Polygon", "coordinates": [[[4.38167238798689, 51.15658563250379], [4.380157637924688, 51.152220465208906], [4.385475648682752, 51.14965423221401], [4.392308884141288, 51.15145304675335], [4.393824526092659, 51.15581828306661], [4.388506040714162, 51.158384635845216], [4.38167238798689, 51.15658563250379]]]}, "properties": {"h3": "881fa4ccdbfffff", "traffic": 10.5, "transit": 46.0, "offices": 1, "residential": 1055.963189, "income": 45557.613021, "n_food": 2, "traffic_norm": 0.01169, "transit_norm": 0.245989, "residential_norm": 0.078695, "income_norm": 0.499207, "comp_cafe": 4, "comp_bakery": 0, "comp_confectionery": 0, "gap_cafe": 271.965805, "gap_bakery": 1657.052158, "gap_confectionery": 4609.643001, "opp_cafe": null, "opp_bakery": null, "opp_confectionery": null, "vegan_coverage": 0.0}}, {"type": "Feature", "geometry": {"type": "Polygon", "coordinates": [[[4.267817374124489, 51.150337552381444], [4.266311281338091, 51.14597229923146], [4.271628898493257, 51.14341190433179], [4.278453086211848, 51.145216643776045], [4.279960070801146, 51.14958196728066], [4.274641975886152, 51.15214248100943], [4.267817374124489, 51.150337552381444]]]}, "properties": {"h3": "881fa4cc43fffff", "traffic": 0.0, "transit": 2.0, "offices": 0, "residential": 87.335469, "income": 46840.0, "n_food": 0, "traffic_norm": 0.0, "transit_norm": 0.010695, "residential_norm": 0.006509, "income_norm": 0.513259, "comp_cafe": 0, "comp_bakery": 0, "comp_confectionery": 0, "gap_cafe": 1847.930142, "gap_bakery": 3331.263213, "gap_confectionery": 11069.865204, "opp_cafe": null, "opp_bakery": null, "opp_confectionery": null, "vegan_coverage": 0.0}}, {"type": "Feature", "geometry": {"type": "Polygon", "coordinates": [[[4.414329998111503, 51.1612123241101], [4.412812701788791, 51.15684734196756], [4.418131041041378, 51.154279588247114], [4.424967150391146, 51.15607669662655], [4.426485338698666, 51.16044174738446], [4.421166525689629, 51.163009621170644], [4.414329998111503, 51.1612123241101]]]}, "properties": {"h3": "881fa41b2bfffff", "traffic": 11.8, "transit": 41.0, "offices": 0, "residential": 2002.376255, "income": 53660.466723, "n_food": 1, "traffic_norm": 0.013137, "transit_norm": 0.219251, "residential_norm": 0.149226, "income_norm": 0.587995, "comp_cafe": 1, "comp_bakery": 3, "comp_confectionery": 0, "gap_cafe": 560.423184, "gap_bakery": 292.034411, "gap_confectionery": 2826.204193, "opp_cafe": null, "opp_bakery": null, "opp_confectionery": null, "vegan_coverage": 0.0}}, {"type": "Feature", "geometry": {"type": "Polygon", "coordinates": [[[4.266124039242641, 51.21729289082725], [4.26461658489915, 51.212931345964165], [4.269939458257962, 51.21037466104948], [4.276770264729945, 51.212179401988564], [4.278278612640912, 51.2165410167616], [4.272955260529679, 51.21909782070872], [4.266124039242641, 51.21729289082725]]]}, "properties": {"h3": "881fa4c565fffff", "traffic": 9.6, "transit": 13.0, "offices": 0, "residential": 551.434091, "income": 51049.286391, "n_food": 0, "traffic_norm": 0.010688, "transit_norm": 0.069519, "residential_norm": 0.041095, "income_norm": 0.559383, "comp_cafe": 0, "comp_bakery": 1, "comp_confectionery": 0, "gap_cafe": 3512.04903, "gap_bakery": 1098.045394, "gap_confectionery": 8726.560789, "opp_cafe": null, "opp_bakery": null, "opp_confectionery": null, "vegan_coverage": 0.0}}, {"type": "Feature", "geometry": {"type": "Polygon", "coordinates": [[[4.323817465893558, 51.2404433461482], [4.322305173976112, 51.236082952988056], [4.327629822430507, 51.23352439032021], [4.334467240262136, 51.23532610125297], [4.335980426320909, 51.239686563508], [4.330655300424272, 51.24224524575853], [4.323817465893558, 51.2404433461482]]]}, "properties": {"h3": "881fa4c557fffff", "traffic": 0.0, "transit": 0.0, "offices": 2, "residential": 0.0, "income": 0.0, "n_food": 0, "traffic_norm": 0.0, "transit_norm": 0.0, "residential_norm": 0.0, "income_norm": 0.0, "comp_cafe": 0, "comp_bakery": 0, "comp_confectionery": 0, "gap_cafe": 2231.940234, "gap_bakery": 2442.463287, "gap_confectionery": 5226.011476, "opp_cafe": null, "opp_bakery": null, "opp_confectionery": null, "vegan_coverage": 0.0}}, {"type": "Feature", "geometry": {"type": "Polygon", "coordinates": [[[4.463752164482001, 51.28512980971083], [4.462228387306705, 51.2807716027021], [4.46755640487431, 51.27820787135056], [4.474408673714989, 51.28000222615519], [4.475933346101495, 51.28436050036115], [4.470604854454547, 51.28692435258848], [4.463752164482001, 51.28512980971083]]]}, "properties": {"h3": "881fa4c4d1fffff", "traffic": 3.4, "transit": 8.0, "offices": 0, "residential": 399.580563, "income": 91260.0, "n_food": 0, "traffic_norm": 0.003785, "transit_norm": 0.042781, "residential_norm": 0.029779, "income_norm": 1.0, "comp_cafe": 0, "comp_bakery": 1, "comp_confectionery": 0, "gap_cafe": 1070.531693, "gap_bakery": 1077.172783, "gap_confectionery": 3562.480088, "opp_cafe": null, "opp_bakery": null, "opp_confectionery": null, "vegan_coverage": 0.0}}, {"type": "Feature", "geometry": {"type": "Polygon", "coordinates": [[[4.454596394929636, 51.15196155219741], [4.453076293982043, 51.147595972784295], [4.458393862529821, 51.14502553675993], [4.465232004524339, 51.146820559807196], [4.466752997179541, 51.15118620744179], [4.461434956150875, 51.15375676383069], [4.454596394929636, 51.15196155219741]]]}, "properties": {"h3": "881fa41959fffff", "traffic": 16.4, "transit": 40.0, "offices": 0, "residential": 2943.895473, "income": 44090.292947, "n_food": 1, "traffic_norm": 0.018259, "transit_norm": 0.213904, "residential_norm": 0.219392, "income_norm": 0.483128, "comp_cafe": 0, "comp_bakery": 4, "comp_confectionery": 0, "gap_cafe": 1136.974743, "gap_bakery": 319.337059, "gap_confectionery": 2771.545463, "opp_cafe": null, "opp_bakery": null, "opp_confectionery": null, "vegan_coverage": 0.0}}, {"type": "Feature", "geometry": {"type": "Polygon", "coordinates": [[[4.45156022890511, 51.17892362211439], [4.450039751054288, 51.17455954210928], [4.455359436240336, 51.171990727067396], [4.462200072238431, 51.17378587162661], [4.463721442508381, 51.17815001970193], [4.458401284379348, 51.18071895517095], [4.45156022890511, 51.17892362211439]]]}, "properties": {"h3": "881fa41b11fffff", "traffic": 46.0, "transit": 49.0, "offices": 0, "residential": 1830.654188, "income": 47436.821688, "n_food": 0, "traffic_norm": 0.051214, "transit_norm": 0.262032, "residential_norm": 0.136428, "income_norm": 0.519799, "comp_cafe": 3, "comp_bakery": 4, "comp_confectionery": 0, "gap_cafe": 495.680479, "gap_bakery": 680.353084, "gap_confectionery": 1591.45108, "opp_cafe": null, "opp_bakery": null, "opp_confectionery": null, "vegan_coverage": 0.0}}, {"type": "Feature", "geometry": {"type": "Polygon", "coordinates": [[[4.276148829106732, 51.15650741286671], [4.274641975886152, 51.15214248100943], [4.279960070801146, 51.14958196728066], [4.286785496565051, 51.1513862665147], [4.288293241745689, 51.15575126858935], [4.282974669219637, 51.15831190123565], [4.276148829106732, 51.15650741286671]]]}, "properties": {"h3": "881fa4cc5dfffff", "traffic": 0.0, "transit": 0.0, "offices": 0, "residential": 87.343542, "income": 46840.0, "n_food": 0, "traffic_norm": 0.0, "transit_norm": 0.0, "residential_norm": 0.006509, "income_norm": 0.513259, "comp_cafe": 0, "comp_bakery": 0, "comp_confectionery": 0, "gap_cafe": 1375.193552, "gap_bakery": 2451.524388, "gap_confectionery": 10210.348066, "opp_cafe": null, "opp_bakery": null, "opp_confectionery": null, "vegan_coverage": 0.0}}, {"type": "Feature", "geometry": {"type": "Polygon", "coordinates": [[[4.308561252062301, 51.26810943336716], [4.307049484904797, 51.26375061021885], [4.31237632396758, 51.26119437215899], [4.319215408472005, 51.262996837722035], [4.320728070512788, 51.267355729946026], [4.3154007531834, 51.269912087554445], [4.308561252062301, 51.26810943336716]]]}, "properties": {"h3": "881fa4c73bfffff", "traffic": 0.0, "transit": 9.0, "offices": 0, "residential": 0.0, "income": 0.0, "n_food": 0, "traffic_norm": 0.0, "transit_norm": 0.048128, "residential_norm": 0.0, "income_norm": 0.0, "comp_cafe": 0, "comp_bakery": 0, "comp_confectionery": 0, "gap_cafe": 2230.28434, "gap_bakery": 2877.083039, "gap_confectionery": 7781.832065, "opp_cafe": null, "opp_bakery": null, "opp_confectionery": null, "vegan_coverage": 0.0}}, {"type": "Feature", "geometry": {"type": "Polygon", "coordinates": [[[4.385475648682752, 51.14965423221401], [4.383960768830694, 51.14528867317708], [4.389278232715268, 51.142721859633454], [4.396111050885186, 51.14452048535739], [4.397626822441282, 51.14888611341729], [4.392308884141288, 51.15145304675335], [4.385475648682752, 51.14965423221401]]]}, "properties": {"h3": "881fa4ccd3fffff", "traffic": 7.1, "transit": 26.0, "offices": 13, "residential": 254.846812, "income": 50696.003408, "n_food": 0, "traffic_norm": 0.007905, "transit_norm": 0.139037, "residential_norm": 0.018992, "income_norm": 0.555512, "comp_cafe": 3, "comp_bakery": 0, "comp_confectionery": 0, "gap_cafe": 691.243353, "gap_bakery": 2368.700289, "gap_confectionery": 4989.392552, "opp_cafe": null, "opp_bakery": null, "opp_confectionery": null, "vegan_coverage": 0.0}}, {"type": "Feature", "geometry": {"type": "Polygon", "coordinates": [[[4.310934625107047, 51.22119774642448], [4.309423727757151, 51.216836314922304], [4.314746873794528, 51.214277410116374], [4.321581394736024, 51.216079817422006], [4.323093185727803, 51.22044131829874], [4.317769562153667, 51.22300034251839], [4.310934625107047, 51.22119774642448]]]}, "properties": {"h3": "881fa4c507fffff", "traffic": 9.4, "transit": 18.0, "offices": 1, "residential": 956.424739, "income": 46874.38253, "n_food": 0, "traffic_norm": 0.010465, "transit_norm": 0.096257, "residential_norm": 0.071277, "income_norm": 0.513636, "comp_cafe": 1, "comp_bakery": 1, "comp_confectionery": 0, "gap_cafe": 877.930471, "gap_bakery": 935.642846, "gap_confectionery": 5650.103614, "opp_cafe": null, "opp_bakery": null, "opp_confectionery": null, "vegan_coverage": 0.0}}, {"type": "Feature", "geometry": {"type": "Polygon", "coordinates": [[[4.342872465316704, 51.2058388336624], [4.341359519338753, 51.201476479167994], [4.34668143095951, 51.19891501162095], [4.353516764989407, 51.200715778965666], [4.355030604181946, 51.20507820257863], [4.349708216147681, 51.207639789751425], [4.342872465316704, 51.2058388336624]]]}, "properties": {"h3": "881fa4ced9fffff", "traffic": 6.4, "transit": 12.0, "offices": 0, "residential": 2527.061409, "income": 40899.880766, "n_food": 1, "traffic_norm": 0.007125, "transit_norm": 0.064171, "residential_norm": 0.188328, "income_norm": 0.448169, "comp_cafe": 0, "comp_bakery": 1, "comp_confectionery": 0, "gap_cafe": 1305.511225, "gap_bakery": 351.314725, "gap_confectionery": 3506.21575, "opp_cafe": null, "opp_bakery": null, "opp_confectionery": null, "vegan_coverage": 0.0}}, {"type": "Feature", "geometry": {"type": "Polygon", "coordinates": [[[4.4888194647707, 51.19662328407709], [4.487295802179866, 51.19226010892406], [4.492616829284416, 51.189690231121375], [4.499461991124326, 51.19148340770642], [4.500986546566464, 51.195846650384176], [4.49566504733589, 51.19841664897531], [4.4888194647707, 51.19662328407709]]]}, "properties": {"h3": "881fa41a35fffff", "traffic": 10.8, "transit": 21.0, "offices": 0, "residential": 2143.113539, "income": 42094.956671, "n_food": 1, "traffic_norm": 0.012024, "transit_norm": 0.112299, "residential_norm": 0.159714, "income_norm": 0.461264, "comp_cafe": 1, "comp_bakery": 0, "comp_confectionery": 0, "gap_cafe": 481.775597, "gap_bakery": 1438.440627, "gap_confectionery": 3464.698671, "opp_cafe": null, "opp_bakery": null, "opp_confectionery": null, "vegan_coverage": 0.0}}, {"type": "Feature", "geometry": {"type": "Polygon", "coordinates": [[[4.326179551742586, 51.19351056234422], [4.324668130501586, 51.18914756233918], [4.329989088844315, 51.186586333777846], [4.336821945159739, 51.188387985796105], [4.338334259302156, 51.19275105519453], [4.333012824245274, 51.19531240320443], [4.326179551742586, 51.19351056234422]]]}, "properties": {"h3": "881fa4cec3fffff", "traffic": 0.0, "transit": 14.0, "offices": 0, "residential": 26.485544, "income": 41078.0, "n_food": 0, "traffic_norm": 0.0, "transit_norm": 0.074866, "residential_norm": 0.001974, "income_norm": 0.450121, "comp_cafe": 0, "comp_bakery": 0, "comp_confectionery": 0, "gap_cafe": 1277.946328, "gap_bakery": 1493.733055, "gap_confectionery": 5097.550606, "opp_cafe": null, "opp_bakery": null, "opp_confectionery": null, "vegan_coverage": 0.0}}, {"type": "Feature", "geometry": {"type": "Polygon", "coordinates": [[[4.491068421949998, 51.149631517244615], [4.489545645973268, 51.145265733565736], [4.494862986697663, 51.14269319514724], [4.501703574825703, 51.14448631977653], [4.503227242415869, 51.14885217127819], [4.497909430283005, 51.151424830350855], [4.491068421949998, 51.149631517244615]]]}, "properties": {"h3": "881fa41821fffff", "traffic": 0.0, "transit": 6.0, "offices": 0, "residential": 41.914593, "income": 50829.508797, "n_food": 0, "traffic_norm": 0.0, "transit_norm": 0.032086, "residential_norm": 0.003124, "income_norm": 0.556975, "comp_cafe": 0, "comp_bakery": 0, "comp_confectionery": 0, "gap_cafe": 1398.385559, "gap_bakery": 1772.723657, "gap_confectionery": 1774.318183, "opp_cafe": null, "opp_bakery": null, "opp_confectionery": null, "vegan_coverage": 0.0}}, {"type": "Feature", "geometry": {"type": "Polygon", "coordinates": [[[4.364854795212593, 51.251249368416495], [4.363339187629463, 51.24688948461277], [4.36866464837807, 51.24432928094345], [4.375506193154661, 51.24612884114607], [4.377022695134891, 51.25048879350413], [4.371696757959252, 51.253049117128405], [4.364854795212593, 51.251249368416495]]]}, "properties": {"h3": "881fa4c423fffff", "traffic": 0.0, "transit": 4.0, "offices": 1, "residential": 0.104992, "income": 0.0, "n_food": 0, "traffic_norm": 0.0, "transit_norm": 0.02139, "residential_norm": 8e-06, "income_norm": 0.0, "comp_cafe": 0, "comp_bakery": 0, "comp_confectionery": 0, "gap_cafe": 2927.241888, "gap_bakery": 2284.695092, "gap_confectionery": 3772.433442, "opp_cafe": null, "opp_bakery": null, "opp_confectionery": null, "vegan_coverage": 0.0}}, {"type": "Feature", "geometry": {"type": "Polygon", "coordinates": [[[4.418131041041378, 51.154279588247114], [4.416613615400879, 51.14991421429548], [4.421931407292607, 51.1473458800802], [4.428767098394379, 51.149142799765244], [4.430285415834395, 51.15350824233689], [4.424967150391146, 51.15607669662655], [4.418131041041378, 51.154279588247114]]]}, "properties": {"h3": "881fa41b23fffff", "traffic": 3.7, "transit": 28.0, "offices": 1, "residential": 920.305394, "income": 52729.272278, "n_food": 0, "traffic_norm": 0.004119, "transit_norm": 0.149733, "residential_norm": 0.068585, "income_norm": 0.577792, "comp_cafe": 1, "comp_bakery": 2, "comp_confectionery": 0, "gap_cafe": 646.083271, "gap_bakery": 560.367693, "gap_confectionery": 3470.911355, "opp_cafe": null, "opp_bakery": null, "opp_confectionery": null, "vegan_coverage": 0.0}}, {"type": "Feature", "geometry": {"type": "Polygon", "coordinates": [[[4.382413575857656, 51.176608957497926], [4.380898323221671, 51.17224489674398], [4.386217902948021, 51.169679705200004], [4.393053210207737, 51.17147845457844], [4.394569355258914, 51.175842584204126], [4.389249300653026, 51.17840789560271], [4.382413575857656, 51.176608957497926]]]}, "properties": {"h3": "881fa41b69fffff", "traffic": 40.8, "transit": 100.0, "offices": 1, "residential": 3978.583495, "income": 38632.925384, "n_food": 1, "traffic_norm": 0.045424, "transit_norm": 0.534759, "residential_norm": 0.296502, "income_norm": 0.423328, "comp_cafe": 5, "comp_bakery": 5, "comp_confectionery": 0, "gap_cafe": 432.837494, "gap_bakery": 329.972943, "gap_confectionery": 3401.795312, "opp_cafe": null, "opp_bakery": null, "opp_confectionery": null, "vegan_coverage": 0.0}}, {"type": "Feature", "geometry": {"type": "Polygon", "coordinates": [[[4.475883397384931, 51.17737508328065], [4.474361134727006, 51.17301086726802], [4.479680668657564, 51.17044065031163], [4.486522937491912, 51.17223452877059], [4.488046092506468, 51.176598812587635], [4.482726086348438, 51.17916915016444], [4.475883397384931, 51.17737508328065]]]}, "properties": {"h3": "881fa41845fffff", "traffic": 2.7, "transit": 18.0, "offices": 0, "residential": 423.892699, "income": 47091.095198, "n_food": 0, "traffic_norm": 0.003006, "transit_norm": 0.096257, "residential_norm": 0.03159, "income_norm": 0.51601, "comp_cafe": 1, "comp_bakery": 1, "comp_confectionery": 0, "gap_cafe": 1256.069479, "gap_bakery": 893.093235, "gap_confectionery": 1570.191513, "opp_cafe": null, "opp_bakery": null, "opp_confectionery": null, "vegan_coverage": 0.0}}, {"type": "Feature", "geometry": {"type": "Polygon", "coordinates": [[[4.295678846240365, 51.248869357795556], [4.294168474124713, 51.244509495638155], [4.299493808869082, 51.24195291521513], [4.306329994107123, 51.243756077593495], [4.307841260605706, 51.248116009106404], [4.302515447500747, 51.25067270890858], [4.295678846240365, 51.248869357795556]]]}, "properties": {"h3": "881fa4c54bfffff", "traffic": 0.0, "transit": 1.0, "offices": 0, "residential": 0.0, "income": 0.0, "n_food": 0, "traffic_norm": 0.0, "transit_norm": 0.005348, "residential_norm": 0.0, "income_norm": 0.0, "comp_cafe": 0, "comp_bakery": 0, "comp_confectionery": 0, "gap_cafe": 1285.903497, "gap_bakery": 1709.634284, "gap_confectionery": 7395.473361, "opp_cafe": null, "opp_bakery": null, "opp_confectionery": null, "vegan_coverage": 0.0}}, {"type": "Feature", "geometry": {"type": "Polygon", "coordinates": [[[4.383897276560657, 51.21663919690829], [4.38238101778808, 51.212277351149645], [4.387703738224398, 51.20971424282314], [4.394543192849622, 51.211512860281196], [4.396060345090898, 51.21587477461794], [4.390737149256149, 51.218438002941674], [4.383897276560657, 51.21663919690829]]]}, "properties": {"h3": "881fa4c585fffff", "traffic": 518.0, "transit": 77.0, "offices": 8, "residential": 2837.202027, "income": 38657.78327, "n_food": 5, "traffic_norm": 0.576709, "transit_norm": 0.411765, "residential_norm": 0.211441, "income_norm": 0.423601, "comp_cafe": 82, "comp_bakery": 15, "comp_confectionery": 9, "gap_cafe": 271.977488, "gap_bakery": 469.479139, "gap_confectionery": 574.70646, "opp_cafe": 0.189189, "opp_bakery": 0.459459, "opp_confectionery": 0.297297, "vegan_coverage": 0.0}}, {"type": "Feature", "geometry": {"type": "Polygon", "coordinates": [[[4.387703738224398, 51.20971424282314], [4.386187349465303, 51.20535200483136], [4.39150952203042, 51.202788315691684], [4.398348558565445, 51.204586744561176], [4.399865840607651, 51.20894905113579], [4.394543192849622, 51.211512860281196], [4.387703738224398, 51.20971424282314]]]}, "properties": {"h3": "881fa4c5abfffff", "traffic": 308.9, "transit": 75.0, "offices": 8, "residential": 8304.271776, "income": 38897.331577, "n_food": 17, "traffic_norm": 0.34391, "transit_norm": 0.40107, "residential_norm": 0.618871, "income_norm": 0.426225, "comp_cafe": 50, "comp_bakery": 13, "comp_confectionery": 5, "gap_cafe": 98.14601, "gap_bakery": 197.136843, "gap_confectionery": 577.08829, "opp_cafe": 0.324324, "opp_bakery": 0.567568, "opp_confectionery": 0.513514, "vegan_coverage": 0.058824}}, {"type": "Feature", "geometry": {"type": "Polygon", "coordinates": [[[4.268246695602, 51.277274327491554], [4.266737745217835, 51.27291610498538], [4.272065337727344, 51.27036255016445], [4.27890236017996, 51.272167098625644], [4.280412205716017, 51.27652539060067], [4.275084133664865, 51.2790790646688], [4.268246695602, 51.277274327491554]]]}, "properties": {"h3": "881fa4c70dfffff", "traffic": 0.7, "transit": 2.0, "offices": 0, "residential": 2.371939, "income": 59463.0, "n_food": 0, "traffic_norm": 0.000779, "transit_norm": 0.010695, "residential_norm": 0.000177, "income_norm": 0.651578, "comp_cafe": 1, "comp_bakery": 0, "comp_confectionery": 0, "gap_cafe": 1085.319026, "gap_bakery": 2343.544377, "gap_confectionery": 10623.073321, "opp_cafe": null, "opp_bakery": null, "opp_confectionery": null, "vegan_coverage": 0.0}}, {"type": "Feature", "geometry": {"type": "Polygon", "coordinates": [[[4.475933346101495, 51.28436050036115], [4.474408673714989, 51.28000222615519], [4.479736615163915, 51.27743779298436], [4.486589702737608, 51.27923151307008], [4.488115270303819, 51.28358985434038], [4.482786855135089, 51.286154408483796], [4.475933346101495, 51.28436050036115]]]}, "properties": {"h3": "881fa4c4d3fffff", "traffic": 17.1, "transit": 14.0, "offices": 0, "residential": 368.658905, "income": 66685.571634, "n_food": 0, "traffic_norm": 0.019038, "transit_norm": 0.074866, "residential_norm": 0.027474, "income_norm": 0.730721, "comp_cafe": 6, "comp_bakery": 2, "comp_confectionery": 0, "gap_cafe": 514.735833, "gap_bakery": 936.23911, "gap_confectionery": 3299.071534, "opp_cafe": null, "opp_bakery": null, "opp_confectionery": null, "vegan_coverage": 0.0}}, {"type": "Feature", "geometry": {"type": "Polygon", "coordinates": [[[4.366452575627558, 51.18430150889327], [4.364938345560369, 51.179937909098534], [4.370258544448125, 51.17737399869723], [4.377093448861888, 51.17917356836487], [4.378608571558926, 51.18353723715947], [4.373287897230147, 51.18610126730967], [4.366452575627558, 51.18430150889327]]]}, "properties": {"h3": "881fa4ce91fffff", "traffic": 39.5, "transit": 61.0, "offices": 0, "residential": 7899.108414, "income": 31270.005183, "n_food": 0, "traffic_norm": 0.043977, "transit_norm": 0.326203, "residential_norm": 0.588677, "income_norm": 0.342647, "comp_cafe": 4, "comp_bakery": 6, "comp_confectionery": 0, "gap_cafe": 824.825213, "gap_bakery": 964.834739, "gap_confectionery": 3307.710622, "opp_cafe": null, "opp_bakery": null, "opp_confectionery": null, "vegan_coverage": 0.0}}, {"type": "Feature", "geometry": {"type": "Polygon", "coordinates": [[[4.300929070471842, 51.281936634043916], [4.29941756619891, 51.27757859621486], [4.304745500946239, 51.27502352069244], [4.311585418663274, 51.276826363490635], [4.313097818190647, 51.28118447038567], [4.307769404764059, 51.283739665439704], [4.300929070471842, 51.281936634043916]]]}, "properties": {"h3": "881fa4c71dfffff", "traffic": 1.0, "transit": 0.0, "offices": 2, "residential": 1.78955, "income": 59463.0, "n_food": 0, "traffic_norm": 0.001113, "transit_norm": 0.0, "residential_norm": 0.000133, "income_norm": 0.651578, "comp_cafe": 0, "comp_bakery": 0, "comp_confectionery": 0, "gap_cafe": 2302.156892, "gap_bakery": 3514.929283, "gap_confectionery": 9225.728948, "opp_cafe": null, "opp_bakery": null, "opp_confectionery": null, "vegan_coverage": 0.0}}, {"type": "Feature", "geometry": {"type": "Polygon", "coordinates": [[[4.472085449111979, 51.184308543734154], [4.470563314992119, 51.179944719771065], [4.475883397384931, 51.17737508328065], [4.482726086348438, 51.17916915016444], [4.484249113010812, 51.18353304192733], [4.478928558185552, 51.18610279902975], [4.472085449111979, 51.184308543734154]]]}, "properties": {"h3": "881fa4184dfffff", "traffic": 0.7, "transit": 15.0, "offices": 0, "residential": 52.783129, "income": 0.0, "n_food": 0, "traffic_norm": 0.000779, "transit_norm": 0.080214, "residential_norm": 0.003934, "income_norm": 0.0, "comp_cafe": 0, "comp_bakery": 0, "comp_confectionery": 0, "gap_cafe": 1417.651578, "gap_bakery": 1708.039093, "gap_confectionery": 2370.334238, "opp_cafe": null, "opp_bakery": null, "opp_confectionery": null, "vegan_coverage": 0.0}}, {"type": "Feature", "geometry": {"type": "Polygon", "coordinates": [[[4.480451456412405, 51.19046629868542], [4.478928558185552, 51.18610279902975], [4.484249113010812, 51.18353304192733], [4.491093038360661, 51.18532666380345], [4.492616829284416, 51.189690231121375], [4.487295802179866, 51.19226010892406], [4.480451456412405, 51.19046629868542]]]}, "properties": {"h3": "881fa41849fffff", "traffic": 5.1, "transit": 18.0, "offices": 0, "residential": 399.170516, "income": 49977.447355, "n_food": 0, "traffic_norm": 0.005678, "transit_norm": 0.096257, "residential_norm": 0.029748, "income_norm": 0.547638, "comp_cafe": 1, "comp_bakery": 0, "comp_confectionery": 0, "gap_cafe": 558.643851, "gap_bakery": 1488.729224, "gap_confectionery": 2828.874167, "opp_cafe": null, "opp_bakery": null, "opp_confectionery": null, "vegan_coverage": 0.0}}, {"type": "Feature", "geometry": {"type": "Polygon", "coordinates": [[[4.488046092506468, 51.176598812587635], [4.486522937491912, 51.17223452877059], [4.491842395047127, 51.169663610759535], [4.498685479504788, 51.17145685587169], [4.500209526844366, 51.17582120736028], [4.494889597419705, 51.17839224608829], [4.488046092506468, 51.176598812587635]]]}, "properties": {"h3": "881fa41847fffff", "traffic": 4.7, "transit": 20.0, "offices": 0, "residential": 400.290376, "income": 45832.955984, "n_food": 0, "traffic_norm": 0.005233, "transit_norm": 0.106952, "residential_norm": 0.029831, "income_norm": 0.502224, "comp_cafe": 0, "comp_bakery": 1, "comp_confectionery": 0, "gap_cafe": 1625.415524, "gap_bakery": 966.940816, "gap_confectionery": 1237.488073, "opp_cafe": null, "opp_bakery": null, "opp_confectionery": null, "vegan_coverage": 0.0}}, {"type": "Feature", "geometry": {"type": "Polygon", "coordinates": [[[4.337437580803479, 51.27967614434019], [4.335923390851733, 51.27531789971128], [4.34125111589718, 51.272760721502806], [4.348093508520686, 51.27456166812234], [4.349608593641809, 51.2789199814191], [4.344280390987727, 51.28147727945163], [4.337437580803479, 51.27967614434019]]]}, "properties": {"h3": "881fa4c445fffff", "traffic": 0.0, "transit": 0.0, "offices": 0, "residential": 0.049869, "income": 0.0, "n_food": 0, "traffic_norm": 0.0, "transit_norm": 0.0, "residential_norm": 4e-06, "income_norm": 0.0, "comp_cafe": 0, "comp_bakery": 0, "comp_confectionery": 0, "gap_cafe": 4476.504843, "gap_bakery": 4856.444794, "gap_confectionery": 7464.593826, "opp_cafe": null, "opp_bakery": null, "opp_confectionery": null, "vegan_coverage": 0.0}}, {"type": "Feature", "geometry": {"type": "Polygon", "coordinates": [[[4.444720086186531, 51.212803749915615], [4.443199360370672, 51.208441562594494], [4.448521712427707, 51.20587494951514], [4.455365263929885, 51.20767040329818], [4.456886883063153, 51.21203265853331], [4.451564057395063, 51.21459939209451], [4.444720086186531, 51.212803749915615]]]}, "properties": {"h3": "881fa41a61fffff", "traffic": 58.4, "transit": 76.0, "offices": 2, "residential": 7044.735892, "income": 33696.899706, "n_food": 0, "traffic_norm": 0.065019, "transit_norm": 0.406417, "residential_norm": 0.525005, "income_norm": 0.369241, "comp_cafe": 13, "comp_bakery": 9, "comp_confectionery": 0, "gap_cafe": 527.586586, "gap_bakery": 685.295091, "gap_confectionery": 1086.65815, "opp_cafe": null, "opp_bakery": null, "opp_confectionery": null, "vegan_coverage": 0.0}}, {"type": "Feature", "geometry": {"type": "Polygon", "coordinates": [[[4.324731007518682, 51.15347485805515], [4.323220586623562, 51.14910964612435], [4.328538406048925, 51.14654633314156], [4.335367122579657, 51.14834811280565], [4.33687843532354, 51.15271339442312], [4.331560139705443, 51.15527682671289], [4.324731007518682, 51.15347485805515]]]}, "properties": {"h3": "881fa4cea7fffff", "traffic": 4.1, "transit": 16.0, "offices": 0, "residential": 2.442481, "income": 0.0, "n_food": 0, "traffic_norm": 0.004565, "transit_norm": 0.085561, "residential_norm": 0.000182, "income_norm": 0.0, "comp_cafe": 0, "comp_bakery": 0, "comp_confectionery": 0, "gap_cafe": 1864.741145, "gap_bakery": 1212.741002, "gap_confectionery": 7794.796873, "opp_cafe": null, "opp_bakery": null, "opp_confectionery": null, "vegan_coverage": 0.0}}, {"type": "Feature", "geometry": {"type": "Polygon", "coordinates": [[[4.359573386784618, 51.21816404268037], [4.358058915037613, 51.21380233447627], [4.363381779334722, 51.211240627589135], [4.370219591508548, 51.21304050912629], [4.371734956782993, 51.21740228617405], [4.366411616373911, 51.219964112864126], [4.359573386784618, 51.21816404268037]]]}, "properties": {"h3": "881fa4c5e1fffff", "traffic": 2.4, "transit": 35.0, "offices": 3, "residential": 1229.132147, "income": 47910.683991, "n_food": 1, "traffic_norm": 0.002672, "transit_norm": 0.187166, "residential_norm": 0.0916, "income_norm": 0.524991, "comp_cafe": 1, "comp_bakery": 0, "comp_confectionery": 0, "gap_cafe": 27.545242, "gap_bakery": 1254.192378, "gap_confectionery": 2250.939499, "opp_cafe": null, "opp_bakery": null, "opp_confectionery": null, "vegan_coverage": 0.0}}, {"type": "Feature", "geometry": {"type": "Polygon", "coordinates": [[[4.349026614365204, 51.15195060028806], [4.347514409800977, 51.147585249116624], [4.352832088500965, 51.14502053610778], [4.359662447265218, 51.146821054792134], [4.361175543621082, 51.151186475384826], [4.35585738943869, 51.153751307894986], [4.349026614365204, 51.15195060028806]]]}, "properties": {"h3": "881fa4cccbfffff", "traffic": 6.4, "transit": 35.0, "offices": 0, "residential": 778.711597, "income": 46185.718534, "n_food": 0, "traffic_norm": 0.007125, "transit_norm": 0.187166, "residential_norm": 0.058033, "income_norm": 0.506089, "comp_cafe": 0, "comp_bakery": 2, "comp_confectionery": 0, "gap_cafe": 2117.853146, "gap_bakery": 796.420506, "gap_confectionery": 6738.646155, "opp_cafe": null, "opp_bakery": null, "opp_confectionery": null, "vegan_coverage": 0.0}}, {"type": "Feature", "geometry": {"type": "Polygon", "coordinates": [[[4.370258544448125, 51.17737399869723], [4.36874418425675, 51.17301000694781], [4.374063836016732, 51.17044551583841], [4.380898323221671, 51.17224489674398], [4.382413575857656, 51.176608957497926], [4.377093448861888, 51.17917356836487], [4.370258544448125, 51.17737399869723]]]}, "properties": {"h3": "881fa4ce97fffff", "traffic": 18.4, "transit": 70.0, "offices": 0, "residential": 3479.216466, "income": 35001.963782, "n_food": 3, "traffic_norm": 0.020485, "transit_norm": 0.374332, "residential_norm": 0.259287, "income_norm": 0.383541, "comp_cafe": 4, "comp_bakery": 1, "comp_confectionery": 0, "gap_cafe": 238.942841, "gap_bakery": 1159.048059, "gap_confectionery": 3727.742407, "opp_cafe": 0.783784, "opp_bakery": 1.0, "opp_confectionery": 0.675676, "vegan_coverage": 0.0}}, {"type": "Feature", "geometry": {"type": "Polygon", "coordinates": [[[4.481994410440618, 51.230501166625345], [4.480470496984062, 51.22613988558833], [4.485794193168251, 51.22357220936053], [4.492642275620739, 51.225365693349026], [4.494167082827918, 51.229727041754366], [4.48884291385043, 51.23229483882604], [4.481994410440618, 51.230501166625345]]]}, "properties": {"h3": "881fa41a55fffff", "traffic": 11.1, "transit": 41.0, "offices": 0, "residential": 2429.747345, "income": 34283.806602, "n_food": 0, "traffic_norm": 0.012358, "transit_norm": 0.219251, "residential_norm": 0.181076, "income_norm": 0.375672, "comp_cafe": 0, "comp_bakery": 2, "comp_confectionery": 0, "gap_cafe": 1516.692929, "gap_bakery": 543.244871, "gap_confectionery": 2706.87997, "opp_cafe": null, "opp_bakery": null, "opp_confectionery": null, "vegan_coverage": 0.0}}, {"type": "Feature", "geometry": {"type": "Polygon", "coordinates": [[[4.291148361232231, 51.235789055963366], [4.289638620371608, 51.23142847852634], [4.294962929540062, 51.2288714362479], [4.301797457890787, 51.23067485213075], [4.30330809279158, 51.23503549906552], [4.29798330531884, 51.23759266064284], [4.291148361232231, 51.235789055963366]]]}, "properties": {"h3": "881fa4c547fffff", "traffic": 0.0, "transit": 1.0, "offices": 0, "residential": 40.650348, "income": 46243.754199, "n_food": 0, "traffic_norm": 0.0, "transit_norm": 0.005348, "residential_norm": 0.003029, "income_norm": 0.506725, "comp_cafe": 0, "comp_bakery": 0, "comp_confectionery": 0, "gap_cafe": 2413.046979, "gap_bakery": 1609.741239, "gap_confectionery": 7252.21271, "opp_cafe": null, "opp_bakery": null, "opp_confectionery": null, "vegan_coverage": 0.0}}, {"type": "Feature", "geometry": {"type": "Polygon", "coordinates": [[[4.291863204758071, 51.25578482671545], [4.290352964161109, 51.25142535702527], [4.295678846240365, 51.248869357795556], [4.302515447500747, 51.25067270890858], [4.304026582665958, 51.25503224794946], [4.29870022201998, 51.257588366549754], [4.291863204758071, 51.25578482671545]]]}, "properties": {"h3": "881fa4c735fffff", "traffic": 2.0, "transit": 3.0, "offices": 0, "residential": 6.439671, "income": 45140.0, "n_food": 0, "traffic_norm": 0.002227, "transit_norm": 0.016043, "residential_norm": 0.00048, "income_norm": 0.494631, "comp_cafe": 2, "comp_bakery": 1, "comp_confectionery": 0, "gap_cafe": 684.30349, "gap_bakery": 1313.173327, "gap_confectionery": 7968.567387, "opp_cafe": null, "opp_bakery": null, "opp_confectionery": null, "vegan_coverage": 0.0}}, {"type": "Feature", "geometry": {"type": "Polygon", "coordinates": [[[4.331441500493947, 51.22660446106589], [4.329928946700554, 51.222243283214226], [4.335252500231192, 51.21968355847689], [4.342089084603353, 51.22148489201449], [4.343602532167191, 51.22584613897051], [4.33827850160606, 51.22840598330772], [4.331441500493947, 51.22660446106589]]]}, "properties": {"h3": "881fa4c515fffff", "traffic": 8.8, "transit": 14.0, "offices": 0, "residential": 1316.71991, "income": 44136.818458, "n_food": 0, "traffic_norm": 0.009797, "transit_norm": 0.074866, "residential_norm": 0.098128, "income_norm": 0.483638, "comp_cafe": 1, "comp_bakery": 1, "comp_confectionery": 0, "gap_cafe": 887.823139, "gap_bakery": 1054.029931, "gap_confectionery": 4316.301069, "opp_cafe": null, "opp_bakery": null, "opp_confectionery": null, "vegan_coverage": 0.0}}, {"type": "Feature", "geometry": {"type": "Polygon", "coordinates": [[[4.460687540814374, 51.20510308907142], [4.459165792809251, 51.20074044157497], [4.46448752097444, 51.198172546722446], [4.47133147021081, 51.19996717880261], [4.472854111316308, 51.20432989408489], [4.467531910103408, 51.20689790952433], [4.460687540814374, 51.20510308907142]]]}, "properties": {"h3": "881fa41a29fffff", "traffic": 16.2, "transit": 73.0, "offices": 1, "residential": 5509.087356, "income": 37256.633893, "n_food": 1, "traffic_norm": 0.018036, "transit_norm": 0.390374, "residential_norm": 0.410562, "income_norm": 0.408247, "comp_cafe": 5, "comp_bakery": 2, "comp_confectionery": 0, "gap_cafe": 606.515829, "gap_bakery": 342.366101, "gap_confectionery": 2480.330539, "opp_cafe": null, "opp_bakery": null, "opp_confectionery": null, "vegan_coverage": 0.0}}, {"type": "Feature", "geometry": {"type": "Polygon", "coordinates": [[[4.446242053013848, 51.25282182803052], [4.444720314464574, 51.248461859716905], [4.450045810189481, 51.24589732867726], [4.456893518609377, 51.24769264534855], [4.458416151530959, 51.25205268128206], [4.453090181678625, 51.254617332947554], [4.446242053013848, 51.25282182803052]]]}, "properties": {"h3": "881fa4c4abfffff", "traffic": 36.5, "transit": 78.0, "offices": 0, "residential": 5244.699754, "income": 34847.426361, "n_food": 0, "traffic_norm": 0.040637, "transit_norm": 0.417112, "residential_norm": 0.390858, "income_norm": 0.381848, "comp_cafe": 1, "comp_bakery": 3, "comp_confectionery": 0, "gap_cafe": 880.394688, "gap_bakery": 854.403511, "gap_confectionery": 2383.500332, "opp_cafe": null, "opp_bakery": null, "opp_confectionery": null, "vegan_coverage": 0.0}}, {"type": "Feature", "geometry": {"type": "Polygon", "coordinates": [[[4.353564490751103, 51.165045225687926], [4.352051654798431, 51.160680588614184], [4.357370355634734, 51.15811633675481], [4.364202367978531, 51.159916602411464], [4.365716096063829, 51.16428130876449], [4.360396919690381, 51.166845680204695], [4.353564490751103, 51.165045225687926]]]}, "properties": {"h3": "881fa4ceb1fffff", "traffic": 2.1, "transit": 47.0, "offices": 0, "residential": 1595.775583, "income": 41854.297923, "n_food": 0, "traffic_norm": 0.002338, "transit_norm": 0.251337, "residential_norm": 0.118924, "income_norm": 0.458627, "comp_cafe": 0, "comp_bakery": 0, "comp_confectionery": 0, "gap_cafe": 1360.055465, "gap_bakery": 1524.531612, "gap_confectionery": 5519.690521, "opp_cafe": null, "opp_bakery": null, "opp_confectionery": null, "vegan_coverage": 0.0}}, {"type": "Feature", "geometry": {"type": "Polygon", "coordinates": [[[4.494167082827918, 51.229727041754366], [4.492642275620739, 51.225365693349026], [4.497965895057768, 51.22279731561855], [4.504814794154879, 51.224590165376114], [4.50634049508092, 51.22895158101689], [4.501016403209553, 51.23152007968783], [4.494167082827918, 51.229727041754366]]]}, "properties": {"h3": "881fa41a57fffff", "traffic": 2.4, "transit": 12.0, "offices": 0, "residential": 190.42822, "income": 61111.09287, "n_food": 0, "traffic_norm": 0.002672, "transit_norm": 0.064171, "residential_norm": 0.014192, "income_norm": 0.669637, "comp_cafe": 0, "comp_bakery": 0, "comp_confectionery": 0, "gap_cafe": 2329.667937, "gap_bakery": 1394.197662, "gap_confectionery": 2951.899348, "opp_cafe": null, "opp_bakery": null, "opp_confectionery": null, "vegan_coverage": 0.0}}]}