{"type": "FeatureCollection", "features": [{"type": "Feature", "geometry": {"type": "Point", "coordinates": [4.7089859, 50.8694176]}, "properties": {"name": null, "spot_type": null, "is_eatery": false, "is_gastro": false, "is_retail": false, "is_transit": true, "is_office": false, "diet_vegan": false, "diet_vegetarian": false, "diet_glutenfree": false, "diet_halal": false, "unit_id": "24062D19-"}}, {"type": "Feature", "geometry": {"type": "Point", "coordinates": [4.6433594, 50.8980809]}, "properties": {"name": null, "spot_type": null, "is_eatery": false, "is_gastro": false, "is_retail": false, "is_transit": true, "is_office": false, "diet_vegan": false, "diet_vegetarian": false, "diet_glutenfree": false, "diet_halal": false, "unit_id": "24038B00-"}}, {"type": "Feature", "geometry": {"type": "Point", "coordinates": [4.7014938, 50.9227513]}, "properties": {"name": "Wijgmaal", "spot_type": null, "is_eatery": false, "is_gastro": false, "is_retail": false, "is_transit": true, "is_office": false, "diet_vegan": false, "diet_vegetarian": false, "diet_glutenfree": false, "diet_halal": false, "unit_id": "24062F40-"}}, {"type": "Feature", "geometry": {"type": "Point", "coordinates": [4.7078507, 50.8799788]}, "properties": {"name": "Leuven Jan Stasstraat", "spot_type": null, "is_eatery": false, "is_gastro": false, "is_retail": false, "is_transit": true, "is_office": false, "diet_vegan": false, "diet_vegetarian": false, "diet_glutenfree": false, "diet_halal": false, "unit_id": "24062A20-"}}, {"type": "Feature", "geometry": {"type": "Point", "coordinates": [4.7084551, 50.8801909]}, "properties": {"name": "Leuven Jan Stasstraat", "spot_type": null, "is_eatery": false, "is_gastro": false, "is_retail": false, "is_transit": true, "is_office": false, "diet_vegan": false, "diet_vegetarian": false, "diet_glutenfree": false, "diet_halal": false, "unit_id": "24062A20-"}}, {"type": "Feature", "geometry": {"type": "Point", "coordinates": [4.6987209, 50.8807049]}, "properties": {"name": "Leuven Dirk Boutslaan", "spot_type": null, "is_eatery": false, "is_gastro": false, "is_retail": false, "is_transit": true, "is_office": false, "diet_vegan": false, "diet_vegetarian": false, "diet_glutenfree": false, "diet_halal": false, "unit_id": "24062A01-"}}, {"type": "Feature", "geometry": {"type": "Point", "coordinates": [4.6923804, 50.8792664]}, "properties": {"name": "Leuven Sint-Rafaelkliniek", "spot_type": null, "is_eatery": false, "is_gastro": false, "is_retail": false, "is_transit": true, "is_office": false, "diet_vegan": false, "diet_vegetarian": false, "diet_glutenfree": false, "diet_halal": false, "unit_id": "24062A04-"}}, {"type": "Feature", "geometry": {"type": "Point", "coordinates": [4.6923191, 50.8793514]}, "properties": {"name": "Leuven Sint-Rafaelkliniek", "spot_type": null, "is_eatery": false, "is_gastro": false, "is_retail": false, "is_transit": true, "is_office": false, "diet_vegan": false, "diet_vegetarian": false, "diet_glutenfree": false, "diet_halal": false, "unit_id": "24062A04-"}}, {"type": "Feature", "geometry": {"type": "Point", "coordinates": [4.6910938, 50.8792987]}, "properties": {"name": "Leuven Sint-Jacobsplein", "spot_type": null, "is_eatery": false, "is_gastro": false, "is_retail": false, "is_transit": true, "is_office": false, "diet_vegan": false, "diet_vegetarian": false, "diet_glutenfree": false, "diet_halal": false, "unit_id": "24062A50-"}}, {"type": "Feature", "geometry": {"type": "Point", "coordinates": [4.6905384, 50.8792997]}, "properties": {"name": "Leuven Sint-Jacobsplein", "spot_type": null, "is_eatery": false, "is_gastro": false, "is_retail": false, "is_transit": true, "is_office": false, "diet_vegan": false, "diet_vegetarian": false, "diet_glutenfree": false, "diet_halal": false, "unit_id": "24062A50-"}}, {"type": "Feature", "geometry": {"type": "Point", "coordinates": [4.6708235, 50.8860241]}, "properties": {"name": "Herent Diependaal", "spot_type": null, "is_eatery": false, "is_gastro": false, "is_retail": false, "is_transit": true, "is_office": false, "diet_vegan": false, "diet_vegetarian": false, "diet_glutenfree": false, "diet_halal": false, "unit_id": "24038A22-"}}, {"type": "Feature", "geometry": {"type": "Point", "coordinates": [4.6459752, 50.8913311]}, "properties": {"name": "Winksele IJzerenberg", "spot_type": null, "is_eatery": false, "is_gastro": false, "is_retail": false, "is_transit": true, "is_office": false, "diet_vegan": false, "diet_vegetarian": false, "diet_glutenfree": false, "diet_halal": false, "unit_id": "24038B091"}}, {"type": "Feature", "geometry": {"type": "Point", "coordinates": [4.688363, 50.9200744]}, "properties": {"name": null, "spot_type": null, "is_eatery": false, "is_gastro": false, "is_retail": false, "is_transit": true, "is_office": false, "diet_vegan": false, "diet_vegetarian": false, "diet_glutenfree": false, "diet_halal": false, "unit_id": "24038A41-"}}, {"type": "Feature", "geometry": {"type": "Point", "coordinates": [4.7593942, 50.9202318]}, "properties": {"name": "Holsbeek Asseltveld", "spot_type": null, "is_eatery": false, "is_gastro": false, "is_retail": false, "is_transit": true, "is_office": false, "diet_vegan": false, "diet_vegetarian": false, "diet_glutenfree": false, "diet_halal": false, "unit_id": "24043A00-"}}, {"type": "Feature", "geometry": {"type": "Point", "coordinates": [4.7593879, 50.9201396]}, "properties": {"name": "Holsbeek Asseltveld", "spot_type": null, "is_eatery": false, "is_gastro": false, "is_retail": false, "is_transit": true, "is_office": false, "diet_vegan": false, "diet_vegetarian": false, "diet_glutenfree": false, "diet_halal": false, "unit_id": "24043A00-"}}, {"type": "Feature", "geometry": {"type": "Point", "coordinates": [4.7571109, 50.9213864]}, "properties": {"name": "Holsbeek Sportschuur", "spot_type": null, "is_eatery": false, "is_gastro": false, "is_retail": false, "is_transit": true, "is_office": false, "diet_vegan": false, "diet_vegetarian": false, "diet_glutenfree": false, "diet_halal": false, "unit_id": "24043A00-"}}, {"type": "Feature", "geometry": {"type": "Point", "coordinates": [4.743651, 50.8635245]}, "properties": {"name": "Korbeek-Lo Oaselaan", "spot_type": null, "is_eatery": false, "is_gastro": false, "is_retail": false, "is_transit": true, "is_office": false, "diet_vegan": false, "diet_vegetarian": false, "diet_glutenfree": false, "diet_halal": false, "unit_id": "24062E732"}}, {"type": "Feature", "geometry": {"type": "Point", "coordinates": [4.7434799, 50.8636473]}, "properties": {"name": "Korbeek-Lo Oaselaan", "spot_type": null, "is_eatery": false, "is_gastro": false, "is_retail": false, "is_transit": true, "is_office": false, "diet_vegan": false, "diet_vegetarian": false, "diet_glutenfree": false, "diet_halal": false, "unit_id": "24062E732"}}, {"type": "Feature", "geometry": {"type": "Point", "coordinates": [4.7517451, 50.852112]}, "properties": {"name": null, "spot_type": null, "is_eatery": false, "is_gastro": false, "is_retail": false, "is_transit": true, "is_office": false, "diet_vegan": false, "diet_vegetarian": false, "diet_glutenfree": false, "diet_halal": false, "unit_id": "24011A49-"}}, {"type": "Feature", "geometry": {"type": "Point", "coordinates": [4.7408269, 50.8674393]}, "properties": {"name": "Leuven De Mol", "spot_type": null, "is_eatery": false, "is_gastro": false, "is_retail": false, "is_transit": true, "is_office": false, "diet_vegan": false, "diet_vegetarian": false, "diet_glutenfree": false, "diet_halal": false, "unit_id": "24062E732"}}, {"type": "Feature", "geometry": {"type": "Point", "coordinates": [4.7192558, 50.906999]}, "properties": {"name": "Kessel-Lo Hulsberg", "spot_type": null, "is_eatery": false, "is_gastro": false, "is_retail": false, "is_transit": true, "is_office": false, "diet_vegan": false, "diet_vegetarian": false, "diet_glutenfree": false, "diet_halal": false, "unit_id": "24062C50-"}}, {"type": "Feature", "geometry": {"type": "Point", "coordinates": [4.7191323, 50.9073236]}, "properties": {"name": "Kessel-Lo Hulsberg", "spot_type": null, "is_eatery": false, "is_gastro": false, "is_retail": false, "is_transit": true, "is_office": false, "diet_vegan": false, "diet_vegetarian": false, "diet_glutenfree": false, "diet_halal": false, "unit_id": "24062C50-"}}, {"type": "Feature", "geometry": {"type": "Point", "coordinates": [4.7218717, 50.9047851]}, "properties": {"name": "Kessel-Lo Kesseldallaan", "spot_type": null, "is_eatery": false, "is_gastro": false, "is_retail": false, "is_transit": true, "is_office": false, "diet_vegan": false, "diet_vegetarian": false, "diet_glutenfree": false, "diet_halal": false, "unit_id": "24062C50-"}}, {"type": "Feature", "geometry": {"type": "Point", "coordinates": [4.7222005, 50.9043783]}, "properties": {"name": "Kessel-Lo Kesseldallaan", "spot_type": null, "is_eatery": false, "is_gastro": false, "is_retail": false, "is_transit": true, "is_office": false, "diet_vegan": false, "diet_vegetarian": false, "diet_glutenfree": false, "diet_halal": false, "unit_id": "24062C50-"}}, {"type": "Feature", "geometry": {"type": "Point", "coordinates": [4.7168748, 50.8987844]}, "properties": {"name": "Kessel-Lo Kesselbergplein", "spot_type": null, "is_eatery": false, "is_gastro": false, "is_retail": false, "is_transit": true, "is_office": false, "diet_vegan": false, "diet_vegetarian": false, "diet_glutenfree": false, "diet_halal": false, "unit_id": "24062C51-"}}, {"type": "Feature", "geometry": {"type": "Point", "coordinates": [4.7241097, 50.9001761]}, "properties": {"name": "Kessel-Lo Domeinstraat", "spot_type": null, "is_eatery": false, "is_gastro": false, "is_retail": false, "is_transit": true, "is_office": false, "diet_vegan": false, "diet_vegetarian": false, "diet_glutenfree": false, "diet_halal": false, "unit_id": "24062C50-"}}, {"type": "Feature", "geometry": {"type": "Point", "coordinates": [4.7243505, 50.9002334]}, "properties": {"name": "Kessel-Lo Domeinstraat", "spot_type": null, "is_eatery": false, "is_gastro": false, "is_retail": false, "is_transit": true, "is_office": false, "diet_vegan": false, "diet_vegetarian": false, "diet_glutenfree": false, "diet_halal": false, "unit_id": "24062C50-"}}, {"type": "Feature", "geometry": {"type": "Point", "coordinates": [4.7272954, 50.8994513]}, "properties": {"name": "Kessel-Lo Genadedal", "spot_type": null, "is_eatery": false, "is_gastro": false, "is_retail": false, "is_transit": true, "is_office": false, "diet_vegan": false, "diet_vegetarian": false, "diet_glutenfree": false, "diet_halal": false, "unit_id": "24062C50-"}}, {"type": "Feature", "geometry": {"type": "Point", "coordinates": [4.7317443, 50.8974155]}, "properties": {"name": "Kessel-Lo Pie De Nijper", "spot_type": null, "is_eatery": false, "is_gastro": false, "is_retail": false, "is_transit": true, "is_office": false, "diet_vegan": false, "diet_vegetarian": false, "diet_glutenfree": false, "diet_halal": false, "unit_id": "24062C50-"}}, {"type": "Feature", "geometry": {"type": "Point", "coordinates": [4.7318553, 50.8973827]}, "properties": {"name": "Kessel-Lo Pie De Nijper", "spot_type": null, "is_eatery": false, "is_gastro": false, "is_retail": false, "is_transit": true, "is_office": false, "diet_vegan": false, "diet_vegetarian": false, "diet_glutenfree": false, "diet_halal": false, "unit_id": "24062C50-"}}, {"type": "Feature", "geometry": {"type": "Point", "coordinates": [4.7306394, 50.8939964]}, "properties": {"name": "Kessel-Lo Provinciaal Recreatiecentrum", "spot_type": null, "is_eatery": false, "is_gastro": false, "is_retail": false, "is_transit": true, "is_office": false, "diet_vegan": false, "diet_vegetarian": false, "diet_glutenfree": false, "diet_halal": false, "unit_id": "24062C50-"}}, {"type": "Feature", "geometry": {"type": "Point", "coordinates": [4.7273653, 50.8898531]}, "properties": {"name": "Kessel-Lo Leopold Ruelensstraat", "spot_type": null, "is_eatery": false, "is_gastro": false, "is_retail": false, "is_transit": true, "is_office": false, "diet_vegan": false, "diet_vegetarian": false, "diet_glutenfree": false, "diet_halal": false, "unit_id": "24062C10-"}}, {"type": "Feature", "geometry": {"type": "Point", "coordinates": [4.7266968, 50.8895346]}, "properties": {"name": "Kessel-Lo Leopold Ruelensstraat", "spot_type": null, "is_eatery": false, "is_gastro": false, "is_retail": false, "is_transit": true, "is_office": false, "diet_vegan": false, "diet_vegetarian": false, "diet_glutenfree": false, "diet_halal": false, "unit_id": "24062C04-"}}, {"type": "Feature", "geometry": {"type": "Point", "coordinates": [4.722003, 50.8871285]}, "properties": {"name": "Kessel-Lo Kerkstraat", "spot_type": null, "is_eatery": false, "is_gastro": false, "is_retail": false, "is_transit": true, "is_office": false, "diet_vegan": false, "diet_vegetarian": false, "diet_glutenfree": false, "diet_halal": false, "unit_id": "24062C00-"}}, {"type": "Feature", "geometry": {"type": "Point", "coordinates": [4.721843, 50.8871524]}, "properties": {"name": "Kessel-Lo Kerkstraat", "spot_type": null, "is_eatery": false, "is_gastro": false, "is_retail": false, "is_transit": true, "is_office": false, "diet_vegan": false, "diet_vegetarian": false, "diet_glutenfree": false, "diet_halal": false, "unit_id": "24062C04-"}}, {"type": "Feature", "geometry": {"type": "Point", "coordinates": [4.7185494, 50.8853038]}, "properties": {"name": "Kessel-Lo Baron August de Becker Remyplein", "spot_type": null, "is_eatery": false, "is_gastro": false, "is_retail": false, "is_transit": true, "is_office": false, "diet_vegan": false, "diet_vegetarian": false, "diet_glutenfree": false, "diet_halal": false, "unit_id": "24062C00-"}}, {"type": "Feature", "geometry": {"type": "Point", "coordinates": [4.7179887, 50.8848235]}, "properties": {"name": "Kessel-Lo Baron August de Becker Remyplein", "spot_type": null, "is_eatery": false, "is_gastro": false, "is_retail": false, "is_transit": true, "is_office": false, "diet_vegan": false, "diet_vegetarian": false, "diet_glutenfree": false, "diet_halal": false, "unit_id": "24062C00-"}}, {"type": "Feature", "geometry": {"type": "Point", "coordinates": [4.74235, 50.9154]}, "properties": {"name": "Holsbeek Daalput", "spot_type": null, "is_eatery": false, "is_gastro": false, "is_retail": false, "is_transit": true, "is_office": false, "diet_vegan": false, "diet_vegetarian": false, "diet_glutenfree": false, "diet_halal": false, "unit_id": "24043A122"}}, {"type": "Feature", "geometry": {"type": "Point", "coordinates": [4.7058742, 50.8738314]}, "properties": {"name": "Leuven Rustoord Remy", "spot_type": null, "is_eatery": false, "is_gastro": false, "is_retail": false, "is_transit": true, "is_office": false, "diet_vegan": false, "diet_vegetarian": false, "diet_glutenfree": false, "diet_halal": false, "unit_id": "24062A35-"}}, {"type": "Feature", "geometry": {"type": "Point", "coordinates": [4.7069857, 50.8962279]}, "properties": {"name": "Wilsele Zwaaikom", "spot_type": null, "is_eatery": false, "is_gastro": false, "is_retail": false, "is_transit": true, "is_office": false, "diet_vegan": false, "diet_vegetarian": false, "diet_glutenfree": false, "diet_halal": false, "unit_id": "24062B27-"}}, {"type": "Feature", "geometry": {"type": "Point", "coordinates": [4.7093289, 50.9029109]}, "properties": {"name": "Wilsele Ecowerf", "spot_type": null, "is_eatery": false, "is_gastro": false, "is_retail": false, "is_transit": true, "is_office": false, "diet_vegan": false, "diet_vegetarian": false, "diet_glutenfree": false, "diet_halal": false, "unit_id": "24062B08-"}}, {"type": "Feature", "geometry": {"type": "Point", "coordinates": [4.7027994, 50.9230289]}, "properties": {"name": "Wijgmaal Station", "spot_type": null, "is_eatery": false, "is_gastro": false, "is_retail": false, "is_transit": true, "is_office": false, "diet_vegan": false, "diet_vegetarian": false, "diet_glutenfree": false, "diet_halal": false, "unit_id": "24062F40-"}}, {"type": "Feature", "geometry": {"type": "Point", "coordinates": [4.7026899, 50.9228155]}, "properties": {"name": "Wijgmaal Station", "spot_type": null, "is_eatery": false, "is_gastro": false, "is_retail": false, "is_transit": true, "is_office": false, "diet_vegan": false, "diet_vegetarian": false, "diet_glutenfree": false, "diet_halal": false, "unit_id": "24062F40-"}}, {"type": "Feature", "geometry": {"type": "Point", "coordinates": [4.6552255, 50.8613877]}, "properties": {"name": "Heverlee Toverberg", "spot_type": null, "is_eatery": false, "is_gastro": false, "is_retail": false, "is_transit": true, "is_office": false, "diet_vegan": false, "diet_vegetarian": false, "diet_glutenfree": false, "diet_halal": false, "unit_id": "24062D512"}}, {"type": "Feature", "geometry": {"type": "Point", "coordinates": [4.659222, 50.8615381]}, "properties": {"name": "Heverlee Egenhoven", "spot_type": null, "is_eatery": false, "is_gastro": false, "is_retail": false, "is_transit": true, "is_office": false, "diet_vegan": false, "diet_vegetarian": false, "diet_glutenfree": false, "diet_halal": false, "unit_id": "24062D500"}}, {"type": "Feature", "geometry": {"type": "Point", "coordinates": [4.6589512, 50.8616008]}, "properties": {"name": "Heverlee Egenhoven", "spot_type": null, "is_eatery": false, "is_gastro": false, "is_retail": false, "is_transit": true, "is_office": false, "diet_vegan": false, "diet_vegetarian": false, "diet_glutenfree": false, "diet_halal": false, "unit_id": "24062D500"}}, {"type": "Feature", "geometry": {"type": "Point", "coordinates": [4.68072, 50.8641]}, "properties": {"name": "Heverlee Celestijnenlaan", "spot_type": null, "is_eatery": false, "is_gastro": false, "is_retail": false, "is_transit": true, "is_office": false, "diet_vegan": false, "diet_vegetarian": false, "diet_glutenfree": false, "diet_halal": false, "unit_id": "24062D410"}}, {"type": "Feature", "geometry": {"type": "Point", "coordinates": [4.6821723, 50.8611193]}, "properties": {"name": "Heverlee Kasteel Arenberg", "spot_type": null, "is_eatery": false, "is_gastro": false, "is_retail": false, "is_transit": true, "is_office": false, "diet_vegan": false, "diet_vegetarian": false, "diet_glutenfree": false, "diet_halal": false, "unit_id": "24062D410"}}, {"type": "Feature", "geometry": {"type": "Point", "coordinates": [4.6912019, 50.8617043]}, "properties": {"name": "Heverlee Kloosterlaan", "spot_type": null, "is_eatery": false, "is_gastro": false, "is_retail": false, "is_transit": true, "is_office": false, "diet_vegan": false, "diet_vegetarian": false, "diet_glutenfree": false, "diet_halal": false, "unit_id": "24062D04-"}}, {"type": "Feature", "geometry": {"type": "Point", "coordinates": [4.6910111, 50.8616778]}, "properties": {"name": "Heverlee Kloosterlaan", "spot_type": null, "is_eatery": false, "is_gastro": false, "is_retail": false, "is_transit": true, "is_office": false, "diet_vegan": false, "diet_vegetarian": false, "diet_glutenfree": false, "diet_halal": false, "unit_id": "24062D04-"}}, {"type": "Feature", "geometry": {"type": "Point", "coordinates": [4.6977774, 50.8675807]}, "properties": {"name": "Leuven Naamsepoort", "spot_type": null, "is_eatery": false, "is_gastro": false, "is_retail": false, "is_transit": true, "is_office": false, "diet_vegan": false, "diet_vegetarian": false, "diet_glutenfree": false, "diet_halal": false, "unit_id": "24062D02-"}}, {"type": "Feature", "geometry": {"type": "Point", "coordinates": [4.6993636, 50.868216]}, "properties": {"name": "Leuven Naamsepoort", "spot_type": null, "is_eatery": false, "is_gastro": false, "is_retail": false, "is_transit": true, "is_office": false, "diet_vegan": false, "diet_vegetarian": false, "diet_glutenfree": false, "diet_halal": false, "unit_id": "24062D02-"}}, {"type": "Feature", "geometry": {"type": "Point", "coordinates": [4.6763163, 50.8789726]}, "properties": {"name": null, "spot_type": null, "is_eatery": false, "is_gastro": false, "is_retail": false, "is_transit": true, "is_office": false, "diet_vegan": false, "diet_vegetarian": false, "diet_glutenfree": false, "diet_halal": false, "unit_id": "24062D633"}}, {"type": "Feature", "geometry": {"type": "Point", "coordinates": [4.6763372, 50.8790787]}, "properties": {"name": null, "spot_type": null, "is_eatery": false, "is_gastro": false, "is_retail": false, "is_transit": true, "is_office": false, "diet_vegan": false, "diet_vegetarian": false, "diet_glutenfree": false, "diet_halal": false, "unit_id": "24062D633"}}, {"type": "Feature", "geometry": {"type": "Point", "coordinates": [4.6763476, 50.8791318]}, "properties": {"name": null, "spot_type": null, "is_eatery": false, "is_gastro": false, "is_retail": false, "is_transit": true, "is_office": false, "diet_vegan": false, "diet_vegetarian": false, "diet_glutenfree": false, "diet_halal": false, "unit_id": "24062D633"}}, {"type": "Feature", "geometry": {"type": "Point", "coordinates": [4.7594236, 50.9052032]}, "properties": {"name": null, "spot_type": null, "is_eatery": false, "is_gastro": false, "is_retail": false, "is_transit": true, "is_office": false, "diet_vegan": false, "diet_vegetarian": false, "diet_glutenfree": false, "diet_halal": false, "unit_id": "24066D022"}}, {"type": "Feature", "geometry": {"type": "Point", "coordinates": [4.738696, 50.8909402]}, "properties": {"name": "Kessel-Lo Paradaens", "spot_type": null, "is_eatery": false, "is_gastro": false, "is_retail": false, "is_transit": true, "is_office": false, "diet_vegan": false, "diet_vegetarian": false, "diet_glutenfree": false, "diet_halal": false, "unit_id": "24062C13-"}}, {"type": "Feature", "geometry": {"type": "Point", "coordinates": [4.6979418, 50.8681679]}, "properties": {"name": "Leuven Naamsepoort", "spot_type": null, "is_eatery": false, "is_gastro": false, "is_retail": false, "is_transit": true, "is_office": false, "diet_vegan": false, "diet_vegetarian": false, "diet_glutenfree": false, "diet_halal": false, "unit_id": "24062D02-"}}, {"type": "Feature", "geometry": {"type": "Point", "coordinates": [4.6957791, 50.863129]}, "properties": {"name": "Heverlee Station", "spot_type": null, "is_eatery": false, "is_gastro": false, "is_retail": false, "is_transit": true, "is_office": false, "diet_vegan": false, "diet_vegetarian": false, "diet_glutenfree": false, "diet_halal": false, "unit_id": "24062D00-"}}, {"type": "Feature", "geometry": {"type": "Point", "coordinates": [4.7153908, 50.8823177]}, "properties": {"name": "Leuven", "spot_type": null, "is_eatery": false, "is_gastro": false, "is_retail": false, "is_transit": true, "is_office": false, "diet_vegan": false, "diet_vegetarian": false, "diet_glutenfree": false, "diet_halal": false, "unit_id": "24062A17-"}}, {"type": "Feature", "geometry": {"type": "Point", "coordinates": [4.7481961, 50.865745]}, "properties": {"name": "Korbeek-Lo Vlinderlaan", "spot_type": null, "is_eatery": false, "is_gastro": false, "is_retail": false, "is_transit": true, "is_office": false, "diet_vegan": false, "diet_vegetarian": false, "diet_glutenfree": false, "diet_halal": false, "unit_id": "24011B211"}}, {"type": "Feature", "geometry": {"type": "Point", "coordinates": [4.7468645, 50.8662079]}, "properties": {"name": "Korbeek-Lo Vlinderlaan", "spot_type": null, "is_eatery": false, "is_gastro": false, "is_retail": false, "is_transit": true, "is_office": false, "diet_vegan": false, "diet_vegetarian": false, "diet_glutenfree": false, "diet_halal": false, "unit_id": "24062E742"}}, {"type": "Feature", "geometry": {"type": "Point", "coordinates": [4.7275854, 50.870272]}, "properties": {"name": "Leuven Elisabethlaan", "spot_type": null, "is_eatery": false, "is_gastro": false, "is_retail": false, "is_transit": true, "is_office": false, "diet_vegan": false, "diet_vegetarian": false, "diet_glutenfree": false, "diet_halal": false, "unit_id": "24062E70-"}}, {"type": "Feature", "geometry": {"type": "Point", "coordinates": [4.6406111, 50.8625402]}, "properties": {"name": "Bertem Rond-Punt", "spot_type": null, "is_eatery": false, "is_gastro": false, "is_retail": false, "is_transit": true, "is_office": false, "diet_vegan": false, "diet_vegetarian": false, "diet_glutenfree": false, "diet_halal": false, "unit_id": "24009A022"}}, {"type": "Feature", "geometry": {"type": "Point", "coordinates": [4.6403109, 50.8625996]}, "properties": {"name": "Bertem Rond-Punt", "spot_type": null, "is_eatery": false, "is_gastro": false, "is_retail": false, "is_transit": true, "is_office": false, "diet_vegan": false, "diet_vegetarian": false, "diet_glutenfree": false, "diet_halal": false, "unit_id": "24009A022"}}, {"type": "Feature", "geometry": {"type": "Point", "coordinates": [4.6473851, 50.8607275]}, "properties": {"name": "Heverlee Doleeg", "spot_type": null, "is_eatery": false, "is_gastro": false, "is_retail": false, "is_transit": true, "is_office": false, "diet_vegan": false, "diet_vegetarian": false, "diet_glutenfree": false, "diet_halal": false, "unit_id": "24062D512"}}, {"type": "Feature", "geometry": {"type": "Point", "coordinates": [4.6485738, 50.8607968]}, "properties": {"name": "Heverlee Doleeg", "spot_type": null, "is_eatery": false, "is_gastro": false, "is_retail": false, "is_transit": true, "is_office": false, "diet_vegan": false, "diet_vegetarian": false, "diet_glutenfree": false, "diet_halal": false, "unit_id": "24062D512"}}, {"type": "Feature", "geometry": {"type": "Point", "coordinates": [4.655587, 50.8614861]}, "properties": {"name": "Heverlee Toverberg", "spot_type": null, "is_eatery": false, "is_gastro": false, "is_retail": false, "is_transit": true, "is_office": false, "diet_vegan": false, "diet_vegetarian": false, "diet_glutenfree": false, "diet_halal": false, "unit_id": "24062D512"}}, {"type": "Feature", "geometry": {"type": "Point", "coordinates": [4.667561, 50.8711482]}, "properties": {"name": "Heverlee Ter Elst", "spot_type": null, "is_eatery": false, "is_gastro": false, "is_retail": false, "is_transit": true, "is_office": false, "diet_vegan": false, "diet_vegetarian": false, "diet_glutenfree": false, "diet_halal": false, "unit_id": "24062D622"}}, {"type": "Feature", "geometry": {"type": "Point", "coordinates": [4.668699, 50.8717898]}, "properties": {"name": "Heverlee Ter Elst", "spot_type": null, "is_eatery": false, "is_gastro": false, "is_retail": false, "is_transit": true, "is_office": false, "diet_vegan": false, "diet_vegetarian": false, "diet_glutenfree": false, "diet_halal": false, "unit_id": "24062D61-"}}, {"type": "Feature", "geometry": {"type": "Point", "coordinates": [4.6743934, 50.8718815]}, "properties": {"name": "Heverlee Henri Geeraertlaan", "spot_type": null, "is_eatery": false, "is_gastro": false, "is_retail": false, "is_transit": true, "is_office": false, "diet_vegan": false, "diet_vegetarian": false, "diet_glutenfree": false, "diet_halal": false, "unit_id": "24062D644"}}, {"type": "Feature", "geometry": {"type": "Point", "coordinates": [4.6808676, 50.8681733]}, "properties": {"name": "Heverlee Koning Boudewijnlaan", "spot_type": null, "is_eatery": false, "is_gastro": false, "is_retail": false, "is_transit": true, "is_office": false, "diet_vegan": false, "diet_vegetarian": false, "diet_glutenfree": false, "diet_halal": false, "unit_id": "24062D644"}}, {"type": "Feature", "geometry": {"type": "Point", "coordinates": [4.6914428, 50.8732641]}, "properties": {"name": "Leuven Redingenhof", "spot_type": null, "is_eatery": false, "is_gastro": false, "is_retail": false, "is_transit": true, "is_office": false, "diet_vegan": false, "diet_vegetarian": false, "diet_glutenfree": false, "diet_halal": false, "unit_id": "24062A44-"}}, {"type": "Feature", "geometry": {"type": "Point", "coordinates": [4.69129, 50.873264]}, "properties": {"name": "Leuven Redingenhof", "spot_type": null, "is_eatery": false, "is_gastro": false, "is_retail": false, "is_transit": true, "is_office": false, "diet_vegan": false, "diet_vegetarian": false, "diet_glutenfree": false, "diet_halal": false, "unit_id": "24062A52-"}}, {"type": "Feature", "geometry": {"type": "Point", "coordinates": [4.712701, 50.8788878]}, "properties": {"name": "Leuven Kleine Gevangenis", "spot_type": null, "is_eatery": false, "is_gastro": false, "is_retail": false, "is_transit": true, "is_office": false, "diet_vegan": false, "diet_vegetarian": false, "diet_glutenfree": false, "diet_halal": false, "unit_id": "24062A32-"}}, {"type": "Feature", "geometry": {"type": "Point", "coordinates": [4.7129609, 50.8792334]}, "properties": {"name": "Leuven Kleine Gevangenis", "spot_type": null, "is_eatery": false, "is_gastro": false, "is_retail": false, "is_transit": true, "is_office": false, "diet_vegan": false, "diet_vegetarian": false, "diet_glutenfree": false, "diet_halal": false, "unit_id": "24062A22-"}}, {"type": "Feature", "geometry": {"type": "Point", "coordinates": [4.7322385, 50.9135809]}, "properties": {"name": "Holsbeek Sint-Geertrui", "spot_type": null, "is_eatery": false, "is_gastro": false, "is_retail": false, "is_transit": true, "is_office": false, "diet_vegan": false, "diet_vegetarian": false, "diet_glutenfree": false, "diet_halal": false, "unit_id": "24043A122"}}, {"type": "Feature", "geometry": {"type": "Point", "coordinates": [4.7324731, 50.9135345]}, "properties": {"name": "Holsbeek Sint-Geertrui", "spot_type": null, "is_eatery": false, "is_gastro": false, "is_retail": false, "is_transit": true, "is_office": false, "diet_vegan": false, "diet_vegetarian": false, "diet_glutenfree": false, "diet_halal": false, "unit_id": "24043A122"}}, {"type": "Feature", "geometry": {"type": "Point", "coordinates": [4.725725, 50.9114586]}, "properties": {"name": "Holsbeek Pleinstraat/Leuvensebaan", "spot_type": null, "is_eatery": false, "is_gastro": false, "is_retail": false, "is_transit": true, "is_office": false, "diet_vegan": false, "diet_vegetarian": false, "diet_glutenfree": false, "diet_halal": false, "unit_id": "24043A10-"}}, {"type": "Feature", "geometry": {"type": "Point", "coordinates": [4.7373292, 50.8658398]}, "properties": {"name": "Leuven Dalemhof", "spot_type": null, "is_eatery": false, "is_gastro": false, "is_retail": false, "is_transit": true, "is_office": false, "diet_vegan": false, "diet_vegetarian": false, "diet_glutenfree": false, "diet_halal": false, "unit_id": "24062E732"}}, {"type": "Feature", "geometry": {"type": "Point", "coordinates": [4.7383962, 50.8655425]}, "properties": {"name": "Leuven Dalemhof", "spot_type": null, "is_eatery": false, "is_gastro": false, "is_retail": false, "is_transit": true, "is_office": false, "diet_vegan": false, "diet_vegetarian": false, "diet_glutenfree": false, "diet_halal": false, "unit_id": "24062E732"}}, {"type": "Feature", "geometry": {"type": "Point", "coordinates": [4.7401201, 50.887763]}, "properties": {"name": "Delhaize", "spot_type": null, "is_eatery": false, "is_gastro": false, "is_retail": true, "is_transit": false, "is_office": false, "diet_vegan": false, "diet_vegetarian": false, "diet_glutenfree": false, "diet_halal": false, "unit_id": "24062C13-"}}, {"type": "Feature", "geometry": {"type": "Point", "coordinates": [4.7412649, 50.8861972]}, "properties": {"name": "Kessel-Lo Heidebergstraat", "spot_type": null, "is_eatery": false, "is_gastro": false, "is_retail": false, "is_transit": true, "is_office": false, "diet_vegan": false, "diet_vegetarian": false, "diet_glutenfree": false, "diet_halal": false, "unit_id": "24062C13-"}}, {"type": "Feature", "geometry": {"type": "Point", "coordinates": [4.7411366, 50.8860537]}, "properties": {"name": "Kessel-Lo Heidebergstraat", "spot_type": null, "is_eatery": false, "is_gastro": false, "is_retail": false, "is_transit": true, "is_office": false, "diet_vegan": false, "diet_vegetarian": false, "diet_glutenfree": false, "diet_halal": false, "unit_id": "24062C13-"}}, {"type": "Feature", "geometry": {"type": "Point", "coordinates": [4.7157493, 50.8502764]}, "properties": {"name": "Heverlee Schaatsbaan", "spot_type": null, "is_eatery": false, "is_gastro": false, "is_retail": false, "is_transit": true, "is_office": false, "diet_vegan": false, "diet_vegetarian": false, "diet_glutenfree": false, "diet_halal": false, "unit_id": "24062E774"}}, {"type": "Feature", "geometry": {"type": "Point", "coordinates": [4.7521766, 50.8879745]}, "properties": {"name": "Linden Jan Davidtsstraat", "spot_type": null, "is_eatery": false, "is_gastro": false, "is_retail": false, "is_transit": true, "is_office": false, "diet_vegan": false, "diet_vegetarian": false, "diet_glutenfree": false, "diet_halal": false, "unit_id": "24062C13-"}}, {"type": "Feature", "geometry": {"type": "Point", "coordinates": [4.7503619, 50.8940078]}, "properties": {"name": "Linden Kortrijkstraat", "spot_type": null, "is_eatery": false, "is_gastro": false, "is_retail": false, "is_transit": true, "is_office": false, "diet_vegan": false, "diet_vegetarian": false, "diet_glutenfree": false, "diet_halal": false, "unit_id": "24066D10-"}}, {"type": "Feature", "geometry": {"type": "Point", "coordinates": [4.7240265, 50.9107238]}, "properties": {"name": "Holsbeek Pleinstraat/Leuvensebaan", "spot_type": null, "is_eatery": false, "is_gastro": false, "is_retail": false, "is_transit": true, "is_office": false, "diet_vegan": false, "diet_vegetarian": false, "diet_glutenfree": false, "diet_halal": false, "unit_id": "24043A10-"}}, {"type": "Feature", "geometry": {"type": "Point", "coordinates": [4.7514862, 50.919604]}, "properties": {"name": "Holsbeek De Zicht", "spot_type": null, "is_eatery": false, "is_gastro": false, "is_retail": false, "is_transit": true, "is_office": false, "diet_vegan": false, "diet_vegetarian": false, "diet_glutenfree": false, "diet_halal": false, "unit_id": "24043A00-"}}, {"type": "Feature", "geometry": {"type": "Point", "coordinates": [4.7426832, 50.9153649]}, "properties": {"name": "Holsbeek Daalput", "spot_type": null, "is_eatery": false, "is_gastro": false, "is_retail": false, "is_transit": true, "is_office": false, "diet_vegan": false, "diet_vegetarian": false, "diet_glutenfree": false, "diet_halal": false, "unit_id": "24043A122"}}, {"type": "Feature", "geometry": {"type": "Point", "coordinates": [4.7181702, 50.8915148]}, "properties": {"name": "Kessel-Lo Eenmeilaan", "spot_type": null, "is_eatery": false, "is_gastro": false, "is_retail": false, "is_transit": true, "is_office": false, "diet_vegan": false, "diet_vegetarian": false, "diet_glutenfree": false, "diet_halal": false, "unit_id": "24062C04-"}}, {"type": "Feature", "geometry": {"type": "Point", "coordinates": [4.714911, 50.8819108]}, "properties": {"name": null, "spot_type": null, "is_eatery": false, "is_gastro": false, "is_retail": false, "is_transit": true, "is_office": false, "diet_vegan": false, "diet_vegetarian": false, "diet_glutenfree": false, "diet_halal": false, "unit_id": "24062A17-"}}, {"type": "Feature", "geometry": {"type": "Point", "coordinates": [4.6912221, 50.8909555]}, "properties": {"name": "Leuven Kareelveld", "spot_type": null, "is_eatery": false, "is_gastro": false, "is_retail": false, "is_transit": true, "is_office": false, "diet_vegan": false, "diet_vegetarian": false, "diet_glutenfree": false, "diet_halal": false, "unit_id": "24062A61-"}}, {"type": "Feature", "geometry": {"type": "Point", "coordinates": [4.6736364, 50.9034726]}, "properties": {"name": "Herent Station", "spot_type": null, "is_eatery": false, "is_gastro": false, "is_retail": false, "is_transit": true, "is_office": false, "diet_vegan": false, "diet_vegetarian": false, "diet_glutenfree": false, "diet_halal": false, "unit_id": "24038A10-"}}, {"type": "Feature", "geometry": {"type": "Point", "coordinates": [4.7389103, 50.9145561]}, "properties": {"name": null, "spot_type": null, "is_eatery": false, "is_gastro": false, "is_retail": false, "is_transit": true, "is_office": false, "diet_vegan": false, "diet_vegetarian": false, "diet_glutenfree": false, "diet_halal": false, "unit_id": "24043A122"}}, {"type": "Feature", "geometry": {"type": "Point", "coordinates": [4.7534786, 50.8884162]}, "properties": {"name": "Linden Jan Davidtsstraat", "spot_type": null, "is_eatery": false, "is_gastro": false, "is_retail": false, "is_transit": true, "is_office": false, "diet_vegan": false, "diet_vegetarian": false, "diet_glutenfree": false, "diet_halal": false, "unit_id": "24066D10-"}}, {"type": "Feature", "geometry": {"type": "Point", "coordinates": [4.7471438, 50.8872869]}, "properties": {"name": "Kessel-Lo Klooster", "spot_type": null, "is_eatery": false, "is_gastro": false, "is_retail": false, "is_transit": true, "is_office": false, "diet_vegan": false, "diet_vegetarian": false, "diet_glutenfree": false, "diet_halal": false, "unit_id": "24062C13-"}}, {"type": "Feature", "geometry": {"type": "Point", "coordinates": [4.7467567, 50.8870432]}, "properties": {"name": "Kessel-Lo Klooster", "spot_type": null, "is_eatery": false, "is_gastro": false, "is_retail": false, "is_transit": true, "is_office": false, "diet_vegan": false, "diet_vegetarian": false, "diet_glutenfree": false, "diet_halal": false, "unit_id": "24062C13-"}}, {"type": "Feature", "geometry": {"type": "Point", "coordinates": [4.7524638, 50.8647611]}, "properties": {"name": "Korbeek-Lo Eikenbrug", "spot_type": null, "is_eatery": false, "is_gastro": false, "is_retail": false, "is_transit": true, "is_office": false, "diet_vegan": false, "diet_vegetarian": false, "diet_glutenfree": false, "diet_halal": false, "unit_id": "24011B211"}}, {"type": "Feature", "geometry": {"type": "Point", "coordinates": [4.7092834, 50.8674073]}, "properties": {"name": "Heverlee Paul Van Ostaijenlaan", "spot_type": null, "is_eatery": false, "is_gastro": false, "is_retail": false, "is_transit": true, "is_office": false, "diet_vegan": false, "diet_vegetarian": false, "diet_glutenfree": false, "diet_halal": false, "unit_id": "24062D19-"}}, {"type": "Feature", "geometry": {"type": "Point", "coordinates": [4.7266249, 50.8688792]}, "properties": {"name": "Leuven Korbeek-Lostraat", "spot_type": null, "is_eatery": false, "is_gastro": false, "is_retail": false, "is_transit": true, "is_office": false, "diet_vegan": false, "diet_vegetarian": false, "diet_glutenfree": false, "diet_halal": false, "unit_id": "24062E70-"}}, {"type": "Feature", "geometry": {"type": "Point", "coordinates": [4.7054431, 50.9018603]}, "properties": {"name": "Wilsele Brandenstraat", "spot_type": null, "is_eatery": false, "is_gastro": false, "is_retail": false, "is_transit": true, "is_office": false, "diet_vegan": false, "diet_vegetarian": false, "diet_glutenfree": false, "diet_halal": false, "unit_id": "24062B391"}}, {"type": "Feature", "geometry": {"type": "Point", "coordinates": [4.7053685, 50.9018158]}, "properties": {"name": "Wilsele Brandenstraat", "spot_type": null, "is_eatery": false, "is_gastro": false, "is_retail": false, "is_transit": true, "is_office": false, "diet_vegan": false, "diet_vegetarian": false, "diet_glutenfree": false, "diet_halal": false, "unit_id": "24062B391"}}, {"type": "Feature", "geometry": {"type": "Point", "coordinates": [4.6918695, 50.8883097]}, "properties": {"name": "Leuven Mechelsepoort", "spot_type": null, "is_eatery": false, "is_gastro": false, "is_retail": false, "is_transit": true, "is_office": false, "diet_vegan": false, "diet_vegetarian": false, "diet_glutenfree": false, "diet_halal": false, "unit_id": "24062A55-"}}, {"type": "Feature", "geometry": {"type": "Point", "coordinates": [4.7178488, 50.8928778]}, "properties": {"name": "Kessel-Lo Eenmeilaan", "spot_type": null, "is_eatery": false, "is_gastro": false, "is_retail": false, "is_transit": true, "is_office": false, "diet_vegan": false, "diet_vegetarian": false, "diet_glutenfree": false, "diet_halal": false, "unit_id": "24062C0AJ"}}, {"type": "Feature", "geometry": {"type": "Point", "coordinates": [4.7178861, 50.8934447]}, "properties": {"name": "Frituur Vlinder", "spot_type": null, "is_eatery": true, "is_gastro": true, "is_retail": false, "is_transit": false, "is_office": false, "diet_vegan": false, "diet_vegetarian": false, "diet_glutenfree": false, "diet_halal": false, "unit_id": "24062C04-"}}, {"type": "Feature", "geometry": {"type": "Point", "coordinates": [4.6935496, 50.9237522]}, "properties": {"name": "Wijgmaal Vaartbrug", "spot_type": null, "is_eatery": false, "is_gastro": false, "is_retail": false, "is_transit": true, "is_office": false, "diet_vegan": false, "diet_vegetarian": false, "diet_glutenfree": false, "diet_halal": false, "unit_id": "24062F40-"}}, {"type": "Feature", "geometry": {"type": "Point", "coordinates": [4.7003222, 50.9211195]}, "properties": {"name": "Wijgmaal Remytoren", "spot_type": null, "is_eatery": false, "is_gastro": false, "is_retail": false, "is_transit": true, "is_office": false, "diet_vegan": false, "diet_vegetarian": false, "diet_glutenfree": false, "diet_halal": false, "unit_id": "24062F40-"}}, {"type": "Feature", "geometry": {"type": "Point", "coordinates": [4.7003194, 50.9211928]}, "properties": {"name": "Wijgmaal Remytoren", "spot_type": null, "is_eatery": false, "is_gastro": false, "is_retail": false, "is_transit": true, "is_office": false, "diet_vegan": false, "diet_vegetarian": false, "diet_glutenfree": false, "diet_halal": false, "unit_id": "24062F40-"}}, {"type": "Feature", "geometry": {"type": "Point", "coordinates": [4.70687, 50.8936]}, "properties": {"name": "Leuven Dijledreef", "spot_type": null, "is_eatery": false, "is_gastro": false, "is_retail": false, "is_transit": true, "is_office": false, "diet_vegan": false, "diet_vegetarian": false, "diet_glutenfree": false, "diet_halal": false, "unit_id": "24062B27-"}}, {"type": "Feature", "geometry": {"type": "Point", "coordinates": [4.7067412, 50.8886148]}, "properties": {"name": "Leuven Vaartvest", "spot_type": null, "is_eatery": false, "is_gastro": false, "is_retail": false, "is_transit": true, "is_office": false, "diet_vegan": false, "diet_vegetarian": false, "diet_glutenfree": false, "diet_halal": false, "unit_id": "24062B27-"}}, {"type": "Feature", "geometry": {"type": "Point", "coordinates": [4.719342, 50.8504302]}, "properties": {"name": "Heverlee Ambachtenlaan", "spot_type": null, "is_eatery": false, "is_gastro": false, "is_retail": false, "is_transit": true, "is_office": false, "diet_vegan": false, "diet_vegetarian": false, "diet_glutenfree": false, "diet_halal": false, "unit_id": "24062E774"}}, {"type": "Feature", "geometry": {"type": "Point", "coordinates": [4.7070247, 50.8881984]}, "properties": {"name": "Leuven Vaartvest", "spot_type": null, "is_eatery": false, "is_gastro": false, "is_retail": false, "is_transit": true, "is_office": false, "diet_vegan": false, "diet_vegetarian": false, "diet_glutenfree": false, "diet_halal": false, "unit_id": "24062B27-"}}, {"type": "Feature", "geometry": {"type": "Point", "coordinates": [4.70705, 50.8938]}, "properties": {"name": "Leuven Dijledreef", "spot_type": null, "is_eatery": false, "is_gastro": false, "is_retail": false, "is_transit": true, "is_office": false, "diet_vegan": false, "diet_vegetarian": false, "diet_glutenfree": false, "diet_halal": false, "unit_id": "24062B27-"}}, {"type": "Feature", "geometry": {"type": "Point", "coordinates": [4.7070453, 50.8965814]}, "properties": {"name": "Wilsele Zwaaikom", "spot_type": null, "is_eatery": false, "is_gastro": false, "is_retail": false, "is_transit": true, "is_office": false, "diet_vegan": false, "diet_vegetarian": false, "diet_glutenfree": false, "diet_halal": false, "unit_id": "24062B27-"}}, {"type": "Feature", "geometry": {"type": "Point", "coordinates": [4.6849203, 50.870148]}, "properties": {"name": "Heverlee Groenveld", "spot_type": null, "is_eatery": false, "is_gastro": false, "is_retail": false, "is_transit": true, "is_office": false, "diet_vegan": false, "diet_vegetarian": false, "diet_glutenfree": false, "diet_halal": false, "unit_id": "24062D644"}}, {"type": "Feature", "geometry": {"type": "Point", "coordinates": [4.6843883, 50.8698355]}, "properties": {"name": "Heverlee Groenveld", "spot_type": null, "is_eatery": false, "is_gastro": false, "is_retail": false, "is_transit": true, "is_office": false, "diet_vegan": false, "diet_vegetarian": false, "diet_glutenfree": false, "diet_halal": false, "unit_id": "24062D644"}}, {"type": "Feature", "geometry": {"type": "Point", "coordinates": [4.6918309, 50.856464]}, "properties": {"name": "Heverlee Middelweg", "spot_type": null, "is_eatery": false, "is_gastro": false, "is_retail": false, "is_transit": true, "is_office": false, "diet_vegan": false, "diet_vegetarian": false, "diet_glutenfree": false, "diet_halal": false, "unit_id": "24062D04-"}}, {"type": "Feature", "geometry": {"type": "Point", "coordinates": [4.6933428, 50.9237652]}, "properties": {"name": "Wijgmaal Vaartbrug", "spot_type": null, "is_eatery": false, "is_gastro": false, "is_retail": false, "is_transit": true, "is_office": false, "diet_vegan": false, "diet_vegetarian": false, "diet_glutenfree": false, "diet_halal": false, "unit_id": "24062F40-"}}, {"type": "Feature", "geometry": {"type": "Point", "coordinates": [4.7105863, 50.8526411]}, "properties": {"name": "Heverlee De Hemptinne", "spot_type": null, "is_eatery": false, "is_gastro": false, "is_retail": false, "is_transit": true, "is_office": false, "diet_vegan": false, "diet_vegetarian": false, "diet_glutenfree": false, "diet_halal": false, "unit_id": "24062D290"}}, {"type": "Feature", "geometry": {"type": "Point", "coordinates": [4.7103301, 50.8529205]}, "properties": {"name": "Heverlee De Hemptinne", "spot_type": null, "is_eatery": false, "is_gastro": false, "is_retail": false, "is_transit": true, "is_office": false, "diet_vegan": false, "diet_vegetarian": false, "diet_glutenfree": false, "diet_halal": false, "unit_id": "24062D290"}}, {"type": "Feature", "geometry": {"type": "Point", "coordinates": [4.7095227, 50.9029542]}, "properties": {"name": "Wilsele Ecowerf", "spot_type": null, "is_eatery": false, "is_gastro": false, "is_retail": false, "is_transit": true, "is_office": false, "diet_vegan": false, "diet_vegetarian": false, "diet_glutenfree": false, "diet_halal": false, "unit_id": "24062B08-"}}, {"type": "Feature", "geometry": {"type": "Point", "coordinates": [4.6822936, 50.8608966]}, "properties": {"name": "Heverlee Kasteel Arenberg", "spot_type": null, "is_eatery": false, "is_gastro": false, "is_retail": false, "is_transit": true, "is_office": false, "diet_vegan": false, "diet_vegetarian": false, "diet_glutenfree": false, "diet_halal": false, "unit_id": "24062D410"}}, {"type": "Feature", "geometry": {"type": "Point", "coordinates": [4.653581, 50.8563718]}, "properties": {"name": "Heverlee Rotspoelstraat", "spot_type": null, "is_eatery": false, "is_gastro": false, "is_retail": false, "is_transit": true, "is_office": false, "diet_vegan": false, "diet_vegetarian": false, "diet_glutenfree": false, "diet_halal": false, "unit_id": "24062D512"}}, {"type": "Feature", "geometry": {"type": "Point", "coordinates": [4.6537858, 50.8563658]}, "properties": {"name": "Heverlee Rotspoelstraat", "spot_type": null, "is_eatery": false, "is_gastro": false, "is_retail": false, "is_transit": true, "is_office": false, "diet_vegan": false, "diet_vegetarian": false, "diet_glutenfree": false, "diet_halal": false, "unit_id": "24062D512"}}, {"type": "Feature", "geometry": {"type": "Point", "coordinates": [4.6408584, 50.842595]}, "properties": {"name": "Korbeek-Dijle Blokkenstraat", "spot_type": null, "is_eatery": false, "is_gastro": false, "is_retail": false, "is_transit": true, "is_office": false, "diet_vegan": false, "diet_vegetarian": false, "diet_glutenfree": false, "diet_halal": false, "unit_id": "24009B00-"}}, {"type": "Feature", "geometry": {"type": "Point", "coordinates": [4.6407862, 50.8426841]}, "properties": {"name": "Korbeek-Dijle Blokkenstraat", "spot_type": null, "is_eatery": false, "is_gastro": false, "is_retail": false, "is_transit": true, "is_office": false, "diet_vegan": false, "diet_vegetarian": false, "diet_glutenfree": false, "diet_halal": false, "unit_id": "24009B00-"}}, {"type": "Feature", "geometry": {"type": "Point", "coordinates": [4.6441486, 50.8445501]}, "properties": {"name": "Korbeek-Dijle Veeweide", "spot_type": null, "is_eatery": false, "is_gastro": false, "is_retail": false, "is_transit": true, "is_office": false, "diet_vegan": false, "diet_vegetarian": false, "diet_glutenfree": false, "diet_halal": false, "unit_id": "24009B09-"}}, {"type": "Feature", "geometry": {"type": "Point", "coordinates": [4.6449363, 50.8450966]}, "properties": {"name": "Korbeek-Dijle Veeweide", "spot_type": null, "is_eatery": false, "is_gastro": false, "is_retail": false, "is_transit": true, "is_office": false, "diet_vegan": false, "diet_vegetarian": false, "diet_glutenfree": false, "diet_halal": false, "unit_id": "24009B09-"}}, {"type": "Feature", "geometry": {"type": "Point", "coordinates": [4.6494271, 50.8499494]}, "properties": {"name": "Heverlee Ormendaal", "spot_type": null, "is_eatery": false, "is_gastro": false, "is_retail": false, "is_transit": true, "is_office": false, "diet_vegan": false, "diet_vegetarian": false, "diet_glutenfree": false, "diet_halal": false, "unit_id": "24062D591"}}, {"type": "Feature", "geometry": {"type": "Point", "coordinates": [4.6495212, 50.8503504]}, "properties": {"name": "Heverlee Ormendaal", "spot_type": null, "is_eatery": false, "is_gastro": false, "is_retail": false, "is_transit": true, "is_office": false, "diet_vegan": false, "diet_vegetarian": false, "diet_glutenfree": false, "diet_halal": false, "unit_id": "24062D591"}}, {"type": "Feature", "geometry": {"type": "Point", "coordinates": [4.7088852, 50.8682845]}, "properties": {"name": "Heverlee Paul Van Ostaijenlaan", "spot_type": null, "is_eatery": false, "is_gastro": false, "is_retail": false, "is_transit": true, "is_office": false, "diet_vegan": false, "diet_vegetarian": false, "diet_glutenfree": false, "diet_halal": false, "unit_id": "24062D19-"}}, {"type": "Feature", "geometry": {"type": "Point", "coordinates": [4.7053014, 50.856495]}, "properties": {"name": null, "spot_type": null, "is_eatery": false, "is_gastro": false, "is_retail": false, "is_transit": true, "is_office": false, "diet_vegan": false, "diet_vegetarian": false, "diet_glutenfree": false, "diet_halal": false, "unit_id": "24062D22-"}}, {"type": "Feature", "geometry": {"type": "Point", "coordinates": [4.7109972, 50.8626263]}, "properties": {"name": "Heverlee Pakenstraat", "spot_type": null, "is_eatery": false, "is_gastro": false, "is_retail": false, "is_transit": true, "is_office": false, "diet_vegan": false, "diet_vegetarian": false, "diet_glutenfree": false, "diet_halal": false, "unit_id": "24062D22-"}}, {"type": "Feature", "geometry": {"type": "Point", "coordinates": [4.7114624, 50.8626914]}, "properties": {"name": "Heverlee Pakenstraat", "spot_type": null, "is_eatery": false, "is_gastro": false, "is_retail": false, "is_transit": true, "is_office": false, "diet_vegan": false, "diet_vegetarian": false, "diet_glutenfree": false, "diet_halal": false, "unit_id": "24062D209"}}, {"type": "Feature", "geometry": {"type": "Point", "coordinates": [4.6768335, 50.8530734]}, "properties": {"name": "Heverlee Raalbeeklaan", "spot_type": null, "is_eatery": false, "is_gastro": false, "is_retail": false, "is_transit": true, "is_office": false, "diet_vegan": false, "diet_vegetarian": false, "diet_glutenfree": false, "diet_halal": false, "unit_id": "24062D04-"}}, {"type": "Feature", "geometry": {"type": "Point", "coordinates": [4.6765189, 50.8529014]}, "properties": {"name": "Heverlee Raalbeeklaan", "spot_type": null, "is_eatery": false, "is_gastro": false, "is_retail": false, "is_transit": true, "is_office": false, "diet_vegan": false, "diet_vegetarian": false, "diet_glutenfree": false, "diet_halal": false, "unit_id": "24062D04-"}}, {"type": "Feature", "geometry": {"type": "Point", "coordinates": [4.7108855, 50.9058309]}, "properties": {"name": "Wilsele Viaduct", "spot_type": null, "is_eatery": false, "is_gastro": false, "is_retail": false, "is_transit": true, "is_office": false, "diet_vegan": false, "diet_vegetarian": false, "diet_glutenfree": false, "diet_halal": false, "unit_id": "24062B00-"}}, {"type": "Feature", "geometry": {"type": "Point", "coordinates": [4.7324632, 50.8790882]}, "properties": {"name": "Kessel-Lo Duivenstraat", "spot_type": null, "is_eatery": false, "is_gastro": false, "is_retail": false, "is_transit": true, "is_office": false, "diet_vegan": false, "diet_vegetarian": false, "diet_glutenfree": false, "diet_halal": false, "unit_id": "24062C44-"}}, {"type": "Feature", "geometry": {"type": "Point", "coordinates": [4.7323239, 50.8788974]}, "properties": {"name": "Kessel-Lo Duivenstraat", "spot_type": null, "is_eatery": false, "is_gastro": false, "is_retail": false, "is_transit": true, "is_office": false, "diet_vegan": false, "diet_vegetarian": false, "diet_glutenfree": false, "diet_halal": false, "unit_id": "24062C44-"}}, {"type": "Feature", "geometry": {"type": "Point", "coordinates": [4.711093, 50.905814]}, "properties": {"name": "Wilsele Viaduct", "spot_type": null, "is_eatery": false, "is_gastro": false, "is_retail": false, "is_transit": true, "is_office": false, "diet_vegan": false, "diet_vegetarian": false, "diet_glutenfree": false, "diet_halal": false, "unit_id": "24062B00-"}}, {"type": "Feature", "geometry": {"type": "Point", "coordinates": [4.7161782, 50.9151217]}, "properties": {"name": "Wilsele Pleinstraat", "spot_type": null, "is_eatery": false, "is_gastro": false, "is_retail": false, "is_transit": true, "is_office": false, "diet_vegan": false, "diet_vegetarian": false, "diet_glutenfree": false, "diet_halal": false, "unit_id": "24062B100"}}, {"type": "Feature", "geometry": {"type": "Point", "coordinates": [4.7195694, 50.9215877]}, "properties": {"name": "Wilsele Louis Woutersstraat", "spot_type": null, "is_eatery": false, "is_gastro": false, "is_retail": false, "is_transit": true, "is_office": false, "diet_vegan": false, "diet_vegetarian": false, "diet_glutenfree": false, "diet_halal": false, "unit_id": "24062B100"}}, {"type": "Feature", "geometry": {"type": "Point", "coordinates": [4.6776318, 50.8845163]}, "properties": {"name": "Leuven KBC", "spot_type": null, "is_eatery": false, "is_gastro": false, "is_retail": false, "is_transit": true, "is_office": false, "diet_vegan": false, "diet_vegetarian": false, "diet_glutenfree": false, "diet_halal": false, "unit_id": "24062A61-"}}, {"type": "Feature", "geometry": {"type": "Point", "coordinates": [4.6602559, 50.888337]}, "properties": {"name": "Herent Grote Molenweg", "spot_type": null, "is_eatery": false, "is_gastro": false, "is_retail": false, "is_transit": true, "is_office": false, "diet_vegan": false, "diet_vegetarian": false, "diet_glutenfree": false, "diet_halal": false, "unit_id": "24038A22-"}}, {"type": "Feature", "geometry": {"type": "Point", "coordinates": [4.6424778, 50.8955435]}, "properties": {"name": "Winksele Heidestraat", "spot_type": null, "is_eatery": false, "is_gastro": false, "is_retail": false, "is_transit": true, "is_office": false, "diet_vegan": false, "diet_vegetarian": false, "diet_glutenfree": false, "diet_halal": false, "unit_id": "24038B012"}}, {"type": "Feature", "geometry": {"type": "Point", "coordinates": [4.7376938, 50.8763443]}, "properties": {"name": "Kessel-Lo Gez. Grégoirestraat", "spot_type": null, "is_eatery": false, "is_gastro": false, "is_retail": false, "is_transit": true, "is_office": false, "diet_vegan": false, "diet_vegetarian": false, "diet_glutenfree": false, "diet_halal": false, "unit_id": "24062C43-"}}, {"type": "Feature", "geometry": {"type": "Point", "coordinates": [4.737533, 50.8762329]}, "properties": {"name": "Kessel-Lo Gez. Grégoirestraat", "spot_type": null, "is_eatery": false, "is_gastro": false, "is_retail": false, "is_transit": true, "is_office": false, "diet_vegan": false, "diet_vegetarian": false, "diet_glutenfree": false, "diet_halal": false, "unit_id": "24062C43-"}}, {"type": "Feature", "geometry": {"type": "Point", "coordinates": [4.7206738, 50.8988733]}, "properties": {"name": "Kessel-Lo Sparrenboslaan", "spot_type": null, "is_eatery": false, "is_gastro": false, "is_retail": false, "is_transit": true, "is_office": false, "diet_vegan": false, "diet_vegetarian": false, "diet_glutenfree": false, "diet_halal": false, "unit_id": "24062C51-"}}, {"type": "Feature", "geometry": {"type": "Point", "coordinates": [4.7173868, 50.899428]}, "properties": {"name": "Kessel-Lo Kesselbergplein", "spot_type": null, "is_eatery": false, "is_gastro": false, "is_retail": false, "is_transit": true, "is_office": false, "diet_vegan": false, "diet_vegetarian": false, "diet_glutenfree": false, "diet_halal": false, "unit_id": "24062C51-"}}, {"type": "Feature", "geometry": {"type": "Point", "coordinates": [4.7185552, 50.901702]}, "properties": {"name": "Kessel-Lo Kesselsteinplein", "spot_type": null, "is_eatery": false, "is_gastro": false, "is_retail": false, "is_transit": true, "is_office": false, "diet_vegan": false, "diet_vegetarian": false, "diet_glutenfree": false, "diet_halal": false, "unit_id": "24062C51-"}}, {"type": "Feature", "geometry": {"type": "Point", "coordinates": [4.7196767, 50.9212854]}, "properties": {"name": "Wilsele Louis Woutersstraat", "spot_type": null, "is_eatery": false, "is_gastro": false, "is_retail": false, "is_transit": true, "is_office": false, "diet_vegan": false, "diet_vegetarian": false, "diet_glutenfree": false, "diet_halal": false, "unit_id": "24062B100"}}, {"type": "Feature", "geometry": {"type": "Point", "coordinates": [4.679552, 50.8645035]}, "properties": {"name": "Heverlee Campus Arenberg", "spot_type": null, "is_eatery": false, "is_gastro": false, "is_retail": false, "is_transit": true, "is_office": false, "diet_vegan": false, "diet_vegetarian": false, "diet_glutenfree": false, "diet_halal": false, "unit_id": "24062D410"}}, {"type": "Feature", "geometry": {"type": "Point", "coordinates": [4.7270695, 50.8995988]}, "properties": {"name": "Kessel-Lo Genadedal", "spot_type": null, "is_eatery": false, "is_gastro": false, "is_retail": false, "is_transit": true, "is_office": false, "diet_vegan": false, "diet_vegetarian": false, "diet_glutenfree": false, "diet_halal": false, "unit_id": "24062C50-"}}, {"type": "Feature", "geometry": {"type": "Point", "coordinates": [4.7389402, 50.9145928]}, "properties": {"name": "Holsbeek Attenhovendreef", "spot_type": null, "is_eatery": false, "is_gastro": false, "is_retail": false, "is_transit": true, "is_office": false, "diet_vegan": false, "diet_vegetarian": false, "diet_glutenfree": false, "diet_halal": false, "unit_id": "24043A122"}}, {"type": "Feature", "geometry": {"type": "Point", "coordinates": [4.73884, 50.9145]}, "properties": {"name": "Holsbeek Attenhovendreef", "spot_type": null, "is_eatery": false, "is_gastro": false, "is_retail": false, "is_transit": true, "is_office": false, "diet_vegan": false, "diet_vegetarian": false, "diet_glutenfree": false, "diet_halal": false, "unit_id": "24043A122"}}, {"type": "Feature", "geometry": {"type": "Point", "coordinates": [4.7513292, 50.9196376]}, "properties": {"name": "Holsbeek De Zicht", "spot_type": null, "is_eatery": false, "is_gastro": false, "is_retail": false, "is_transit": true, "is_office": false, "diet_vegan": false, "diet_vegetarian": false, "diet_glutenfree": false, "diet_halal": false, "unit_id": "24043A023"}}, {"type": "Feature", "geometry": {"type": "Point", "coordinates": [4.7549918, 50.9229002]}, "properties": {"name": "Frituur Het Jachthuis", "spot_type": null, "is_eatery": true, "is_gastro": true, "is_retail": false, "is_transit": false, "is_office": false, "diet_vegan": false, "diet_vegetarian": false, "diet_glutenfree": false, "diet_halal": false, "unit_id": "24043A091"}}, {"type": "Feature", "geometry": {"type": "Point", "coordinates": [4.6996375, 50.9215817]}, "properties": {"name": "Q Snack", "spot_type": null, "is_eatery": true, "is_gastro": true, "is_retail": false, "is_transit": false, "is_office": false, "diet_vegan": false, "diet_vegetarian": false, "diet_glutenfree": false, "diet_halal": false, "unit_id": "24062F40-"}}, {"type": "Feature", "geometry": {"type": "Point", "coordinates": [4.6962149, 50.8661611]}, "properties": {"name": "Heverlee Groenstraat", "spot_type": null, "is_eatery": false, "is_gastro": false, "is_retail": false, "is_transit": true, "is_office": false, "diet_vegan": false, "diet_vegetarian": false, "diet_glutenfree": false, "diet_halal": false, "unit_id": "24062D02-"}}, {"type": "Feature", "geometry": {"type": "Point", "coordinates": [4.6962775, 50.8896978]}, "properties": {"name": "Leuven Keizersberg", "spot_type": null, "is_eatery": false, "is_gastro": false, "is_retail": false, "is_transit": true, "is_office": false, "diet_vegan": false, "diet_vegetarian": false, "diet_glutenfree": false, "diet_halal": false, "unit_id": "24062B33-"}}, {"type": "Feature", "geometry": {"type": "Point", "coordinates": [4.6963714, 50.8897649]}, "properties": {"name": "Leuven Keizersberg", "spot_type": null, "is_eatery": false, "is_gastro": false, "is_retail": false, "is_transit": true, "is_office": false, "diet_vegan": false, "diet_vegetarian": false, "diet_glutenfree": false, "diet_halal": false, "unit_id": "24062B33-"}}, {"type": "Feature", "geometry": {"type": "Point", "coordinates": [4.6965601, 50.8730532]}, "properties": {"name": "De Dijlemolens", "spot_type": null, "is_eatery": true, "is_gastro": true, "is_retail": false, "is_transit": false, "is_office": false, "diet_vegan": false, "diet_vegetarian": false, "diet_glutenfree": false, "diet_halal": false, "unit_id": "24062A03-"}}, {"type": "Feature", "geometry": {"type": "Point", "coordinates": [4.6961038, 50.8729833]}, "properties": {"name": "'t Eethoekje", "spot_type": null, "is_eatery": true, "is_gastro": true, "is_retail": false, "is_transit": false, "is_office": false, "diet_vegan": false, "diet_vegetarian": false, "diet_glutenfree": false, "diet_halal": false, "unit_id": "24062A44-"}}, {"type": "Feature", "geometry": {"type": "Point", "coordinates": [4.7159279, 50.8813671]}, "properties": {"name": "Leuven", "spot_type": null, "is_eatery": false, "is_gastro": false, "is_retail": false, "is_transit": true, "is_office": false, "diet_vegan": false, "diet_vegetarian": false, "diet_glutenfree": false, "diet_halal": false, "unit_id": "24062A17-"}}, {"type": "Feature", "geometry": {"type": "Point", "coordinates": [4.6987289, 50.8809819]}, "properties": {"name": "La Stanza", "spot_type": null, "is_eatery": true, "is_gastro": true, "is_retail": false, "is_transit": false, "is_office": false, "diet_vegan": false, "diet_vegetarian": false, "diet_glutenfree": false, "diet_halal": false, "unit_id": "24062A01-"}}, {"type": "Feature", "geometry": {"type": "Point", "coordinates": [4.6596886, 50.8634393]}, "properties": {"name": "Heverlee Veldstraat", "spot_type": null, "is_eatery": false, "is_gastro": false, "is_retail": false, "is_transit": true, "is_office": false, "diet_vegan": false, "diet_vegetarian": false, "diet_glutenfree": false, "diet_halal": false, "unit_id": "24062D500"}}, {"type": "Feature", "geometry": {"type": "Point", "coordinates": [4.6597585, 50.8640358]}, "properties": {"name": "Heverlee Veldstraat", "spot_type": null, "is_eatery": false, "is_gastro": false, "is_retail": false, "is_transit": true, "is_office": false, "diet_vegan": false, "diet_vegetarian": false, "diet_glutenfree": false, "diet_halal": false, "unit_id": "24062D500"}}, {"type": "Feature", "geometry": {"type": "Point", "coordinates": [4.7156822, 50.9147541]}, "properties": {"name": "Bij Sophie", "spot_type": "cafe", "is_eatery": true, "is_gastro": false, "is_retail": false, "is_transit": false, "is_office": false, "diet_vegan": false, "diet_vegetarian": false, "diet_glutenfree": false, "diet_halal": false, "unit_id": "24062B100"}}, {"type": "Feature", "geometry": {"type": "Point", "coordinates": [4.7159789, 50.914846]}, "properties": {"name": "Wilsele Pleinstraat", "spot_type": null, "is_eatery": false, "is_gastro": false, "is_retail": false, "is_transit": true, "is_office": false, "diet_vegan": false, "diet_vegetarian": false, "diet_glutenfree": false, "diet_halal": false, "unit_id": "24062B100"}}, {"type": "Feature", "geometry": {"type": "Point", "coordinates": [4.7136395, 50.910884]}, "properties": {"name": "Wilsele Gemeentehuis", "spot_type": null, "is_eatery": false, "is_gastro": false, "is_retail": false, "is_transit": true, "is_office": false, "diet_vegan": false, "diet_vegetarian": false, "diet_glutenfree": false, "diet_halal": false, "unit_id": "24062B00-"}}, {"type": "Feature", "geometry": {"type": "Point", "coordinates": [4.7136769, 50.9105724]}, "properties": {"name": "Wilsele Gemeentehuis", "spot_type": null, "is_eatery": false, "is_gastro": false, "is_retail": false, "is_transit": true, "is_office": false, "diet_vegan": false, "diet_vegetarian": false, "diet_glutenfree": false, "diet_halal": false, "unit_id": "24062B00-"}}, {"type": "Feature", "geometry": {"type": "Point", "coordinates": [4.7221901, 50.8840426]}, "properties": {"name": "Kessel-Lo Heilig Hartkerk", "spot_type": null, "is_eatery": false, "is_gastro": false, "is_retail": false, "is_transit": true, "is_office": false, "diet_vegan": false, "diet_vegetarian": false, "diet_glutenfree": false, "diet_halal": false, "unit_id": "24062C00-"}}, {"type": "Feature", "geometry": {"type": "Point", "coordinates": [4.720789, 50.8837958]}, "properties": {"name": "Kessel-Lo Heilig Hartkerk", "spot_type": null, "is_eatery": false, "is_gastro": false, "is_retail": false, "is_transit": true, "is_office": false, "diet_vegan": false, "diet_vegetarian": false, "diet_glutenfree": false, "diet_halal": false, "unit_id": "24062C01-"}}, {"type": "Feature", "geometry": {"type": "Point", "coordinates": [4.7195186, 50.9216718]}, "properties": {"name": "Döner Kebap Euro", "spot_type": null, "is_eatery": true, "is_gastro": true, "is_retail": false, "is_transit": false, "is_office": false, "diet_vegan": false, "diet_vegetarian": false, "diet_glutenfree": false, "diet_halal": false, "unit_id": "24062B100"}}, {"type": "Feature", "geometry": {"type": "Point", "coordinates": [4.6990495, 50.8785691]}, "properties": {"name": "Koffie Onan", "spot_type": "cafe", "is_eatery": true, "is_gastro": false, "is_retail": false, "is_transit": false, "is_office": false, "diet_vegan": false, "diet_vegetarian": false, "diet_glutenfree": false, "diet_halal": false, "unit_id": "24062A00-"}}, {"type": "Feature", "geometry": {"type": "Point", "coordinates": [4.6990956, 50.878636]}, "properties": {"name": "Resto Ribs", "spot_type": null, "is_eatery": true, "is_gastro": true, "is_retail": false, "is_transit": false, "is_office": false, "diet_vegan": false, "diet_vegetarian": false, "diet_glutenfree": false, "diet_halal": false, "unit_id": "24062A00-"}}, {"type": "Feature", "geometry": {"type": "Point", "coordinates": [4.700208, 50.8760711]}, "properties": {"name": "Carrefour Express", "spot_type": null, "is_eatery": false, "is_gastro": false, "is_retail": true, "is_transit": false, "is_office": false, "diet_vegan": false, "diet_vegetarian": false, "diet_glutenfree": false, "diet_halal": false, "unit_id": "24062A03-"}}, {"type": "Feature", "geometry": {"type": "Point", "coordinates": [4.7024737, 50.8782002]}, "properties": {"name": "Quo Vadis", "spot_type": null, "is_eatery": true, "is_gastro": true, "is_retail": false, "is_transit": false, "is_office": false, "diet_vegan": false, "diet_vegetarian": false, "diet_glutenfree": false, "diet_halal": false, "unit_id": "24062A00-"}}, {"type": "Feature", "geometry": {"type": "Point", "coordinates": [4.7023328, 50.878234]}, "properties": {"name": "Samourai", "spot_type": null, "is_eatery": true, "is_gastro": true, "is_retail": false, "is_transit": false, "is_office": false, "diet_vegan": false, "diet_vegetarian": false, "diet_glutenfree": false, "diet_halal": false, "unit_id": "24062A00-"}}, {"type": "Feature", "geometry": {"type": "Point", "coordinates": [4.7030154, 50.8791608]}, "properties": {"name": "Leuven Rector De Somerplein", "spot_type": null, "is_eatery": false, "is_gastro": false, "is_retail": false, "is_transit": true, "is_office": false, "diet_vegan": false, "diet_vegetarian": false, "diet_glutenfree": false, "diet_halal": false, "unit_id": "24062A20-"}}, {"type": "Feature", "geometry": {"type": "Point", "coordinates": [4.6955676, 50.880539]}, "properties": {"name": "Bakkerij Gielis", "spot_type": "bakery", "is_eatery": true, "is_gastro": false, "is_retail": false, "is_transit": false, "is_office": false, "diet_vegan": false, "diet_vegetarian": false, "diet_glutenfree": false, "diet_halal": false, "unit_id": "24062A01-"}}, {"type": "Feature", "geometry": {"type": "Point", "coordinates": [4.6916391, 50.8741781]}, "properties": {"name": "Kaputop Friet", "spot_type": null, "is_eatery": true, "is_gastro": true, "is_retail": false, "is_transit": false, "is_office": false, "diet_vegan": false, "diet_vegetarian": false, "diet_glutenfree": false, "diet_halal": false, "unit_id": "24062A44-"}}, {"type": "Feature", "geometry": {"type": "Point", "coordinates": [4.6915088, 50.8744051]}, "properties": {"name": "Yellow Star", "spot_type": null, "is_eatery": true, "is_gastro": true, "is_retail": false, "is_transit": false, "is_office": false, "diet_vegan": false, "diet_vegetarian": false, "diet_glutenfree": false, "diet_halal": false, "unit_id": "24062A44-"}}, {"type": "Feature", "geometry": {"type": "Point", "coordinates": [4.7157233, 50.9148241]}, "properties": {"name": "De Vuntzak", "spot_type": null, "is_eatery": true, "is_gastro": true, "is_retail": false, "is_transit": false, "is_office": false, "diet_vegan": false, "diet_vegetarian": false, "diet_glutenfree": false, "diet_halal": false, "unit_id": "24062B100"}}, {"type": "Feature", "geometry": {"type": "Point", "coordinates": [4.6753773, 50.9036747]}, "properties": {"name": "Herent", "spot_type": null, "is_eatery": false, "is_gastro": false, "is_retail": false, "is_transit": true, "is_office": false, "diet_vegan": false, "diet_vegetarian": false, "diet_glutenfree": false, "diet_halal": false, "unit_id": "24038A10-"}}, {"type": "Feature", "geometry": {"type": "Point", "coordinates": [4.7153387, 50.882311]}, "properties": {"name": "Leuven", "spot_type": null, "is_eatery": false, "is_gastro": false, "is_retail": false, "is_transit": true, "is_office": false, "diet_vegan": false, "diet_vegetarian": false, "diet_glutenfree": false, "diet_halal": false, "unit_id": "24062A17-"}}, {"type": "Feature", "geometry": {"type": "Point", "coordinates": [4.643334, 50.8981391]}, "properties": {"name": "Winksele Kerk", "spot_type": null, "is_eatery": false, "is_gastro": false, "is_retail": false, "is_transit": true, "is_office": false, "diet_vegan": false, "diet_vegetarian": false, "diet_glutenfree": false, "diet_halal": false, "unit_id": "24038B00-"}}, {"type": "Feature", "geometry": {"type": "Point", "coordinates": [4.6433883, 50.8976878]}, "properties": {"name": "Winksele Kerk", "spot_type": null, "is_eatery": false, "is_gastro": false, "is_retail": false, "is_transit": true, "is_office": false, "diet_vegan": false, "diet_vegetarian": false, "diet_glutenfree": false, "diet_halal": false, "unit_id": "24038B00-"}}, {"type": "Feature", "geometry": {"type": "Point", "coordinates": [4.646773, 50.891324]}, "properties": {"name": "Winksele IJzerenberg", "spot_type": null, "is_eatery": false, "is_gastro": false, "is_retail": false, "is_transit": true, "is_office": false, "diet_vegan": false, "diet_vegetarian": false, "diet_glutenfree": false, "diet_halal": false, "unit_id": "24038B012"}}, {"type": "Feature", "geometry": {"type": "Point", "coordinates": [4.6401344, 50.8652947]}, "properties": {"name": "Bertem Ginisstraat", "spot_type": null, "is_eatery": false, "is_gastro": false, "is_retail": false, "is_transit": true, "is_office": false, "diet_vegan": false, "diet_vegetarian": false, "diet_glutenfree": false, "diet_halal": false, "unit_id": "24009A010"}}, {"type": "Feature", "geometry": {"type": "Point", "coordinates": [4.6412961, 50.867951]}, "properties": {"name": "Bertem Alsemberg", "spot_type": null, "is_eatery": false, "is_gastro": false, "is_retail": false, "is_transit": true, "is_office": false, "diet_vegan": false, "diet_vegetarian": false, "diet_glutenfree": false, "diet_halal": false, "unit_id": "24009A010"}}, {"type": "Feature", "geometry": {"type": "Point", "coordinates": [4.6447574, 50.9030754]}, "properties": {"name": "Winksele Kabien", "spot_type": null, "is_eatery": false, "is_gastro": false, "is_retail": false, "is_transit": true, "is_office": false, "diet_vegan": false, "diet_vegetarian": false, "diet_glutenfree": false, "diet_halal": false, "unit_id": "24038B023"}}, {"type": "Feature", "geometry": {"type": "Point", "coordinates": [4.6449735, 50.9029983]}, "properties": {"name": "Winksele Kabien", "spot_type": null, "is_eatery": false, "is_gastro": false, "is_retail": false, "is_transit": true, "is_office": false, "diet_vegan": false, "diet_vegetarian": false, "diet_glutenfree": false, "diet_halal": false, "unit_id": "24038B023"}}, {"type": "Feature", "geometry": {"type": "Point", "coordinates": [4.6498124, 50.903374]}, "properties": {"name": "Winksele Verbrandstraat", "spot_type": null, "is_eatery": false, "is_gastro": false, "is_retail": false, "is_transit": true, "is_office": false, "diet_vegan": false, "diet_vegetarian": false, "diet_glutenfree": false, "diet_halal": false, "unit_id": "24038B023"}}, {"type": "Feature", "geometry": {"type": "Point", "coordinates": [4.6500934, 50.9035319]}, "properties": {"name": "Winksele Verbrandstraat", "spot_type": null, "is_eatery": false, "is_gastro": false, "is_retail": false, "is_transit": true, "is_office": false, "diet_vegan": false, "diet_vegetarian": false, "diet_glutenfree": false, "diet_halal": false, "unit_id": "24038B023"}}, {"type": "Feature", "geometry": {"type": "Point", "coordinates": [4.6735494, 50.9033169]}, "properties": {"name": "Herent Station", "spot_type": null, "is_eatery": false, "is_gastro": false, "is_retail": false, "is_transit": true, "is_office": false, "diet_vegan": false, "diet_vegetarian": false, "diet_glutenfree": false, "diet_halal": false, "unit_id": "24038A133"}}, {"type": "Feature", "geometry": {"type": "Point", "coordinates": [4.6736749, 50.9033953]}, "properties": {"name": null, "spot_type": null, "is_eatery": false, "is_gastro": false, "is_retail": false, "is_transit": true, "is_office": false, "diet_vegan": false, "diet_vegetarian": false, "diet_glutenfree": false, "diet_halal": false, "unit_id": "24038A10-"}}, {"type": "Feature", "geometry": {"type": "Point", "coordinates": [4.6737546, 50.9040455]}, "properties": {"name": "Den Travoo", "spot_type": "cafe", "is_eatery": true, "is_gastro": false, "is_retail": false, "is_transit": false, "is_office": false, "diet_vegan": false, "diet_vegetarian": false, "diet_glutenfree": false, "diet_halal": false, "unit_id": "24038A00-"}}, {"type": "Feature", "geometry": {"type": "Point", "coordinates": [4.6833463, 50.9054694]}, "properties": {"name": "Herent Betlehem", "spot_type": null, "is_eatery": false, "is_gastro": false, "is_retail": false, "is_transit": true, "is_office": false, "diet_vegan": false, "diet_vegetarian": false, "diet_glutenfree": false, "diet_halal": false, "unit_id": "24038A011"}}, {"type": "Feature", "geometry": {"type": "Point", "coordinates": [4.6829901, 50.9055445]}, "properties": {"name": "Herent Betlehem", "spot_type": null, "is_eatery": false, "is_gastro": false, "is_retail": false, "is_transit": true, "is_office": false, "diet_vegan": false, "diet_vegetarian": false, "diet_glutenfree": false, "diet_halal": false, "unit_id": "24038A011"}}, {"type": "Feature", "geometry": {"type": "Point", "coordinates": [4.6555601, 50.9158788]}, "properties": {"name": "Masaya", "spot_type": null, "is_eatery": true, "is_gastro": true, "is_retail": false, "is_transit": false, "is_office": false, "diet_vegan": false, "diet_vegetarian": false, "diet_glutenfree": false, "diet_halal": false, "unit_id": "24038A0AA"}}, {"type": "Feature", "geometry": {"type": "Point", "coordinates": [4.6509709, 50.91814]}, "properties": {"name": "'t Patatje", "spot_type": null, "is_eatery": true, "is_gastro": true, "is_retail": false, "is_transit": false, "is_office": false, "diet_vegan": false, "diet_vegetarian": false, "diet_glutenfree": false, "diet_halal": false, "unit_id": "24038A0PA"}}, {"type": "Feature", "geometry": {"type": "Point", "coordinates": [4.6656725, 50.9209815]}, "properties": {"name": "Herent Den Elst", "spot_type": null, "is_eatery": false, "is_gastro": false, "is_retail": false, "is_transit": true, "is_office": false, "diet_vegan": false, "diet_vegetarian": false, "diet_glutenfree": false, "diet_halal": false, "unit_id": "24038A38-"}}, {"type": "Feature", "geometry": {"type": "Point", "coordinates": [4.6656571, 50.9214276]}, "properties": {"name": "Herent Den Elst", "spot_type": null, "is_eatery": false, "is_gastro": false, "is_retail": false, "is_transit": true, "is_office": false, "diet_vegan": false, "diet_vegetarian": false, "diet_glutenfree": false, "diet_halal": false, "unit_id": "24038A38-"}}, {"type": "Feature", "geometry": {"type": "Point", "coordinates": [4.6648153, 50.9233118]}, "properties": {"name": "Herent Doren", "spot_type": null, "is_eatery": false, "is_gastro": false, "is_retail": false, "is_transit": true, "is_office": false, "diet_vegan": false, "diet_vegetarian": false, "diet_glutenfree": false, "diet_halal": false, "unit_id": "24038A38-"}}, {"type": "Feature", "geometry": {"type": "Point", "coordinates": [4.6648228, 50.9237105]}, "properties": {"name": "Herent Doren", "spot_type": null, "is_eatery": false, "is_gastro": false, "is_retail": false, "is_transit": true, "is_office": false, "diet_vegan": false, "diet_vegetarian": false, "diet_glutenfree": false, "diet_halal": false, "unit_id": "24038A38-"}}, {"type": "Feature", "geometry": {"type": "Point", "coordinates": [4.7139137, 50.8820184]}, "properties": {"name": "Carrefour Express", "spot_type": null, "is_eatery": false, "is_gastro": false, "is_retail": true, "is_transit": false, "is_office": false, "diet_vegan": false, "diet_vegetarian": false, "diet_glutenfree": false, "diet_halal": false, "unit_id": "24062A10-"}}, {"type": "Feature", "geometry": {"type": "Point", "coordinates": [4.6960207, 50.8629767]}, "properties": {"name": "Heverlee Station", "spot_type": null, "is_eatery": false, "is_gastro": false, "is_retail": false, "is_transit": true, "is_office": false, "diet_vegan": false, "diet_vegetarian": false, "diet_glutenfree": false, "diet_halal": false, "unit_id": "24062D00-"}}, {"type": "Feature", "geometry": {"type": "Point", "coordinates": [4.695012, 50.86298]}, "properties": {"name": "Wok Dynasty", "spot_type": null, "is_eatery": true, "is_gastro": true, "is_retail": false, "is_transit": false, "is_office": false, "diet_vegan": false, "diet_vegetarian": false, "diet_glutenfree": false, "diet_halal": false, "unit_id": "24062D00-"}}, {"type": "Feature", "geometry": {"type": "Point", "coordinates": [4.697615, 50.876305]}, "properties": {"name": "Syrische En Libanese Keuken", "spot_type": null, "is_eatery": true, "is_gastro": true, "is_retail": false, "is_transit": false, "is_office": false, "diet_vegan": false, "diet_vegetarian": false, "diet_glutenfree": false, "diet_halal": false, "unit_id": "24062A03-"}}, {"type": "Feature", "geometry": {"type": "Point", "coordinates": [4.7147016, 50.8816735]}, "properties": {"name": "Bavet", "spot_type": null, "is_eatery": true, "is_gastro": true, "is_retail": false, "is_transit": false, "is_office": false, "diet_vegan": false, "diet_vegetarian": false, "diet_glutenfree": false, "diet_halal": false, "unit_id": "24062A17-"}}, {"type": "Feature", "geometry": {"type": "Point", "coordinates": [4.7022166, 50.8795656]}, "properties": {"name": "Brasserie Deauville", "spot_type": "cafe", "is_eatery": true, "is_gastro": false, "is_retail": false, "is_transit": false, "is_office": false, "diet_vegan": false, "diet_vegetarian": false, "diet_glutenfree": false, "diet_halal": false, "unit_id": "24062A10-"}}, {"type": "Feature", "geometry": {"type": "Point", "coordinates": [4.6912963, 50.8633893]}, "properties": {"name": "Voltaire", "spot_type": null, "is_eatery": true, "is_gastro": true, "is_retail": false, "is_transit": false, "is_office": false, "diet_vegan": false, "diet_vegetarian": false, "diet_glutenfree": false, "diet_halal": false, "unit_id": "24062D01-"}}, {"type": "Feature", "geometry": {"type": "Point", "coordinates": [4.7025698, 50.8780255]}, "properties": {"name": "Ongefilterd", "spot_type": null, "is_eatery": true, "is_gastro": true, "is_retail": false, "is_transit": false, "is_office": false, "diet_vegan": false, "diet_vegetarian": false, "diet_glutenfree": false, "diet_halal": false, "unit_id": "24062A02-"}}, {"type": "Feature", "geometry": {"type": "Point", "coordinates": [4.7032044, 50.877903]}, "properties": {"name": "Mykene", "spot_type": null, "is_eatery": true, "is_gastro": true, "is_retail": false, "is_transit": false, "is_office": false, "diet_vegan": true, "diet_vegetarian": true, "diet_glutenfree": false, "diet_halal": false, "unit_id": "24062A02-"}}, {"type": "Feature", "geometry": {"type": "Point", "coordinates": [4.7044424, 50.8772321]}, "properties": {"name": "Heli's", "spot_type": null, "is_eatery": true, "is_gastro": true, "is_retail": false, "is_transit": false, "is_office": false, "diet_vegan": false, "diet_vegetarian": false, "diet_glutenfree": false, "diet_halal": false, "unit_id": "24062A30-"}}, {"type": "Feature", "geometry": {"type": "Point", "coordinates": [4.7047995, 50.8770459]}, "properties": {"name": "Al Parma", "spot_type": null, "is_eatery": true, "is_gastro": true, "is_retail": false, "is_transit": false, "is_office": false, "diet_vegan": false, "diet_vegetarian": false, "diet_glutenfree": false, "diet_halal": false, "unit_id": "24062A30-"}}, {"type": "Feature", "geometry": {"type": "Point", "coordinates": [4.7013325, 50.878299]}, "properties": {"name": "Casa Mia", "spot_type": null, "is_eatery": true, "is_gastro": true, "is_retail": false, "is_transit": false, "is_office": false, "diet_vegan": false, "diet_vegetarian": false, "diet_glutenfree": false, "diet_halal": false, "unit_id": "24062A00-"}}, {"type": "Feature", "geometry": {"type": "Point", "coordinates": [4.6988345, 50.8795488]}, "properties": {"name": "AD Delhaize", "spot_type": null, "is_eatery": false, "is_gastro": false, "is_retail": true, "is_transit": false, "is_office": false, "diet_vegan": false, "diet_vegetarian": false, "diet_glutenfree": false, "diet_halal": false, "unit_id": "24062A00-"}}, {"type": "Feature", "geometry": {"type": "Point", "coordinates": [4.6992862, 50.8808551]}, "properties": {"name": "Mixte", "spot_type": null, "is_eatery": false, "is_gastro": false, "is_retail": true, "is_transit": false, "is_office": false, "diet_vegan": false, "diet_vegetarian": false, "diet_glutenfree": false, "diet_halal": false, "unit_id": "24062A01-"}}, {"type": "Feature", "geometry": {"type": "Point", "coordinates": [4.7002173, 50.8758023]}, "properties": {"name": "Taste", "spot_type": null, "is_eatery": true, "is_gastro": true, "is_retail": false, "is_transit": false, "is_office": false, "diet_vegan": false, "diet_vegetarian": false, "diet_glutenfree": false, "diet_halal": false, "unit_id": "24062A03-"}}, {"type": "Feature", "geometry": {"type": "Point", "coordinates": [4.7028432, 50.8797859]}, "properties": {"name": "Promod", "spot_type": null, "is_eatery": false, "is_gastro": false, "is_retail": true, "is_transit": false, "is_office": false, "diet_vegan": false, "diet_vegetarian": false, "diet_glutenfree": false, "diet_halal": false, "unit_id": "24062A10-"}}, {"type": "Feature", "geometry": {"type": "Point", "coordinates": [4.6896747, 50.8741447]}, "properties": {"name": "Aldi", "spot_type": null, "is_eatery": false, "is_gastro": false, "is_retail": true, "is_transit": false, "is_office": false, "diet_vegan": false, "diet_vegetarian": false, "diet_glutenfree": false, "diet_halal": false, "unit_id": "24062A52-"}}, {"type": "Feature", "geometry": {"type": "Point", "coordinates": [4.7021153, 50.8777665]}, "properties": {"name": "Salons Georges", "spot_type": null, "is_eatery": true, "is_gastro": true, "is_retail": false, "is_transit": false, "is_office": false, "diet_vegan": false, "diet_vegetarian": false, "diet_glutenfree": false, "diet_halal": false, "unit_id": "24062A00-"}}, {"type": "Feature", "geometry": {"type": "Point", "coordinates": [4.7019765, 50.8808245]}, "properties": {"name": "Bistro Tribunal", "spot_type": null, "is_eatery": true, "is_gastro": true, "is_retail": false, "is_transit": false, "is_office": false, "diet_vegan": false, "diet_vegetarian": false, "diet_glutenfree": false, "diet_halal": false, "unit_id": "24062A00-"}}, {"type": "Feature", "geometry": {"type": "Point", "coordinates": [4.6973208, 50.880237]}, "properties": {"name": "Carrefour Express", "spot_type": null, "is_eatery": false, "is_gastro": false, "is_retail": true, "is_transit": false, "is_office": false, "diet_vegan": false, "diet_vegetarian": false, "diet_glutenfree": false, "diet_halal": false, "unit_id": "24062A01-"}}, {"type": "Feature", "geometry": {"type": "Point", "coordinates": [4.6966542, 50.8816344]}, "properties": {"name": "El Sombrero", "spot_type": null, "is_eatery": true, "is_gastro": true, "is_retail": false, "is_transit": false, "is_office": false, "diet_vegan": false, "diet_vegetarian": false, "diet_glutenfree": false, "diet_halal": false, "unit_id": "24062A01-"}}, {"type": "Feature", "geometry": {"type": "Point", "coordinates": [4.698131, 50.877256]}, "properties": {"name": "Nachtwinkel", "spot_type": null, "is_eatery": false, "is_gastro": false, "is_retail": true, "is_transit": false, "is_office": false, "diet_vegan": false, "diet_vegetarian": false, "diet_glutenfree": false, "diet_halal": false, "unit_id": "24062A03-"}}, {"type": "Feature", "geometry": {"type": "Point", "coordinates": [4.699811, 50.874242]}, "properties": {"name": "The Sandwich Factory", "spot_type": null, "is_eatery": true, "is_gastro": true, "is_retail": false, "is_transit": false, "is_office": false, "diet_vegan": false, "diet_vegetarian": false, "diet_glutenfree": false, "diet_halal": false, "unit_id": "24062A41-"}}, {"type": "Feature", "geometry": {"type": "Point", "coordinates": [4.7004411, 50.877379]}, "properties": {"name": "Sushi Hungry Eye", "spot_type": null, "is_eatery": true, "is_gastro": true, "is_retail": false, "is_transit": false, "is_office": false, "diet_vegan": false, "diet_vegetarian": false, "diet_glutenfree": false, "diet_halal": false, "unit_id": "24062A00-"}}, {"type": "Feature", "geometry": {"type": "Point", "coordinates": [4.7148191, 50.8816917]}, "properties": {"name": "Panos", "spot_type": null, "is_eatery": true, "is_gastro": true, "is_retail": false, "is_transit": false, "is_office": false, "diet_vegan": false, "diet_vegetarian": false, "diet_glutenfree": false, "diet_halal": false, "unit_id": "24062A17-"}}, {"type": "Feature", "geometry": {"type": "Point", "coordinates": [4.7138537, 50.8814074]}, "properties": {"name": "Van De Weyer", "spot_type": null, "is_eatery": true, "is_gastro": true, "is_retail": false, "is_transit": false, "is_office": false, "diet_vegan": false, "diet_vegetarian": false, "diet_glutenfree": false, "diet_halal": false, "unit_id": "24062A20-"}}, {"type": "Feature", "geometry": {"type": "Point", "coordinates": [4.7140793, 50.881861]}, "properties": {"name": "l'Etoile d'Or", "spot_type": null, "is_eatery": true, "is_gastro": true, "is_retail": false, "is_transit": false, "is_office": false, "diet_vegan": false, "diet_vegetarian": false, "diet_glutenfree": false, "diet_halal": false, "unit_id": "24062A10-"}}, {"type": "Feature", "geometry": {"type": "Point", "coordinates": [4.7140312, 50.8819067]}, "properties": {"name": "Kintsugi Sushi Bar & Grill", "spot_type": null, "is_eatery": true, "is_gastro": true, "is_retail": false, "is_transit": false, "is_office": false, "diet_vegan": false, "diet_vegetarian": false, "diet_glutenfree": false, "diet_halal": false, "unit_id": "24062A10-"}}, {"type": "Feature", "geometry": {"type": "Point", "coordinates": [4.7138661, 50.8820636]}, "properties": {"name": "Bultynck", "spot_type": "bakery", "is_eatery": true, "is_gastro": false, "is_retail": false, "is_transit": false, "is_office": false, "diet_vegan": false, "diet_vegetarian": false, "diet_glutenfree": false, "diet_halal": false, "unit_id": "24062A10-"}}, {"type": "Feature", "geometry": {"type": "Point", "coordinates": [4.7022837, 50.8794115]}, "properties": {"name": "Burger King", "spot_type": null, "is_eatery": true, "is_gastro": true, "is_retail": false, "is_transit": false, "is_office": false, "diet_vegan": false, "diet_vegetarian": false, "diet_glutenfree": false, "diet_halal": false, "unit_id": "24062A20-"}}, {"type": "Feature", "geometry": {"type": "Point", "coordinates": [4.6997026, 50.8806309]}, "properties": {"name": "Zoff", "spot_type": null, "is_eatery": true, "is_gastro": true, "is_retail": false, "is_transit": false, "is_office": false, "diet_vegan": false, "diet_vegetarian": false, "diet_glutenfree": false, "diet_halal": false, "unit_id": "24062A01-"}}, {"type": "Feature", "geometry": {"type": "Point", "coordinates": [4.6883935, 50.9200794]}, "properties": {"name": "Herent Wijgmaalsesteenweg", "spot_type": null, "is_eatery": false, "is_gastro": false, "is_retail": false, "is_transit": true, "is_office": false, "diet_vegan": false, "diet_vegetarian": false, "diet_glutenfree": false, "diet_halal": false, "unit_id": "24038A41-"}}, {"type": "Feature", "geometry": {"type": "Point", "coordinates": [4.688337, 50.9200755]}, "properties": {"name": "Herent Wijgmaalsesteenweg", "spot_type": null, "is_eatery": false, "is_gastro": false, "is_retail": false, "is_transit": true, "is_office": false, "diet_vegan": false, "diet_vegetarian": false, "diet_glutenfree": false, "diet_halal": false, "unit_id": "24038A41-"}}, {"type": "Feature", "geometry": {"type": "Point", "coordinates": [4.6862057, 50.9177129]}, "properties": {"name": "Herent Karrestraat", "spot_type": null, "is_eatery": false, "is_gastro": false, "is_retail": false, "is_transit": true, "is_office": false, "diet_vegan": false, "diet_vegetarian": false, "diet_glutenfree": false, "diet_halal": false, "unit_id": "24038A39-"}}, {"type": "Feature", "geometry": {"type": "Point", "coordinates": [4.6861725, 50.9177363]}, "properties": {"name": "Herent Karrestraat", "spot_type": null, "is_eatery": false, "is_gastro": false, "is_retail": false, "is_transit": true, "is_office": false, "diet_vegan": false, "diet_vegetarian": false, "diet_glutenfree": false, "diet_halal": false, "unit_id": "24038A39-"}}, {"type": "Feature", "geometry": {"type": "Point", "coordinates": [4.682613, 50.9146787]}, "properties": {"name": "Herent Provijnstraat", "spot_type": null, "is_eatery": false, "is_gastro": false, "is_retail": false, "is_transit": true, "is_office": false, "diet_vegan": false, "diet_vegetarian": false, "diet_glutenfree": false, "diet_halal": false, "unit_id": "24038A39-"}}, {"type": "Feature", "geometry": {"type": "Point", "coordinates": [4.6825755, 50.9146956]}, "properties": {"name": "Herent Provijnstraat", "spot_type": null, "is_eatery": false, "is_gastro": false, "is_retail": false, "is_transit": true, "is_office": false, "diet_vegan": false, "diet_vegetarian": false, "diet_glutenfree": false, "diet_halal": false, "unit_id": "24038A39-"}}, {"type": "Feature", "geometry": {"type": "Point", "coordinates": [4.698961, 50.8810298]}, "properties": {"name": "Nicole Cadine by Sophie", "spot_type": null, "is_eatery": false, "is_gastro": false, "is_retail": true, "is_transit": false, "is_office": false, "diet_vegan": false, "diet_vegetarian": false, "diet_glutenfree": false, "diet_halal": false, "unit_id": "24062A01-"}}, {"type": "Feature", "geometry": {"type": "Point", "coordinates": [4.69912, 50.8810268]}, "properties": {"name": "Cuore Italiano", "spot_type": "cafe", "is_eatery": true, "is_gastro": false, "is_retail": false, "is_transit": false, "is_office": false, "diet_vegan": false, "diet_vegetarian": false, "diet_glutenfree": false, "diet_halal": false, "unit_id": "24062A01-"}}, {"type": "Feature", "geometry": {"type": "Point", "coordinates": [4.699357, 50.8808336]}, "properties": {"name": "Profiel", "spot_type": null, "is_eatery": false, "is_gastro": false, "is_retail": true, "is_transit": false, "is_office": false, "diet_vegan": false, "diet_vegetarian": false, "diet_glutenfree": false, "diet_halal": false, "unit_id": "24062A01-"}}, {"type": "Feature", "geometry": {"type": "Point", "coordinates": [4.6994177, 50.8811277]}, "properties": {"name": "Profiel", "spot_type": null, "is_eatery": false, "is_gastro": false, "is_retail": true, "is_transit": false, "is_office": false, "diet_vegan": false, "diet_vegetarian": false, "diet_glutenfree": false, "diet_halal": false, "unit_id": "24062A01-"}}, {"type": "Feature", "geometry": {"type": "Point", "coordinates": [4.6993952, 50.8810888]}, "properties": {"name": "De Tartine", "spot_type": "cafe", "is_eatery": true, "is_gastro": false, "is_retail": false, "is_transit": false, "is_office": false, "diet_vegan": false, "diet_vegetarian": false, "diet_glutenfree": false, "diet_halal": false, "unit_id": "24062A01-"}}, {"type": "Feature", "geometry": {"type": "Point", "coordinates": [4.699367, 50.88104]}, "properties": {"name": "Cuore Italiano", "spot_type": null, "is_eatery": true, "is_gastro": true, "is_retail": false, "is_transit": false, "is_office": false, "diet_vegan": false, "diet_vegetarian": false, "diet_glutenfree": false, "diet_halal": false, "unit_id": "24062A01-"}}, {"type": "Feature", "geometry": {"type": "Point", "coordinates": [4.6994333, 50.880803]}, "properties": {"name": "Gobelijn", "spot_type": null, "is_eatery": false, "is_gastro": false, "is_retail": true, "is_transit": false, "is_office": false, "diet_vegan": false, "diet_vegetarian": false, "diet_glutenfree": false, "diet_halal": false, "unit_id": "24062A01-"}}, {"type": "Feature", "geometry": {"type": "Point", "coordinates": [4.6996803, 50.8808204]}, "properties": {"name": "Jonas", "spot_type": null, "is_eatery": false, "is_gastro": false, "is_retail": true, "is_transit": false, "is_office": false, "diet_vegan": false, "diet_vegetarian": false, "diet_glutenfree": false, "diet_halal": false, "unit_id": "24062A01-"}}, {"type": "Feature", "geometry": {"type": "Point", "coordinates": [4.6855803, 50.8608446]}, "properties": {"name": "De Oude Kantien", "spot_type": null, "is_eatery": true, "is_gastro": true, "is_retail": false, "is_transit": false, "is_office": false, "diet_vegan": false, "diet_vegetarian": false, "diet_glutenfree": false, "diet_halal": false, "unit_id": "24062D01-"}}, {"type": "Feature", "geometry": {"type": "Point", "coordinates": [4.7569518, 50.8636994]}, "properties": {"name": "Korbeek-Lo Korbeekveld", "spot_type": null, "is_eatery": false, "is_gastro": false, "is_retail": false, "is_transit": true, "is_office": false, "diet_vegan": false, "diet_vegetarian": false, "diet_glutenfree": false, "diet_halal": false, "unit_id": "24011B012"}}, {"type": "Feature", "geometry": {"type": "Point", "coordinates": [4.7561011, 50.8640704]}, "properties": {"name": "Korbeek-Lo Korbeekveld", "spot_type": null, "is_eatery": false, "is_gastro": false, "is_retail": false, "is_transit": true, "is_office": false, "diet_vegan": false, "diet_vegetarian": false, "diet_glutenfree": false, "diet_halal": false, "unit_id": "24011B012"}}, {"type": "Feature", "geometry": {"type": "Point", "coordinates": [4.7340414, 50.8765562]}, "properties": {"name": "Kessel-Lo Gaston Eyskenslaan", "spot_type": null, "is_eatery": false, "is_gastro": false, "is_retail": false, "is_transit": true, "is_office": false, "diet_vegan": false, "diet_vegetarian": false, "diet_glutenfree": false, "diet_halal": false, "unit_id": "24062C43-"}}, {"type": "Feature", "geometry": {"type": "Point", "coordinates": [4.7346153, 50.876034]}, "properties": {"name": "Kessel-Lo Gaston Eyskenslaan", "spot_type": null, "is_eatery": false, "is_gastro": false, "is_retail": false, "is_transit": true, "is_office": false, "diet_vegan": false, "diet_vegetarian": false, "diet_glutenfree": false, "diet_halal": false, "unit_id": "24062C43-"}}, {"type": "Feature", "geometry": {"type": "Point", "coordinates": [4.7144314, 50.8823058]}, "properties": {"name": null, "spot_type": null, "is_eatery": false, "is_gastro": false, "is_retail": false, "is_transit": true, "is_office": false, "diet_vegan": false, "diet_vegetarian": false, "diet_glutenfree": false, "diet_halal": false, "unit_id": "24062A10-"}}, {"type": "Feature", "geometry": {"type": "Point", "coordinates": [4.7524157, 50.8649337]}, "properties": {"name": "Korbeek-Lo Eikenbrug", "spot_type": null, "is_eatery": false, "is_gastro": false, "is_retail": false, "is_transit": true, "is_office": false, "diet_vegan": false, "diet_vegetarian": false, "diet_glutenfree": false, "diet_halal": false, "unit_id": "24011B221"}}, {"type": "Feature", "geometry": {"type": "Point", "coordinates": [4.6986138, 50.8807857]}, "properties": {"name": "The Night Bites", "spot_type": null, "is_eatery": false, "is_gastro": false, "is_retail": true, "is_transit": false, "is_office": false, "diet_vegan": false, "diet_vegetarian": false, "diet_glutenfree": false, "diet_halal": false, "unit_id": "24062A01-"}}, {"type": "Feature", "geometry": {"type": "Point", "coordinates": [4.6636046, 50.8682631]}, "properties": {"name": "Heverlee Groeneweg", "spot_type": null, "is_eatery": false, "is_gastro": false, "is_retail": false, "is_transit": true, "is_office": false, "diet_vegan": false, "diet_vegetarian": false, "diet_glutenfree": false, "diet_halal": false, "unit_id": "24062D622"}}, {"type": "Feature", "geometry": {"type": "Point", "coordinates": [4.6772834, 50.8690329]}, "properties": {"name": "Heverlee Joos Florquinlaan", "spot_type": null, "is_eatery": false, "is_gastro": false, "is_retail": false, "is_transit": true, "is_office": false, "diet_vegan": false, "diet_vegetarian": false, "diet_glutenfree": false, "diet_halal": false, "unit_id": "24062D644"}}, {"type": "Feature", "geometry": {"type": "Point", "coordinates": [4.6772722, 50.869168]}, "properties": {"name": "Heverlee Joos Florquinlaan", "spot_type": null, "is_eatery": false, "is_gastro": false, "is_retail": false, "is_transit": true, "is_office": false, "diet_vegan": false, "diet_vegetarian": false, "diet_glutenfree": false, "diet_halal": false, "unit_id": "24062D644"}}, {"type": "Feature", "geometry": {"type": "Point", "coordinates": [4.6738402, 50.8721775]}, "properties": {"name": "Heverlee Henri Geeraertlaan", "spot_type": null, "is_eatery": false, "is_gastro": false, "is_retail": false, "is_transit": true, "is_office": false, "diet_vegan": false, "diet_vegetarian": false, "diet_glutenfree": false, "diet_halal": false, "unit_id": "24062D644"}}, {"type": "Feature", "geometry": {"type": "Point", "coordinates": [4.6634704, 50.8683379]}, "properties": {"name": "Heverlee Groeneweg", "spot_type": null, "is_eatery": false, "is_gastro": false, "is_retail": false, "is_transit": true, "is_office": false, "diet_vegan": false, "diet_vegetarian": false, "diet_glutenfree": false, "diet_halal": false, "unit_id": "24062D622"}}, {"type": "Feature", "geometry": {"type": "Point", "coordinates": [4.6907225, 50.8763906]}, "properties": {"name": "Leuven Bankstraat", "spot_type": null, "is_eatery": false, "is_gastro": false, "is_retail": false, "is_transit": true, "is_office": false, "diet_vegan": false, "diet_vegetarian": false, "diet_glutenfree": false, "diet_halal": false, "unit_id": "24062A52-"}}, {"type": "Feature", "geometry": {"type": "Point", "coordinates": [4.6906086, 50.8759417]}, "properties": {"name": "Leuven Bankstraat", "spot_type": null, "is_eatery": false, "is_gastro": false, "is_retail": false, "is_transit": true, "is_office": false, "diet_vegan": false, "diet_vegetarian": false, "diet_glutenfree": false, "diet_halal": false, "unit_id": "24062A52-"}}, {"type": "Feature", "geometry": {"type": "Point", "coordinates": [4.7145762, 50.8819511]}, "properties": {"name": null, "spot_type": null, "is_eatery": false, "is_gastro": false, "is_retail": false, "is_transit": true, "is_office": false, "diet_vegan": false, "diet_vegetarian": false, "diet_glutenfree": false, "diet_halal": false, "unit_id": "24062A17-"}}, {"type": "Feature", "geometry": {"type": "Point", "coordinates": [4.7148385, 50.8820884]}, "properties": {"name": null, "spot_type": null, "is_eatery": false, "is_gastro": false, "is_retail": false, "is_transit": true, "is_office": false, "diet_vegan": false, "diet_vegetarian": false, "diet_glutenfree": false, "diet_halal": false, "unit_id": "24062A17-"}}, {"type": "Feature", "geometry": {"type": "Point", "coordinates": [4.7164832, 50.8731093]}, "properties": {"name": "Leuven Tiensepoort", "spot_type": null, "is_eatery": false, "is_gastro": false, "is_retail": false, "is_transit": true, "is_office": false, "diet_vegan": false, "diet_vegetarian": false, "diet_glutenfree": false, "diet_halal": false, "unit_id": "24062D10-"}}, {"type": "Feature", "geometry": {"type": "Point", "coordinates": [4.7212464, 50.8720351]}, "properties": {"name": "Kessel-Lo Platte-Lostraat", "spot_type": null, "is_eatery": false, "is_gastro": false, "is_retail": false, "is_transit": true, "is_office": false, "diet_vegan": false, "diet_vegetarian": false, "diet_glutenfree": false, "diet_halal": false, "unit_id": "24062D11-"}}, {"type": "Feature", "geometry": {"type": "Point", "coordinates": [4.7214246, 50.8721045]}, "properties": {"name": "Kessel-Lo Platte-Lostraat", "spot_type": null, "is_eatery": false, "is_gastro": false, "is_retail": false, "is_transit": true, "is_office": false, "diet_vegan": false, "diet_vegetarian": false, "diet_glutenfree": false, "diet_halal": false, "unit_id": "24062C41-"}}, {"type": "Feature", "geometry": {"type": "Point", "coordinates": [4.7243666, 50.8713104]}, "properties": {"name": "Heverlee Sint-Franciscuskerk", "spot_type": null, "is_eatery": false, "is_gastro": false, "is_retail": false, "is_transit": true, "is_office": false, "diet_vegan": false, "diet_vegetarian": false, "diet_glutenfree": false, "diet_halal": false, "unit_id": "24062D11-"}}, {"type": "Feature", "geometry": {"type": "Point", "coordinates": [4.7237671, 50.8715605]}, "properties": {"name": "Heverlee Sint-Franciscuskerk", "spot_type": null, "is_eatery": false, "is_gastro": false, "is_retail": false, "is_transit": true, "is_office": false, "diet_vegan": false, "diet_vegetarian": false, "diet_glutenfree": false, "diet_halal": false, "unit_id": "24062C42-"}}, {"type": "Feature", "geometry": {"type": "Point", "coordinates": [4.7274521, 50.8707]}, "properties": {"name": "Leuven Elisabethlaan", "spot_type": null, "is_eatery": false, "is_gastro": false, "is_retail": false, "is_transit": true, "is_office": false, "diet_vegan": false, "diet_vegetarian": false, "diet_glutenfree": false, "diet_halal": false, "unit_id": "24062C42-"}}, {"type": "Feature", "geometry": {"type": "Point", "coordinates": [4.7229197, 50.8674367]}, "properties": {"name": "Leuven Hoegaardenstraat", "spot_type": null, "is_eatery": false, "is_gastro": false, "is_retail": false, "is_transit": true, "is_office": false, "diet_vegan": false, "diet_vegetarian": false, "diet_glutenfree": false, "diet_halal": false, "unit_id": "24062E710"}}, {"type": "Feature", "geometry": {"type": "Point", "coordinates": [4.7253176, 50.8649786]}, "properties": {"name": "Leuven Spaanse Kroon", "spot_type": null, "is_eatery": false, "is_gastro": false, "is_retail": false, "is_transit": true, "is_office": false, "diet_vegan": false, "diet_vegetarian": false, "diet_glutenfree": false, "diet_halal": false, "unit_id": "24062E710"}}, {"type": "Feature", "geometry": {"type": "Point", "coordinates": [4.7251905, 50.8650266]}, "properties": {"name": "Leuven Spaanse Kroon", "spot_type": null, "is_eatery": false, "is_gastro": false, "is_retail": false, "is_transit": true, "is_office": false, "diet_vegan": false, "diet_vegetarian": false, "diet_glutenfree": false, "diet_halal": false, "unit_id": "24062E710"}}, {"type": "Feature", "geometry": {"type": "Point", "coordinates": [4.7227885, 50.8674709]}, "properties": {"name": "Leuven Hoegaardenstraat", "spot_type": null, "is_eatery": false, "is_gastro": false, "is_retail": false, "is_transit": true, "is_office": false, "diet_vegan": false, "diet_vegetarian": false, "diet_glutenfree": false, "diet_halal": false, "unit_id": "24062E710"}}, {"type": "Feature", "geometry": {"type": "Point", "coordinates": [4.7510195, 50.8618219]}, "properties": {"name": "Korbeek-Lo Stichelweg", "spot_type": null, "is_eatery": false, "is_gastro": false, "is_retail": false, "is_transit": true, "is_office": false, "diet_vegan": false, "diet_vegetarian": false, "diet_glutenfree": false, "diet_halal": false, "unit_id": "24011B211"}}, {"type": "Feature", "geometry": {"type": "Point", "coordinates": [4.7543117, 50.8612987]}, "properties": {"name": "Korbeek-Lo Ter Korbeke", "spot_type": null, "is_eatery": false, "is_gastro": false, "is_retail": false, "is_transit": true, "is_office": false, "diet_vegan": false, "diet_vegetarian": false, "diet_glutenfree": false, "diet_halal": false, "unit_id": "24011B012"}}, {"type": "Feature", "geometry": {"type": "Point", "coordinates": [4.7560561, 50.8460015]}, "properties": {"name": "Bierbeek Dreefstraat", "spot_type": null, "is_eatery": false, "is_gastro": false, "is_retail": false, "is_transit": true, "is_office": false, "diet_vegan": false, "diet_vegetarian": false, "diet_glutenfree": false, "diet_halal": false, "unit_id": "24011A3PP"}}, {"type": "Feature", "geometry": {"type": "Point", "coordinates": [4.7562302, 50.8459997]}, "properties": {"name": "Bierbeek Dreefstraat", "spot_type": null, "is_eatery": false, "is_gastro": false, "is_retail": false, "is_transit": true, "is_office": false, "diet_vegan": false, "diet_vegetarian": false, "diet_glutenfree": false, "diet_halal": false, "unit_id": "24011A3PP"}}, {"type": "Feature", "geometry": {"type": "Point", "coordinates": [4.7596161, 50.849974]}, "properties": {"name": "Korbeek-Lo Bemdenveld", "spot_type": null, "is_eatery": false, "is_gastro": false, "is_retail": false, "is_transit": true, "is_office": false, "diet_vegan": false, "diet_vegetarian": false, "diet_glutenfree": false, "diet_halal": false, "unit_id": "24011B02-"}}, {"type": "Feature", "geometry": {"type": "Point", "coordinates": [4.7595211, 50.8499937]}, "properties": {"name": "Korbeek-Lo Bemdenveld", "spot_type": null, "is_eatery": false, "is_gastro": false, "is_retail": false, "is_transit": true, "is_office": false, "diet_vegan": false, "diet_vegetarian": false, "diet_glutenfree": false, "diet_halal": false, "unit_id": "24011B02-"}}, {"type": "Feature", "geometry": {"type": "Point", "coordinates": [4.751726, 50.8521781]}, "properties": {"name": "Bierbeek Sint-Kamillus", "spot_type": null, "is_eatery": false, "is_gastro": false, "is_retail": false, "is_transit": true, "is_office": false, "diet_vegan": false, "diet_vegetarian": false, "diet_glutenfree": false, "diet_halal": false, "unit_id": "24011A49-"}}, {"type": "Feature", "geometry": {"type": "Point", "coordinates": [4.7006786, 50.878491]}, "properties": {"name": "Nosh", "spot_type": "cafe", "is_eatery": true, "is_gastro": false, "is_retail": false, "is_transit": false, "is_office": false, "diet_vegan": false, "diet_vegetarian": false, "diet_glutenfree": false, "diet_halal": false, "unit_id": "24062A00-"}}, {"type": "Feature", "geometry": {"type": "Point", "coordinates": [4.7009605, 50.8783472]}, "properties": {"name": "Ellis burger", "spot_type": null, "is_eatery": true, "is_gastro": true, "is_retail": false, "is_transit": false, "is_office": false, "diet_vegan": false, "diet_vegetarian": false, "diet_glutenfree": false, "diet_halal": false, "unit_id": "24062A00-"}}, {"type": "Feature", "geometry": {"type": "Point", "coordinates": [4.7590353, 50.8439995]}, "properties": {"name": "Wilderhof", "spot_type": null, "is_eatery": true, "is_gastro": true, "is_retail": false, "is_transit": false, "is_office": false, "diet_vegan": false, "diet_vegetarian": false, "diet_glutenfree": false, "diet_halal": false, "unit_id": "24011A591"}}, {"type": "Feature", "geometry": {"type": "Point", "coordinates": [4.7145633, 50.8819851]}, "properties": {"name": "Leuven Station", "spot_type": null, "is_eatery": false, "is_gastro": false, "is_retail": false, "is_transit": true, "is_office": false, "diet_vegan": false, "diet_vegetarian": false, "diet_glutenfree": false, "diet_halal": false, "unit_id": "24062A17-"}}, {"type": "Feature", "geometry": {"type": "Point", "coordinates": [4.7148377, 50.8820523]}, "properties": {"name": "Leuven Station", "spot_type": null, "is_eatery": false, "is_gastro": false, "is_retail": false, "is_transit": true, "is_office": false, "diet_vegan": false, "diet_vegetarian": false, "diet_glutenfree": false, "diet_halal": false, "unit_id": "24062A17-"}}, {"type": "Feature", "geometry": {"type": "Point", "coordinates": [4.7145977, 50.8818966]}, "properties": {"name": "Leuven Station", "spot_type": null, "is_eatery": false, "is_gastro": false, "is_retail": false, "is_transit": true, "is_office": false, "diet_vegan": false, "diet_vegetarian": false, "diet_glutenfree": false, "diet_halal": false, "unit_id": "24062A17-"}}, {"type": "Feature", "geometry": {"type": "Point", "coordinates": [4.7148722, 50.8819636]}, "properties": {"name": "Leuven Station", "spot_type": null, "is_eatery": false, "is_gastro": false, "is_retail": false, "is_transit": true, "is_office": false, "diet_vegan": false, "diet_vegetarian": false, "diet_glutenfree": false, "diet_halal": false, "unit_id": "24062A17-"}}, {"type": "Feature", "geometry": {"type": "Point", "coordinates": [4.7149064, 50.8818756]}, "properties": {"name": "Leuven Station", "spot_type": null, "is_eatery": false, "is_gastro": false, "is_retail": false, "is_transit": true, "is_office": false, "diet_vegan": false, "diet_vegetarian": false, "diet_glutenfree": false, "diet_halal": false, "unit_id": "24062A17-"}}, {"type": "Feature", "geometry": {"type": "Point", "coordinates": [4.7145289, 50.8820735]}, "properties": {"name": "Leuven Station", "spot_type": null, "is_eatery": false, "is_gastro": false, "is_retail": false, "is_transit": true, "is_office": false, "diet_vegan": false, "diet_vegetarian": false, "diet_glutenfree": false, "diet_halal": false, "unit_id": "24062A17-"}}, {"type": "Feature", "geometry": {"type": "Point", "coordinates": [4.7148032, 50.8821411]}, "properties": {"name": "Leuven Station", "spot_type": null, "is_eatery": false, "is_gastro": false, "is_retail": false, "is_transit": true, "is_office": false, "diet_vegan": false, "diet_vegetarian": false, "diet_glutenfree": false, "diet_halal": false, "unit_id": "24062A17-"}}, {"type": "Feature", "geometry": {"type": "Point", "coordinates": [4.7144945, 50.882162]}, "properties": {"name": "Leuven Station", "spot_type": null, "is_eatery": false, "is_gastro": false, "is_retail": false, "is_transit": true, "is_office": false, "diet_vegan": false, "diet_vegetarian": false, "diet_glutenfree": false, "diet_halal": false, "unit_id": "24062A17-"}}, {"type": "Feature", "geometry": {"type": "Point", "coordinates": [4.7147687, 50.8822299]}, "properties": {"name": "Leuven Station", "spot_type": null, "is_eatery": false, "is_gastro": false, "is_retail": false, "is_transit": true, "is_office": false, "diet_vegan": false, "diet_vegetarian": false, "diet_glutenfree": false, "diet_halal": false, "unit_id": "24062A17-"}}, {"type": "Feature", "geometry": {"type": "Point", "coordinates": [4.7144601, 50.8822505]}, "properties": {"name": "Leuven Station", "spot_type": null, "is_eatery": false, "is_gastro": false, "is_retail": false, "is_transit": true, "is_office": false, "diet_vegan": false, "diet_vegetarian": false, "diet_glutenfree": false, "diet_halal": false, "unit_id": "24062A10-"}}, {"type": "Feature", "geometry": {"type": "Point", "coordinates": [4.7147342, 50.8823187]}, "properties": {"name": "Leuven Station", "spot_type": null, "is_eatery": false, "is_gastro": false, "is_retail": false, "is_transit": true, "is_office": false, "diet_vegan": false, "diet_vegetarian": false, "diet_glutenfree": false, "diet_halal": false, "unit_id": "24062A17-"}}, {"type": "Feature", "geometry": {"type": "Point", "coordinates": [4.7144257, 50.882339]}, "properties": {"name": "Leuven Station", "spot_type": null, "is_eatery": false, "is_gastro": false, "is_retail": false, "is_transit": true, "is_office": false, "diet_vegan": false, "diet_vegetarian": false, "diet_glutenfree": false, "diet_halal": false, "unit_id": "24062A10-"}}, {"type": "Feature", "geometry": {"type": "Point", "coordinates": [4.71473, 50.8823543]}, "properties": {"name": null, "spot_type": null, "is_eatery": false, "is_gastro": false, "is_retail": false, "is_transit": true, "is_office": false, "diet_vegan": false, "diet_vegetarian": false, "diet_glutenfree": false, "diet_halal": false, "unit_id": "24062A17-"}}, {"type": "Feature", "geometry": {"type": "Point", "coordinates": [4.7147662, 50.8822655]}, "properties": {"name": null, "spot_type": null, "is_eatery": false, "is_gastro": false, "is_retail": false, "is_transit": true, "is_office": false, "diet_vegan": false, "diet_vegetarian": false, "diet_glutenfree": false, "diet_halal": false, "unit_id": "24062A17-"}}, {"type": "Feature", "geometry": {"type": "Point", "coordinates": [4.7148023, 50.8821771]}, "properties": {"name": null, "spot_type": null, "is_eatery": false, "is_gastro": false, "is_retail": false, "is_transit": true, "is_office": false, "diet_vegan": false, "diet_vegetarian": false, "diet_glutenfree": false, "diet_halal": false, "unit_id": "24062A17-"}}, {"type": "Feature", "geometry": {"type": "Point", "coordinates": [4.7148748, 50.8819996]}, "properties": {"name": null, "spot_type": null, "is_eatery": false, "is_gastro": false, "is_retail": false, "is_transit": true, "is_office": false, "diet_vegan": false, "diet_vegetarian": false, "diet_glutenfree": false, "diet_halal": false, "unit_id": "24062A17-"}}, {"type": "Feature", "geometry": {"type": "Point", "coordinates": [4.7146125, 50.8818623]}, "properties": {"name": null, "spot_type": null, "is_eatery": false, "is_gastro": false, "is_retail": false, "is_transit": true, "is_office": false, "diet_vegan": false, "diet_vegetarian": false, "diet_glutenfree": false, "diet_halal": false, "unit_id": "24062A17-"}}, {"type": "Feature", "geometry": {"type": "Point", "coordinates": [4.71454, 50.8820398]}, "properties": {"name": null, "spot_type": null, "is_eatery": false, "is_gastro": false, "is_retail": false, "is_transit": true, "is_office": false, "diet_vegan": false, "diet_vegetarian": false, "diet_glutenfree": false, "diet_halal": false, "unit_id": "24062A17-"}}, {"type": "Feature", "geometry": {"type": "Point", "coordinates": [4.7145037, 50.8821286]}, "properties": {"name": null, "spot_type": null, "is_eatery": false, "is_gastro": false, "is_retail": false, "is_transit": true, "is_office": false, "diet_vegan": false, "diet_vegetarian": false, "diet_glutenfree": false, "diet_halal": false, "unit_id": "24062A17-"}}, {"type": "Feature", "geometry": {"type": "Point", "coordinates": [4.7144676, 50.882217]}, "properties": {"name": null, "spot_type": null, "is_eatery": false, "is_gastro": false, "is_retail": false, "is_transit": true, "is_office": false, "diet_vegan": false, "diet_vegetarian": false, "diet_glutenfree": false, "diet_halal": false, "unit_id": "24062A10-"}}, {"type": "Feature", "geometry": {"type": "Point", "coordinates": [4.73906, 50.8679979]}, "properties": {"name": "Leuven De Mol", "spot_type": null, "is_eatery": false, "is_gastro": false, "is_retail": false, "is_transit": true, "is_office": false, "diet_vegan": false, "diet_vegetarian": false, "diet_glutenfree": false, "diet_halal": false, "unit_id": "24062E742"}}, {"type": "Feature", "geometry": {"type": "Point", "coordinates": [4.7143233, 50.8828078]}, "properties": {"name": "Leuven Station", "spot_type": null, "is_eatery": false, "is_gastro": false, "is_retail": false, "is_transit": true, "is_office": false, "diet_vegan": false, "diet_vegetarian": false, "diet_glutenfree": false, "diet_halal": false, "unit_id": "24062A14-"}}, {"type": "Feature", "geometry": {"type": "Point", "coordinates": [4.7147384, 50.8740324]}, "properties": {"name": "Leuven Tiensepoort", "spot_type": null, "is_eatery": false, "is_gastro": false, "is_retail": false, "is_transit": true, "is_office": false, "diet_vegan": false, "diet_vegetarian": false, "diet_glutenfree": false, "diet_halal": false, "unit_id": "24062A32-"}}, {"type": "Feature", "geometry": {"type": "Point", "coordinates": [4.7157792, 50.8767064]}, "properties": {"name": "Leuven Provinciehuis", "spot_type": null, "is_eatery": false, "is_gastro": false, "is_retail": false, "is_transit": true, "is_office": false, "diet_vegan": false, "diet_vegetarian": false, "diet_glutenfree": false, "diet_halal": false, "unit_id": "24062A32-"}}, {"type": "Feature", "geometry": {"type": "Point", "coordinates": [4.7093453, 50.8694906]}, "properties": {"name": "Leuven Parkpoort", "spot_type": null, "is_eatery": false, "is_gastro": false, "is_retail": false, "is_transit": true, "is_office": false, "diet_vegan": false, "diet_vegetarian": false, "diet_glutenfree": false, "diet_halal": false, "unit_id": "24062D19-"}}, {"type": "Feature", "geometry": {"type": "Point", "coordinates": [4.7155018, 50.8770911]}, "properties": {"name": "Leuven Provinciehuis", "spot_type": null, "is_eatery": false, "is_gastro": false, "is_retail": false, "is_transit": true, "is_office": false, "diet_vegan": false, "diet_vegetarian": false, "diet_glutenfree": false, "diet_halal": false, "unit_id": "24062A32-"}}, {"type": "Feature", "geometry": {"type": "Point", "coordinates": [4.7134399, 50.8729735]}, "properties": {"name": "Leuven Tiensepoort", "spot_type": null, "is_eatery": false, "is_gastro": false, "is_retail": false, "is_transit": true, "is_office": false, "diet_vegan": false, "diet_vegetarian": false, "diet_glutenfree": false, "diet_halal": false, "unit_id": "24062A33-"}}, {"type": "Feature", "geometry": {"type": "Point", "coordinates": [4.709205, 50.8697539]}, "properties": {"name": "Leuven Parkpoort", "spot_type": null, "is_eatery": false, "is_gastro": false, "is_retail": false, "is_transit": true, "is_office": false, "diet_vegan": false, "diet_vegetarian": false, "diet_glutenfree": false, "diet_halal": false, "unit_id": "24062A42-"}}, {"type": "Feature", "geometry": {"type": "Point", "coordinates": [4.7146889, 50.8824663]}, "properties": {"name": null, "spot_type": null, "is_eatery": false, "is_gastro": false, "is_retail": false, "is_transit": true, "is_office": false, "diet_vegan": false, "diet_vegetarian": false, "diet_glutenfree": false, "diet_halal": false, "unit_id": "24062A17-"}}, {"type": "Feature", "geometry": {"type": "Point", "coordinates": [4.7339648, 50.8690441]}, "properties": {"name": "Leuven Philipslaan", "spot_type": null, "is_eatery": false, "is_gastro": false, "is_retail": false, "is_transit": true, "is_office": false, "diet_vegan": false, "diet_vegetarian": false, "diet_glutenfree": false, "diet_halal": false, "unit_id": "24062E72-"}}, {"type": "Feature", "geometry": {"type": "Point", "coordinates": [4.7340597, 50.8691644]}, "properties": {"name": "Leuven Philipslaan", "spot_type": null, "is_eatery": false, "is_gastro": false, "is_retail": false, "is_transit": true, "is_office": false, "diet_vegan": false, "diet_vegetarian": false, "diet_glutenfree": false, "diet_halal": false, "unit_id": "24062E742"}}, {"type": "Feature", "geometry": {"type": "Point", "coordinates": [4.6956249, 50.8827509]}, "properties": {"name": "Leuven De Bruul", "spot_type": null, "is_eatery": false, "is_gastro": false, "is_retail": false, "is_transit": true, "is_office": false, "diet_vegan": false, "diet_vegetarian": false, "diet_glutenfree": false, "diet_halal": false, "unit_id": "24062A51-"}}, {"type": "Feature", "geometry": {"type": "Point", "coordinates": [4.6949758, 50.8827842]}, "properties": {"name": "Leuven De Bruul", "spot_type": null, "is_eatery": false, "is_gastro": false, "is_retail": false, "is_transit": true, "is_office": false, "diet_vegan": false, "diet_vegetarian": false, "diet_glutenfree": false, "diet_halal": false, "unit_id": "24062A51-"}}, {"type": "Feature", "geometry": {"type": "Point", "coordinates": [4.6764866, 50.8791478]}, "properties": {"name": "Leuven Gasthuisberg Kliniek", "spot_type": null, "is_eatery": false, "is_gastro": false, "is_retail": false, "is_transit": true, "is_office": false, "diet_vegan": false, "diet_vegetarian": false, "diet_glutenfree": false, "diet_halal": false, "unit_id": "24062D633"}}, {"type": "Feature", "geometry": {"type": "Point", "coordinates": [4.676445, 50.8789355]}, "properties": {"name": "Leuven Gasthuisberg Kliniek", "spot_type": null, "is_eatery": false, "is_gastro": false, "is_retail": false, "is_transit": true, "is_office": false, "diet_vegan": false, "diet_vegetarian": false, "diet_glutenfree": false, "diet_halal": false, "unit_id": "24062D633"}}, {"type": "Feature", "geometry": {"type": "Point", "coordinates": [4.6764659, 50.8790424]}, "properties": {"name": "Leuven Gasthuisberg Kliniek", "spot_type": null, "is_eatery": false, "is_gastro": false, "is_retail": false, "is_transit": true, "is_office": false, "diet_vegan": false, "diet_vegetarian": false, "diet_glutenfree": false, "diet_halal": false, "unit_id": "24062D633"}}, {"type": "Feature", "geometry": {"type": "Point", "coordinates": [4.6933143, 50.8702145]}, "properties": {"name": "Leuven Sportcentrum", "spot_type": null, "is_eatery": false, "is_gastro": false, "is_retail": false, "is_transit": true, "is_office": false, "diet_vegan": false, "diet_vegetarian": false, "diet_glutenfree": false, "diet_halal": false, "unit_id": "24062D410"}}, {"type": "Feature", "geometry": {"type": "Point", "coordinates": [4.6764762, 50.8790948]}, "properties": {"name": "Leuven Gasthuisberg Kliniek", "spot_type": null, "is_eatery": false, "is_gastro": false, "is_retail": false, "is_transit": true, "is_office": false, "diet_vegan": false, "diet_vegetarian": false, "diet_glutenfree": false, "diet_halal": false, "unit_id": "24062D633"}}, {"type": "Feature", "geometry": {"type": "Point", "coordinates": [4.7318652, 50.8847257]}, "properties": {"name": "Friet Heuvelhof 1", "spot_type": null, "is_eatery": true, "is_gastro": true, "is_retail": false, "is_transit": false, "is_office": false, "diet_vegan": false, "diet_vegetarian": false, "diet_glutenfree": false, "diet_halal": false, "unit_id": "24062C02-"}}, {"type": "Feature", "geometry": {"type": "Point", "coordinates": [4.7342694, 50.8851007]}, "properties": {"name": "Kessel-Lo Park Heuvelhof", "spot_type": null, "is_eatery": false, "is_gastro": false, "is_retail": false, "is_transit": true, "is_office": false, "diet_vegan": false, "diet_vegetarian": false, "diet_glutenfree": false, "diet_halal": false, "unit_id": "24062C12-"}}, {"type": "Feature", "geometry": {"type": "Point", "coordinates": [4.7274534, 50.8844787]}, "properties": {"name": "Kessel-Lo Valvekensstraat", "spot_type": null, "is_eatery": false, "is_gastro": false, "is_retail": false, "is_transit": true, "is_office": false, "diet_vegan": false, "diet_vegetarian": false, "diet_glutenfree": false, "diet_halal": false, "unit_id": "24062C02-"}}, {"type": "Feature", "geometry": {"type": "Point", "coordinates": [4.7344658, 50.884974]}, "properties": {"name": "Kessel-Lo Park Heuvelhof", "spot_type": null, "is_eatery": false, "is_gastro": false, "is_retail": false, "is_transit": true, "is_office": false, "diet_vegan": false, "diet_vegetarian": false, "diet_glutenfree": false, "diet_halal": false, "unit_id": "24062C13-"}}, {"type": "Feature", "geometry": {"type": "Point", "coordinates": [4.6986994, 50.8805639]}, "properties": {"name": "Leuven Dirk Boutslaan", "spot_type": null, "is_eatery": false, "is_gastro": false, "is_retail": false, "is_transit": true, "is_office": false, "diet_vegan": false, "diet_vegetarian": false, "diet_glutenfree": false, "diet_halal": false, "unit_id": "24062A01-"}}, {"type": "Feature", "geometry": {"type": "Point", "coordinates": [4.7199558, 50.8836709]}, "properties": {"name": "Mezzaluna", "spot_type": null, "is_eatery": true, "is_gastro": true, "is_retail": false, "is_transit": false, "is_office": false, "diet_vegan": false, "diet_vegetarian": false, "diet_glutenfree": false, "diet_halal": false, "unit_id": "24062C00-"}}, {"type": "Feature", "geometry": {"type": "Point", "coordinates": [4.7284632, 50.8844615]}, "properties": {"name": "Kessel-Lo Valvekensstraat", "spot_type": null, "is_eatery": false, "is_gastro": false, "is_retail": false, "is_transit": true, "is_office": false, "diet_vegan": false, "diet_vegetarian": false, "diet_glutenfree": false, "diet_halal": false, "unit_id": "24062C02-"}}, {"type": "Feature", "geometry": {"type": "Point", "coordinates": [4.7422677, 50.877244]}, "properties": {"name": "Kessel-Lo De Bron", "spot_type": null, "is_eatery": false, "is_gastro": false, "is_retail": false, "is_transit": true, "is_office": false, "diet_vegan": false, "diet_vegetarian": false, "diet_glutenfree": false, "diet_halal": false, "unit_id": "24062C43-"}}, {"type": "Feature", "geometry": {"type": "Point", "coordinates": [4.7424328, 50.8771991]}, "properties": {"name": "Kessel-Lo De Bron", "spot_type": null, "is_eatery": false, "is_gastro": false, "is_retail": false, "is_transit": true, "is_office": false, "diet_vegan": false, "diet_vegetarian": false, "diet_glutenfree": false, "diet_halal": false, "unit_id": "24062C43-"}}, {"type": "Feature", "geometry": {"type": "Point", "coordinates": [4.7135714, 50.8735655]}, "properties": {"name": "Au Flan Breton", "spot_type": "bakery", "is_eatery": true, "is_gastro": false, "is_retail": false, "is_transit": false, "is_office": false, "diet_vegan": false, "diet_vegetarian": false, "diet_glutenfree": false, "diet_halal": false, "unit_id": "24062A30-"}}, {"type": "Feature", "geometry": {"type": "Point", "coordinates": [4.7294781, 50.8786666]}, "properties": {"name": "Kessel-Lo Prins Regentlaan", "spot_type": null, "is_eatery": false, "is_gastro": false, "is_retail": false, "is_transit": true, "is_office": false, "diet_vegan": false, "diet_vegetarian": false, "diet_glutenfree": false, "diet_halal": false, "unit_id": "24062C44-"}}, {"type": "Feature", "geometry": {"type": "Point", "coordinates": [4.7023621, 50.8786269]}, "properties": {"name": "Ter Eycken", "spot_type": null, "is_eatery": true, "is_gastro": true, "is_retail": false, "is_transit": false, "is_office": false, "diet_vegan": false, "diet_vegetarian": false, "diet_glutenfree": false, "diet_halal": false, "unit_id": "24062A00-"}}, {"type": "Feature", "geometry": {"type": "Point", "coordinates": [4.7028593, 50.8781327]}, "properties": {"name": "PepeNero", "spot_type": null, "is_eatery": true, "is_gastro": true, "is_retail": false, "is_transit": false, "is_office": false, "diet_vegan": false, "diet_vegetarian": false, "diet_glutenfree": false, "diet_halal": false, "unit_id": "24062A00-"}}, {"type": "Feature", "geometry": {"type": "Point", "coordinates": [4.7026416, 50.8781646]}, "properties": {"name": "De Kansel", "spot_type": null, "is_eatery": true, "is_gastro": true, "is_retail": false, "is_transit": false, "is_office": false, "diet_vegan": false, "diet_vegetarian": false, "diet_glutenfree": false, "diet_halal": false, "unit_id": "24062A00-"}}, {"type": "Feature", "geometry": {"type": "Point", "coordinates": [4.7027467, 50.8781512]}, "properties": {"name": "Ascoli", "spot_type": null, "is_eatery": true, "is_gastro": true, "is_retail": false, "is_transit": false, "is_office": false, "diet_vegan": false, "diet_vegetarian": false, "diet_glutenfree": false, "diet_halal": false, "unit_id": "24062A00-"}}, {"type": "Feature", "geometry": {"type": "Point", "coordinates": [4.7029597, 50.8781115]}, "properties": {"name": "Sakura", "spot_type": null, "is_eatery": true, "is_gastro": true, "is_retail": false, "is_transit": false, "is_office": false, "diet_vegan": false, "diet_vegetarian": false, "diet_glutenfree": false, "diet_halal": false, "unit_id": "24062A00-"}}, {"type": "Feature", "geometry": {"type": "Point", "coordinates": [4.7022316, 50.8782562]}, "properties": {"name": "You Sushi", "spot_type": null, "is_eatery": true, "is_gastro": true, "is_retail": false, "is_transit": false, "is_office": false, "diet_vegan": false, "diet_vegetarian": false, "diet_glutenfree": false, "diet_halal": false, "unit_id": "24062A00-"}}, {"type": "Feature", "geometry": {"type": "Point", "coordinates": [4.7019333, 50.878187]}, "properties": {"name": "Acquasanta", "spot_type": null, "is_eatery": true, "is_gastro": true, "is_retail": false, "is_transit": false, "is_office": false, "diet_vegan": false, "diet_vegetarian": false, "diet_glutenfree": false, "diet_halal": false, "unit_id": "24062A00-"}}, {"type": "Feature", "geometry": {"type": "Point", "coordinates": [4.7029174, 50.8779902]}, "properties": {"name": "Trente", "spot_type": null, "is_eatery": true, "is_gastro": true, "is_retail": false, "is_transit": false, "is_office": false, "diet_vegan": false, "diet_vegetarian": false, "diet_glutenfree": false, "diet_halal": false, "unit_id": "24062A02-"}}, {"type": "Feature", "geometry": {"type": "Point", "coordinates": [4.7032037, 50.8780422]}, "properties": {"name": "Troubadour", "spot_type": null, "is_eatery": true, "is_gastro": true, "is_retail": false, "is_transit": false, "is_office": false, "diet_vegan": false, "diet_vegetarian": false, "diet_glutenfree": false, "diet_halal": false, "unit_id": "24062A00-"}}, {"type": "Feature", "geometry": {"type": "Point", "coordinates": [4.7062476, 50.8739749]}, "properties": {"name": "Leuven Rustoord Remy", "spot_type": null, "is_eatery": false, "is_gastro": false, "is_retail": false, "is_transit": true, "is_office": false, "diet_vegan": false, "diet_vegetarian": false, "diet_glutenfree": false, "diet_halal": false, "unit_id": "24062A35-"}}, {"type": "Feature", "geometry": {"type": "Point", "coordinates": [4.6700621, 50.8658273]}, "properties": {"name": "Heverlee Wetenschapspark", "spot_type": null, "is_eatery": false, "is_gastro": false, "is_retail": false, "is_transit": true, "is_office": false, "diet_vegan": false, "diet_vegetarian": false, "diet_glutenfree": false, "diet_halal": false, "unit_id": "24062D591"}}, {"type": "Feature", "geometry": {"type": "Point", "coordinates": [4.6862679, 50.86078]}, "properties": {"name": "Heverlee Kantineplein", "spot_type": null, "is_eatery": false, "is_gastro": false, "is_retail": false, "is_transit": true, "is_office": false, "diet_vegan": false, "diet_vegetarian": false, "diet_glutenfree": false, "diet_halal": false, "unit_id": "24062D01-"}}, {"type": "Feature", "geometry": {"type": "Point", "coordinates": [4.6775485, 50.8755663]}, "properties": {"name": "Heverlee Egenhovenweg", "spot_type": null, "is_eatery": false, "is_gastro": false, "is_retail": false, "is_transit": true, "is_office": false, "diet_vegan": false, "diet_vegetarian": false, "diet_glutenfree": false, "diet_halal": false, "unit_id": "24062D60-"}}, {"type": "Feature", "geometry": {"type": "Point", "coordinates": [4.6726119, 50.8745077]}, "properties": {"name": "Heverlee Berg Tabor", "spot_type": null, "is_eatery": false, "is_gastro": false, "is_retail": false, "is_transit": true, "is_office": false, "diet_vegan": false, "diet_vegetarian": false, "diet_glutenfree": false, "diet_halal": false, "unit_id": "24062D60-"}}, {"type": "Feature", "geometry": {"type": "Point", "coordinates": [4.6403735, 50.8678599]}, "properties": {"name": "Bertem Alsemberg", "spot_type": null, "is_eatery": false, "is_gastro": false, "is_retail": false, "is_transit": true, "is_office": false, "diet_vegan": false, "diet_vegetarian": false, "diet_glutenfree": false, "diet_halal": false, "unit_id": "24009A010"}}, {"type": "Feature", "geometry": {"type": "Point", "coordinates": [4.6523916, 50.8703425]}, "properties": {"name": "Heverlee Bremstraat", "spot_type": null, "is_eatery": false, "is_gastro": false, "is_retail": false, "is_transit": true, "is_office": false, "diet_vegan": false, "diet_vegetarian": false, "diet_glutenfree": false, "diet_halal": false, "unit_id": "24062D691"}}, {"type": "Feature", "geometry": {"type": "Point", "coordinates": [4.6642826, 50.8727933]}, "properties": {"name": "Heverlee Sociale School", "spot_type": null, "is_eatery": false, "is_gastro": false, "is_retail": false, "is_transit": true, "is_office": false, "diet_vegan": false, "diet_vegetarian": false, "diet_glutenfree": false, "diet_halal": false, "unit_id": "24062D622"}}, {"type": "Feature", "geometry": {"type": "Point", "coordinates": [4.6811706, 50.8679178]}, "properties": {"name": "Heverlee Koning Boudewijnlaan", "spot_type": null, "is_eatery": false, "is_gastro": false, "is_retail": false, "is_transit": true, "is_office": false, "diet_vegan": false, "diet_vegetarian": false, "diet_glutenfree": false, "diet_halal": false, "unit_id": "24062D410"}}, {"type": "Feature", "geometry": {"type": "Point", "coordinates": [4.668563, 50.840889]}, "properties": {"name": "Oud-Heverlee Oude Molen", "spot_type": null, "is_eatery": false, "is_gastro": false, "is_retail": false, "is_transit": true, "is_office": false, "diet_vegan": false, "diet_vegetarian": false, "diet_glutenfree": false, "diet_halal": false, "unit_id": "24086A000"}}, {"type": "Feature", "geometry": {"type": "Point", "coordinates": [4.6696862, 50.8432372]}, "properties": {"name": "Oud-Heverlee Genenhoek", "spot_type": null, "is_eatery": false, "is_gastro": false, "is_retail": false, "is_transit": true, "is_office": false, "diet_vegan": false, "diet_vegetarian": false, "diet_glutenfree": false, "diet_halal": false, "unit_id": "24086A000"}}, {"type": "Feature", "geometry": {"type": "Point", "coordinates": [4.6956008, 50.8490974]}, "properties": {"name": "Heverlee De Jacht", "spot_type": null, "is_eatery": false, "is_gastro": false, "is_retail": false, "is_transit": true, "is_office": false, "diet_vegan": false, "diet_vegetarian": false, "diet_glutenfree": false, "diet_halal": false, "unit_id": "24062D310"}}, {"type": "Feature", "geometry": {"type": "Point", "coordinates": [4.6958123, 50.8559043]}, "properties": {"name": "Heverlee Leopold III-laan", "spot_type": null, "is_eatery": false, "is_gastro": false, "is_retail": false, "is_transit": true, "is_office": false, "diet_vegan": false, "diet_vegetarian": false, "diet_glutenfree": false, "diet_halal": false, "unit_id": "24062D03-"}}, {"type": "Feature", "geometry": {"type": "Point", "coordinates": [4.6960528, 50.8650499]}, "properties": {"name": "Heverlee Groenstraat", "spot_type": null, "is_eatery": false, "is_gastro": false, "is_retail": false, "is_transit": true, "is_office": false, "diet_vegan": false, "diet_vegetarian": false, "diet_glutenfree": false, "diet_halal": false, "unit_id": "24062D00-"}}, {"type": "Feature", "geometry": {"type": "Point", "coordinates": [4.695894, 50.8585576]}, "properties": {"name": "Heverlee Heilig Hartinstituut", "spot_type": null, "is_eatery": false, "is_gastro": false, "is_retail": false, "is_transit": true, "is_office": false, "diet_vegan": false, "diet_vegetarian": false, "diet_glutenfree": false, "diet_halal": false, "unit_id": "24062D03-"}}, {"type": "Feature", "geometry": {"type": "Point", "coordinates": [4.6955942, 50.8554537]}, "properties": {"name": "Heverlee Leopold III-laan", "spot_type": null, "is_eatery": false, "is_gastro": false, "is_retail": false, "is_transit": true, "is_office": false, "diet_vegan": false, "diet_vegetarian": false, "diet_glutenfree": false, "diet_halal": false, "unit_id": "24062D03-"}}, {"type": "Feature", "geometry": {"type": "Point", "coordinates": [4.7217195, 50.8718713]}, "properties": {"name": "De Kapblok", "spot_type": null, "is_eatery": false, "is_gastro": false, "is_retail": true, "is_transit": false, "is_office": false, "diet_vegan": false, "diet_vegetarian": false, "diet_glutenfree": false, "diet_halal": false, "unit_id": "24062D11-"}}, {"type": "Feature", "geometry": {"type": "Point", "coordinates": [4.7203096, 50.8722036]}, "properties": {"name": "Mini Supermarket", "spot_type": null, "is_eatery": false, "is_gastro": false, "is_retail": true, "is_transit": false, "is_office": false, "diet_vegan": false, "diet_vegetarian": false, "diet_glutenfree": false, "diet_halal": false, "unit_id": "24062D11-"}}, {"type": "Feature", "geometry": {"type": "Point", "coordinates": [4.7207151, 50.872344]}, "properties": {"name": "La Lumaca", "spot_type": null, "is_eatery": true, "is_gastro": true, "is_retail": false, "is_transit": false, "is_office": false, "diet_vegan": false, "diet_vegetarian": false, "diet_glutenfree": false, "diet_halal": false, "unit_id": "24062C41-"}}, {"type": "Feature", "geometry": {"type": "Point", "coordinates": [4.7211375, 50.8722439]}, "properties": {"name": "Castello Lucano", "spot_type": null, "is_eatery": true, "is_gastro": true, "is_retail": false, "is_transit": false, "is_office": false, "diet_vegan": false, "diet_vegetarian": false, "diet_glutenfree": false, "diet_halal": false, "unit_id": "24062C41-"}}, {"type": "Feature", "geometry": {"type": "Point", "coordinates": [4.7188984, 50.8835757]}, "properties": {"name": "Hot & Fresh Pizza Service", "spot_type": null, "is_eatery": true, "is_gastro": true, "is_retail": false, "is_transit": false, "is_office": false, "diet_vegan": false, "diet_vegetarian": false, "diet_glutenfree": false, "diet_halal": false, "unit_id": "24062C00-"}}, {"type": "Feature", "geometry": {"type": "Point", "coordinates": [4.6878854, 50.8739489]}, "properties": {"name": "Wel'come", "spot_type": null, "is_eatery": false, "is_gastro": false, "is_retail": true, "is_transit": false, "is_office": false, "diet_vegan": false, "diet_vegetarian": false, "diet_glutenfree": false, "diet_halal": false, "unit_id": "24062A52-"}}, {"type": "Feature", "geometry": {"type": "Point", "coordinates": [4.690563, 50.8767275]}, "properties": {"name": "Botaniq", "spot_type": null, "is_eatery": true, "is_gastro": true, "is_retail": false, "is_transit": false, "is_office": false, "diet_vegan": false, "diet_vegetarian": false, "diet_glutenfree": false, "diet_halal": false, "unit_id": "24062A52-"}}, {"type": "Feature", "geometry": {"type": "Point", "coordinates": [4.66842, 50.840656]}, "properties": {"name": "Oud-Heverlee Oude Molen", "spot_type": null, "is_eatery": false, "is_gastro": false, "is_retail": false, "is_transit": true, "is_office": false, "diet_vegan": false, "diet_vegetarian": false, "diet_glutenfree": false, "diet_halal": false, "unit_id": "24086A000"}}, {"type": "Feature", "geometry": {"type": "Point", "coordinates": [4.7400152, 50.886316]}, "properties": {"name": "Kessel-Lo Pinxtermolen", "spot_type": null, "is_eatery": false, "is_gastro": false, "is_retail": false, "is_transit": true, "is_office": false, "diet_vegan": false, "diet_vegetarian": false, "diet_glutenfree": false, "diet_halal": false, "unit_id": "24062C13-"}}, {"type": "Feature", "geometry": {"type": "Point", "coordinates": [4.7398732, 50.886327]}, "properties": {"name": "Kessel-Lo Pinxtermolen", "spot_type": null, "is_eatery": false, "is_gastro": false, "is_retail": false, "is_transit": true, "is_office": false, "diet_vegan": false, "diet_vegetarian": false, "diet_glutenfree": false, "diet_halal": false, "unit_id": "24062C13-"}}, {"type": "Feature", "geometry": {"type": "Point", "coordinates": [4.6886683, 50.8731784]}, "properties": {"name": "Leuven Bodart", "spot_type": null, "is_eatery": false, "is_gastro": false, "is_retail": false, "is_transit": true, "is_office": false, "diet_vegan": false, "diet_vegetarian": false, "diet_glutenfree": false, "diet_halal": false, "unit_id": "24062D644"}}, {"type": "Feature", "geometry": {"type": "Point", "coordinates": [4.6719505, 50.8477698]}, "properties": {"name": "Oud-Heverlee Wit Kruis", "spot_type": null, "is_eatery": false, "is_gastro": false, "is_retail": false, "is_transit": true, "is_office": false, "diet_vegan": false, "diet_vegetarian": false, "diet_glutenfree": false, "diet_halal": false, "unit_id": "24086A012"}}, {"type": "Feature", "geometry": {"type": "Point", "coordinates": [4.6721639, 50.8477654]}, "properties": {"name": "Oud-Heverlee Wit Kruis", "spot_type": null, "is_eatery": false, "is_gastro": false, "is_retail": false, "is_transit": true, "is_office": false, "diet_vegan": false, "diet_vegetarian": false, "diet_glutenfree": false, "diet_halal": false, "unit_id": "24086A012"}}, {"type": "Feature", "geometry": {"type": "Point", "coordinates": [4.7274404, 50.8510062]}, "properties": {"name": "Haasrode Donaldson", "spot_type": null, "is_eatery": false, "is_gastro": false, "is_retail": false, "is_transit": true, "is_office": false, "diet_vegan": false, "diet_vegetarian": false, "diet_glutenfree": false, "diet_halal": false, "unit_id": "24062E774"}}, {"type": "Feature", "geometry": {"type": "Point", "coordinates": [4.7317022, 50.8505149]}, "properties": {"name": "Haasrode Philips", "spot_type": null, "is_eatery": false, "is_gastro": false, "is_retail": false, "is_transit": true, "is_office": false, "diet_vegan": false, "diet_vegetarian": false, "diet_glutenfree": false, "diet_halal": false, "unit_id": "24062E774"}}, {"type": "Feature", "geometry": {"type": "Point", "coordinates": [4.73456, 50.8503]}, "properties": {"name": "Haasrode Siemens", "spot_type": null, "is_eatery": false, "is_gastro": false, "is_retail": false, "is_transit": true, "is_office": false, "diet_vegan": false, "diet_vegetarian": false, "diet_glutenfree": false, "diet_halal": false, "unit_id": "24062E774"}}, {"type": "Feature", "geometry": {"type": "Point", "coordinates": [4.7346722, 50.8502045]}, "properties": {"name": "Haasrode Siemens", "spot_type": null, "is_eatery": false, "is_gastro": false, "is_retail": false, "is_transit": true, "is_office": false, "diet_vegan": false, "diet_vegetarian": false, "diet_glutenfree": false, "diet_halal": false, "unit_id": "24062E774"}}, {"type": "Feature", "geometry": {"type": "Point", "coordinates": [4.7318051, 50.8506153]}, "properties": {"name": "Haasrode Philips", "spot_type": null, "is_eatery": false, "is_gastro": false, "is_retail": false, "is_transit": true, "is_office": false, "diet_vegan": false, "diet_vegetarian": false, "diet_glutenfree": false, "diet_halal": false, "unit_id": "24062E774"}}, {"type": "Feature", "geometry": {"type": "Point", "coordinates": [4.7274469, 50.853196]}, "properties": {"name": "Eberca", "spot_type": null, "is_eatery": false, "is_gastro": false, "is_retail": false, "is_transit": false, "is_office": true, "diet_vegan": false, "diet_vegetarian": false, "diet_glutenfree": false, "diet_halal": false, "unit_id": "24062E774"}}, {"type": "Feature", "geometry": {"type": "Point", "coordinates": [4.7319008, 50.8534899]}, "properties": {"name": "Camco Technologies", "spot_type": null, "is_eatery": false, "is_gastro": false, "is_retail": false, "is_transit": false, "is_office": true, "diet_vegan": false, "diet_vegetarian": false, "diet_glutenfree": false, "diet_halal": false, "unit_id": "24062E774"}}, {"type": "Feature", "geometry": {"type": "Point", "coordinates": [4.7318889, 50.8534224]}, "properties": {"name": "CSL Behring", "spot_type": null, "is_eatery": false, "is_gastro": false, "is_retail": false, "is_transit": false, "is_office": true, "diet_vegan": false, "diet_vegetarian": false, "diet_glutenfree": false, "diet_halal": false, "unit_id": "24062E774"}}, {"type": "Feature", "geometry": {"type": "Point", "coordinates": [4.7323313, 50.8534468]}, "properties": {"name": "Micro-Matic Research", "spot_type": null, "is_eatery": false, "is_gastro": false, "is_retail": false, "is_transit": false, "is_office": true, "diet_vegan": false, "diet_vegetarian": false, "diet_glutenfree": false, "diet_halal": false, "unit_id": "24062E774"}}, {"type": "Feature", "geometry": {"type": "Point", "coordinates": [4.7323164, 50.8533718]}, "properties": {"name": "BSN Medical", "spot_type": null, "is_eatery": false, "is_gastro": false, "is_retail": false, "is_transit": false, "is_office": true, "diet_vegan": false, "diet_vegetarian": false, "diet_glutenfree": false, "diet_halal": false, "unit_id": "24062E774"}}, {"type": "Feature", "geometry": {"type": "Point", "coordinates": [4.7274026, 50.8485843]}, "properties": {"name": null, "spot_type": null, "is_eatery": false, "is_gastro": false, "is_retail": false, "is_transit": true, "is_office": false, "diet_vegan": false, "diet_vegetarian": false, "diet_glutenfree": false, "diet_halal": false, "unit_id": "24062E774"}}, {"type": "Feature", "geometry": {"type": "Point", "coordinates": [4.7179376, 50.8848408]}, "properties": {"name": "Nachtwinkel J&A", "spot_type": null, "is_eatery": false, "is_gastro": false, "is_retail": true, "is_transit": false, "is_office": false, "diet_vegan": false, "diet_vegetarian": false, "diet_glutenfree": false, "diet_halal": false, "unit_id": "24062C00-"}}, {"type": "Feature", "geometry": {"type": "Point", "coordinates": [4.7327618, 50.8470371]}, "properties": {"name": null, "spot_type": null, "is_eatery": false, "is_gastro": false, "is_retail": false, "is_transit": false, "is_office": true, "diet_vegan": false, "diet_vegetarian": false, "diet_glutenfree": false, "diet_halal": false, "unit_id": "24062E774"}}, {"type": "Feature", "geometry": {"type": "Point", "coordinates": [4.7283493, 50.8703659]}, "properties": {"name": "Leuven Elisabethlaan", "spot_type": null, "is_eatery": false, "is_gastro": false, "is_retail": false, "is_transit": true, "is_office": false, "diet_vegan": false, "diet_vegetarian": false, "diet_glutenfree": false, "diet_halal": false, "unit_id": "24062E70-"}}, {"type": "Feature", "geometry": {"type": "Point", "coordinates": [4.7276435, 50.8527011]}, "properties": {"name": "Haasrode Brabanthal", "spot_type": null, "is_eatery": false, "is_gastro": false, "is_retail": false, "is_transit": true, "is_office": false, "diet_vegan": false, "diet_vegetarian": false, "diet_glutenfree": false, "diet_halal": false, "unit_id": "24062E774"}}, {"type": "Feature", "geometry": {"type": "Point", "coordinates": [4.7272981, 50.8525197]}, "properties": {"name": "Haasrode Brabanthal", "spot_type": null, "is_eatery": false, "is_gastro": false, "is_retail": false, "is_transit": true, "is_office": false, "diet_vegan": false, "diet_vegetarian": false, "diet_glutenfree": false, "diet_halal": false, "unit_id": "24062E774"}}, {"type": "Feature", "geometry": {"type": "Point", "coordinates": [4.7272046, 50.8511004]}, "properties": {"name": "Haasrode Donaldson", "spot_type": null, "is_eatery": false, "is_gastro": false, "is_retail": false, "is_transit": true, "is_office": false, "diet_vegan": false, "diet_vegetarian": false, "diet_glutenfree": false, "diet_halal": false, "unit_id": "24062E774"}}, {"type": "Feature", "geometry": {"type": "Point", "coordinates": [4.7343317, 50.8688335]}, "properties": {"name": "Bretoense Hoeve", "spot_type": null, "is_eatery": true, "is_gastro": true, "is_retail": false, "is_transit": false, "is_office": false, "diet_vegan": false, "diet_vegetarian": false, "diet_glutenfree": false, "diet_halal": false, "unit_id": "24062E72-"}}, {"type": "Feature", "geometry": {"type": "Point", "coordinates": [4.7281743, 50.8512941]}, "properties": {"name": "Xplanation", "spot_type": null, "is_eatery": false, "is_gastro": false, "is_retail": false, "is_transit": false, "is_office": true, "diet_vegan": false, "diet_vegetarian": false, "diet_glutenfree": false, "diet_halal": false, "unit_id": "24062E774"}}, {"type": "Feature", "geometry": {"type": "Point", "coordinates": [4.7282042, 50.8513915]}, "properties": {"name": "Nikon Metrology Europe NV", "spot_type": null, "is_eatery": false, "is_gastro": false, "is_retail": false, "is_transit": false, "is_office": true, "diet_vegan": false, "diet_vegetarian": false, "diet_glutenfree": false, "diet_halal": false, "unit_id": "24062E774"}}, {"type": "Feature", "geometry": {"type": "Point", "coordinates": [4.7542843, 50.8613849]}, "properties": {"name": "Korbeek-Lo Ter Korbeke", "spot_type": null, "is_eatery": false, "is_gastro": false, "is_retail": false, "is_transit": true, "is_office": false, "diet_vegan": false, "diet_vegetarian": false, "diet_glutenfree": false, "diet_halal": false, "unit_id": "24011B012"}}, {"type": "Feature", "geometry": {"type": "Point", "coordinates": [4.7272504, 50.8532604]}, "properties": {"name": "Vector International", "spot_type": null, "is_eatery": false, "is_gastro": false, "is_retail": false, "is_transit": false, "is_office": true, "diet_vegan": false, "diet_vegetarian": false, "diet_glutenfree": false, "diet_halal": false, "unit_id": "24062E774"}}, {"type": "Feature", "geometry": {"type": "Point", "coordinates": [4.7073358, 50.869643]}, "properties": {"name": "Leuven Parkpoort", "spot_type": null, "is_eatery": false, "is_gastro": false, "is_retail": false, "is_transit": true, "is_office": false, "diet_vegan": false, "diet_vegetarian": false, "diet_glutenfree": false, "diet_halal": false, "unit_id": "24062A42-"}}, {"type": "Feature", "geometry": {"type": "Point", "coordinates": [4.7069591, 50.8698519]}, "properties": {"name": "Leuven Parkpoort", "spot_type": null, "is_eatery": false, "is_gastro": false, "is_retail": false, "is_transit": true, "is_office": false, "diet_vegan": false, "diet_vegetarian": false, "diet_glutenfree": false, "diet_halal": false, "unit_id": "24062A42-"}}, {"type": "Feature", "geometry": {"type": "Point", "coordinates": [4.7092371, 50.8695214]}, "properties": {"name": null, "spot_type": null, "is_eatery": false, "is_gastro": false, "is_retail": false, "is_transit": true, "is_office": false, "diet_vegan": false, "diet_vegetarian": false, "diet_glutenfree": false, "diet_halal": false, "unit_id": "24062D19-"}}, {"type": "Feature", "geometry": {"type": "Point", "coordinates": [4.6991359, 50.8698485]}, "properties": {"name": "Leuven Sint-Kwintenskerk", "spot_type": null, "is_eatery": false, "is_gastro": false, "is_retail": false, "is_transit": true, "is_office": false, "diet_vegan": false, "diet_vegetarian": false, "diet_glutenfree": false, "diet_halal": false, "unit_id": "24062A40-"}}, {"type": "Feature", "geometry": {"type": "Point", "coordinates": [4.6992846, 50.8697495]}, "properties": {"name": "Leuven Sint-Kwintenskerk", "spot_type": null, "is_eatery": false, "is_gastro": false, "is_retail": false, "is_transit": true, "is_office": false, "diet_vegan": false, "diet_vegetarian": false, "diet_glutenfree": false, "diet_halal": false, "unit_id": "24062A42-"}}, {"type": "Feature", "geometry": {"type": "Point", "coordinates": [4.6862926, 50.8608736]}, "properties": {"name": "Heverlee Kantineplein", "spot_type": null, "is_eatery": false, "is_gastro": false, "is_retail": false, "is_transit": true, "is_office": false, "diet_vegan": false, "diet_vegetarian": false, "diet_glutenfree": false, "diet_halal": false, "unit_id": "24062D01-"}}, {"type": "Feature", "geometry": {"type": "Point", "coordinates": [4.7241566, 50.8881369]}, "properties": {"name": "Kessel-Lo Van Rodestraat", "spot_type": null, "is_eatery": false, "is_gastro": false, "is_retail": false, "is_transit": true, "is_office": false, "diet_vegan": false, "diet_vegetarian": false, "diet_glutenfree": false, "diet_halal": false, "unit_id": "24062C03-"}}, {"type": "Feature", "geometry": {"type": "Point", "coordinates": [4.7225617, 50.8875305]}, "properties": {"name": "Prima", "spot_type": null, "is_eatery": false, "is_gastro": false, "is_retail": true, "is_transit": false, "is_office": false, "diet_vegan": false, "diet_vegetarian": false, "diet_glutenfree": false, "diet_halal": false, "unit_id": "24062C04-"}}, {"type": "Feature", "geometry": {"type": "Point", "coordinates": [4.70028, 50.8760633]}, "properties": {"name": "Leuven Sint-Michielskerk", "spot_type": null, "is_eatery": false, "is_gastro": false, "is_retail": false, "is_transit": true, "is_office": false, "diet_vegan": false, "diet_vegetarian": false, "diet_glutenfree": false, "diet_halal": false, "unit_id": "24062A03-"}}, {"type": "Feature", "geometry": {"type": "Point", "coordinates": [4.700506, 50.8761496]}, "properties": {"name": "Leuven Sint-Michielskerk", "spot_type": null, "is_eatery": false, "is_gastro": false, "is_retail": false, "is_transit": true, "is_office": false, "diet_vegan": false, "diet_vegetarian": false, "diet_glutenfree": false, "diet_halal": false, "unit_id": "24062A02-"}}, {"type": "Feature", "geometry": {"type": "Point", "coordinates": [4.6906389, 50.8913168]}, "properties": {"name": "Leuven Kareelveld", "spot_type": null, "is_eatery": false, "is_gastro": false, "is_retail": false, "is_transit": true, "is_office": false, "diet_vegan": false, "diet_vegetarian": false, "diet_glutenfree": false, "diet_halal": false, "unit_id": "24062A61-"}}, {"type": "Feature", "geometry": {"type": "Point", "coordinates": [4.6917364, 50.8874605]}, "properties": {"name": "Leuven Mechelsepoort", "spot_type": null, "is_eatery": false, "is_gastro": false, "is_retail": false, "is_transit": true, "is_office": false, "diet_vegan": false, "diet_vegetarian": false, "diet_glutenfree": false, "diet_halal": false, "unit_id": "24062A55-"}}, {"type": "Feature", "geometry": {"type": "Point", "coordinates": [4.7174972, 50.8587796]}, "properties": {"name": "Heverlee Petrusberg", "spot_type": null, "is_eatery": false, "is_gastro": false, "is_retail": false, "is_transit": true, "is_office": false, "diet_vegan": false, "diet_vegetarian": false, "diet_glutenfree": false, "diet_halal": false, "unit_id": "24062E774"}}, {"type": "Feature", "geometry": {"type": "Point", "coordinates": [4.7215758, 50.851536]}, "properties": {"name": "Heverlee Sterrekes", "spot_type": null, "is_eatery": false, "is_gastro": false, "is_retail": false, "is_transit": true, "is_office": false, "diet_vegan": false, "diet_vegetarian": false, "diet_glutenfree": false, "diet_halal": false, "unit_id": "24062E774"}}, {"type": "Feature", "geometry": {"type": "Point", "coordinates": [4.7215573, 50.8515986]}, "properties": {"name": "Heverlee Sterrekes", "spot_type": null, "is_eatery": false, "is_gastro": false, "is_retail": false, "is_transit": true, "is_office": false, "diet_vegan": false, "diet_vegetarian": false, "diet_glutenfree": false, "diet_halal": false, "unit_id": "24062E774"}}, {"type": "Feature", "geometry": {"type": "Point", "coordinates": [4.7173885, 50.8590394]}, "properties": {"name": "Heverlee Petrusberg", "spot_type": null, "is_eatery": false, "is_gastro": false, "is_retail": false, "is_transit": true, "is_office": false, "diet_vegan": false, "diet_vegetarian": false, "diet_glutenfree": false, "diet_halal": false, "unit_id": "24062E774"}}, {"type": "Feature", "geometry": {"type": "Point", "coordinates": [4.7198491, 50.8550976]}, "properties": {"name": "Heverlee Sint-Albertus College", "spot_type": null, "is_eatery": false, "is_gastro": false, "is_retail": false, "is_transit": true, "is_office": false, "diet_vegan": false, "diet_vegetarian": false, "diet_glutenfree": false, "diet_halal": false, "unit_id": "24062E774"}}, {"type": "Feature", "geometry": {"type": "Point", "coordinates": [4.696693, 50.8868138]}, "properties": {"name": "Leuven Riddersstraat", "spot_type": null, "is_eatery": false, "is_gastro": false, "is_retail": false, "is_transit": true, "is_office": false, "diet_vegan": false, "diet_vegetarian": false, "diet_glutenfree": false, "diet_halal": false, "unit_id": "24062A05-"}}, {"type": "Feature", "geometry": {"type": "Point", "coordinates": [4.6967554, 50.8865011]}, "properties": {"name": "Leuven Riddersstraat", "spot_type": null, "is_eatery": false, "is_gastro": false, "is_retail": false, "is_transit": true, "is_office": false, "diet_vegan": false, "diet_vegetarian": false, "diet_glutenfree": false, "diet_halal": false, "unit_id": "24062A05-"}}, {"type": "Feature", "geometry": {"type": "Point", "coordinates": [4.7124925, 50.861619]}, "properties": {"name": "Heverlee Milseweg", "spot_type": null, "is_eatery": false, "is_gastro": false, "is_retail": false, "is_transit": true, "is_office": false, "diet_vegan": false, "diet_vegetarian": false, "diet_glutenfree": false, "diet_halal": false, "unit_id": "24062D209"}}, {"type": "Feature", "geometry": {"type": "Point", "coordinates": [4.7123881, 50.8615681]}, "properties": {"name": "Heverlee Milseweg", "spot_type": null, "is_eatery": false, "is_gastro": false, "is_retail": false, "is_transit": true, "is_office": false, "diet_vegan": false, "diet_vegetarian": false, "diet_glutenfree": false, "diet_halal": false, "unit_id": "24062D209"}}, {"type": "Feature", "geometry": {"type": "Point", "coordinates": [4.73609, 50.847]}, "properties": {"name": "Haasrode Romeinse straat", "spot_type": null, "is_eatery": false, "is_gastro": false, "is_retail": false, "is_transit": true, "is_office": false, "diet_vegan": false, "diet_vegetarian": false, "diet_glutenfree": false, "diet_halal": false, "unit_id": "24062E774"}}, {"type": "Feature", "geometry": {"type": "Point", "coordinates": [4.7352676, 50.846749]}, "properties": {"name": "Haasrode Romeinse straat", "spot_type": null, "is_eatery": false, "is_gastro": false, "is_retail": false, "is_transit": true, "is_office": false, "diet_vegan": false, "diet_vegetarian": false, "diet_glutenfree": false, "diet_halal": false, "unit_id": "24062E774"}}, {"type": "Feature", "geometry": {"type": "Point", "coordinates": [4.6804653, 50.8607789]}, "properties": {"name": "Sirris Heverlee", "spot_type": null, "is_eatery": false, "is_gastro": false, "is_retail": false, "is_transit": false, "is_office": true, "diet_vegan": false, "diet_vegetarian": false, "diet_glutenfree": false, "diet_halal": false, "unit_id": "24062D410"}}, {"type": "Feature", "geometry": {"type": "Point", "coordinates": [4.6809507, 50.8610616]}, "properties": {"name": "Departement Werktuigkunde", "spot_type": null, "is_eatery": false, "is_gastro": false, "is_retail": false, "is_transit": false, "is_office": true, "diet_vegan": false, "diet_vegetarian": false, "diet_glutenfree": false, "diet_halal": false, "unit_id": "24062D410"}}, {"type": "Feature", "geometry": {"type": "Point", "coordinates": [4.6705561, 50.8655629]}, "properties": {"name": "Flanders Make", "spot_type": null, "is_eatery": false, "is_gastro": false, "is_retail": false, "is_transit": false, "is_office": true, "diet_vegan": false, "diet_vegetarian": false, "diet_glutenfree": false, "diet_halal": false, "unit_id": "24062D591"}}, {"type": "Feature", "geometry": {"type": "Point", "coordinates": [4.7036068, 50.8771511]}, "properties": {"name": "Thai Supermarket", "spot_type": null, "is_eatery": false, "is_gastro": false, "is_retail": true, "is_transit": false, "is_office": false, "diet_vegan": false, "diet_vegetarian": false, "diet_glutenfree": false, "diet_halal": false, "unit_id": "24062A02-"}}, {"type": "Feature", "geometry": {"type": "Point", "coordinates": [4.6972971, 50.8691824]}, "properties": {"name": "Leuven Naamsepoort", "spot_type": null, "is_eatery": false, "is_gastro": false, "is_retail": false, "is_transit": true, "is_office": false, "diet_vegan": false, "diet_vegetarian": false, "diet_glutenfree": false, "diet_halal": false, "unit_id": "24062A40-"}}, {"type": "Feature", "geometry": {"type": "Point", "coordinates": [4.680316, 50.8798031]}, "properties": {"name": "Leuven Lemmensinstituut", "spot_type": null, "is_eatery": false, "is_gastro": false, "is_retail": false, "is_transit": true, "is_office": false, "diet_vegan": false, "diet_vegetarian": false, "diet_glutenfree": false, "diet_halal": false, "unit_id": "24062A61-"}}, {"type": "Feature", "geometry": {"type": "Point", "coordinates": [4.6844533, 50.8771946]}, "properties": {"name": "Leuven Tervuursepoort", "spot_type": null, "is_eatery": false, "is_gastro": false, "is_retail": false, "is_transit": true, "is_office": false, "diet_vegan": false, "diet_vegetarian": false, "diet_glutenfree": false, "diet_halal": false, "unit_id": "24062A52-"}}, {"type": "Feature", "geometry": {"type": "Point", "coordinates": [4.686309, 50.9132481]}, "properties": {"name": "Herent Bijlokstraat", "spot_type": null, "is_eatery": false, "is_gastro": false, "is_retail": false, "is_transit": true, "is_office": false, "diet_vegan": false, "diet_vegetarian": false, "diet_glutenfree": false, "diet_halal": false, "unit_id": "24038A082"}}, {"type": "Feature", "geometry": {"type": "Point", "coordinates": [4.685593, 50.915941]}, "properties": {"name": "Herent Keierveld", "spot_type": null, "is_eatery": false, "is_gastro": false, "is_retail": false, "is_transit": true, "is_office": false, "diet_vegan": false, "diet_vegetarian": false, "diet_glutenfree": false, "diet_halal": false, "unit_id": "24038A39-"}}, {"type": "Feature", "geometry": {"type": "Point", "coordinates": [4.6864969, 50.9133119]}, "properties": {"name": "Herent Bijlokstraat", "spot_type": null, "is_eatery": false, "is_gastro": false, "is_retail": false, "is_transit": true, "is_office": false, "diet_vegan": false, "diet_vegetarian": false, "diet_glutenfree": false, "diet_halal": false, "unit_id": "24038A011"}}, {"type": "Feature", "geometry": {"type": "Point", "coordinates": [4.6856412, 50.9161031]}, "properties": {"name": "Herent Keierveld", "spot_type": null, "is_eatery": false, "is_gastro": false, "is_retail": false, "is_transit": true, "is_office": false, "diet_vegan": false, "diet_vegetarian": false, "diet_glutenfree": false, "diet_halal": false, "unit_id": "24038A39-"}}, {"type": "Feature", "geometry": {"type": "Point", "coordinates": [4.7111642, 50.864824]}, "properties": {"name": "Heverlee Abdij van Park", "spot_type": null, "is_eatery": false, "is_gastro": false, "is_retail": false, "is_transit": true, "is_office": false, "diet_vegan": false, "diet_vegetarian": false, "diet_glutenfree": false, "diet_halal": false, "unit_id": "24062D21-"}}, {"type": "Feature", "geometry": {"type": "Point", "coordinates": [4.7113024, 50.8649029]}, "properties": {"name": "Heverlee Abdij van Park", "spot_type": null, "is_eatery": false, "is_gastro": false, "is_retail": false, "is_transit": true, "is_office": false, "diet_vegan": false, "diet_vegetarian": false, "diet_glutenfree": false, "diet_halal": false, "unit_id": "24062D21-"}}, {"type": "Feature", "geometry": {"type": "Point", "coordinates": [4.7039331, 50.8771439]}, "properties": {"name": "Thai Snacks", "spot_type": null, "is_eatery": true, "is_gastro": true, "is_retail": false, "is_transit": false, "is_office": false, "diet_vegan": false, "diet_vegetarian": false, "diet_glutenfree": false, "diet_halal": false, "unit_id": "24062A02-"}}, {"type": "Feature", "geometry": {"type": "Point", "coordinates": [4.710928, 50.8804549]}, "properties": {"name": "Den Angelus", "spot_type": null, "is_eatery": true, "is_gastro": true, "is_retail": false, "is_transit": false, "is_office": false, "diet_vegan": false, "diet_vegetarian": false, "diet_glutenfree": false, "diet_halal": false, "unit_id": "24062A20-"}}, {"type": "Feature", "geometry": {"type": "Point", "coordinates": [4.6890216, 50.8587012]}, "properties": {"name": "Heverlee Waversebaan", "spot_type": null, "is_eatery": false, "is_gastro": false, "is_retail": false, "is_transit": true, "is_office": false, "diet_vegan": false, "diet_vegetarian": false, "diet_glutenfree": false, "diet_halal": false, "unit_id": "24062D04-"}}, {"type": "Feature", "geometry": {"type": "Point", "coordinates": [4.7159815, 50.881375]}, "properties": {"name": "Leuven", "spot_type": null, "is_eatery": false, "is_gastro": false, "is_retail": false, "is_transit": true, "is_office": false, "diet_vegan": false, "diet_vegetarian": false, "diet_glutenfree": false, "diet_halal": false, "unit_id": "24062A17-"}}, {"type": "Feature", "geometry": {"type": "Point", "coordinates": [4.7163308, 50.8814301]}, "properties": {"name": "Leuven", "spot_type": null, "is_eatery": false, "is_gastro": false, "is_retail": false, "is_transit": true, "is_office": false, "diet_vegan": false, "diet_vegetarian": false, "diet_glutenfree": false, "diet_halal": false, "unit_id": "24062A17-"}}, {"type": "Feature", "geometry": {"type": "Point", "coordinates": [4.7161893, 50.8814094]}, "properties": {"name": "Leuven", "spot_type": null, "is_eatery": false, "is_gastro": false, "is_retail": false, "is_transit": true, "is_office": false, "diet_vegan": false, "diet_vegetarian": false, "diet_glutenfree": false, "diet_halal": false, "unit_id": "24062A17-"}}, {"type": "Feature", "geometry": {"type": "Point", "coordinates": [4.6802843, 50.8998471]}, "properties": {"name": "Herent Rijweg", "spot_type": null, "is_eatery": false, "is_gastro": false, "is_retail": false, "is_transit": true, "is_office": false, "diet_vegan": false, "diet_vegetarian": false, "diet_glutenfree": false, "diet_halal": false, "unit_id": "24038A112"}}, {"type": "Feature", "geometry": {"type": "Point", "coordinates": [4.6800762, 50.8998026]}, "properties": {"name": "Herent Rijweg", "spot_type": null, "is_eatery": false, "is_gastro": false, "is_retail": false, "is_transit": true, "is_office": false, "diet_vegan": false, "diet_vegetarian": false, "diet_glutenfree": false, "diet_halal": false, "unit_id": "24038A10-"}}, {"type": "Feature", "geometry": {"type": "Point", "coordinates": [4.6692069, 50.9063631]}, "properties": {"name": "Herent Dorp", "spot_type": null, "is_eatery": false, "is_gastro": false, "is_retail": false, "is_transit": true, "is_office": false, "diet_vegan": false, "diet_vegetarian": false, "diet_glutenfree": false, "diet_halal": false, "unit_id": "24038A00-"}}, {"type": "Feature", "geometry": {"type": "Point", "coordinates": [4.6656686, 50.9055125]}, "properties": {"name": "Herent Den Bremt", "spot_type": null, "is_eatery": false, "is_gastro": false, "is_retail": false, "is_transit": true, "is_office": false, "diet_vegan": false, "diet_vegetarian": false, "diet_glutenfree": false, "diet_halal": false, "unit_id": "24038A00-"}}, {"type": "Feature", "geometry": {"type": "Point", "coordinates": [4.6638698, 50.9055355]}, "properties": {"name": "Herent Wijk Den Bremt", "spot_type": null, "is_eatery": false, "is_gastro": false, "is_retail": false, "is_transit": true, "is_office": false, "diet_vegan": false, "diet_vegetarian": false, "diet_glutenfree": false, "diet_halal": false, "unit_id": "24038A022"}}, {"type": "Feature", "geometry": {"type": "Point", "coordinates": [4.7158882, 50.850373]}, "properties": {"name": "Heverlee Schaatsbaan", "spot_type": null, "is_eatery": false, "is_gastro": false, "is_retail": false, "is_transit": true, "is_office": false, "diet_vegan": false, "diet_vegetarian": false, "diet_glutenfree": false, "diet_halal": false, "unit_id": "24062E774"}}, {"type": "Feature", "geometry": {"type": "Point", "coordinates": [4.7195427, 50.8506389]}, "properties": {"name": "Heverlee Ambachtenlaan", "spot_type": null, "is_eatery": false, "is_gastro": false, "is_retail": false, "is_transit": true, "is_office": false, "diet_vegan": false, "diet_vegetarian": false, "diet_glutenfree": false, "diet_halal": false, "unit_id": "24062E774"}}, {"type": "Feature", "geometry": {"type": "Point", "coordinates": [4.7332695, 50.8484386]}, "properties": {"name": "Colruyt Collishop afhaalpunt", "spot_type": null, "is_eatery": false, "is_gastro": false, "is_retail": true, "is_transit": false, "is_office": false, "diet_vegan": false, "diet_vegetarian": false, "diet_glutenfree": false, "diet_halal": false, "unit_id": "24062E774"}}, {"type": "Feature", "geometry": {"type": "Point", "coordinates": [4.7260019, 50.851726]}, "properties": {"name": "Icos a KLA+ division", "spot_type": null, "is_eatery": false, "is_gastro": false, "is_retail": false, "is_transit": false, "is_office": true, "diet_vegan": false, "diet_vegetarian": false, "diet_glutenfree": false, "diet_halal": false, "unit_id": "24062E774"}}, {"type": "Feature", "geometry": {"type": "Point", "coordinates": [4.7042612, 50.8795732]}, "properties": {"name": null, "spot_type": null, "is_eatery": false, "is_gastro": false, "is_retail": false, "is_transit": false, "is_office": true, "diet_vegan": false, "diet_vegetarian": false, "diet_glutenfree": false, "diet_halal": false, "unit_id": "24062A20-"}}, {"type": "Feature", "geometry": {"type": "Point", "coordinates": [4.7043547, 50.8795843]}, "properties": {"name": "Boekenvoordeel", "spot_type": null, "is_eatery": false, "is_gastro": false, "is_retail": true, "is_transit": false, "is_office": false, "diet_vegan": false, "diet_vegetarian": false, "diet_glutenfree": false, "diet_halal": false, "unit_id": "24062A20-"}}, {"type": "Feature", "geometry": {"type": "Point", "coordinates": [4.699807, 50.8725657]}, "properties": {"name": "Leuven Heilig Hartkliniek", "spot_type": null, "is_eatery": false, "is_gastro": false, "is_retail": false, "is_transit": true, "is_office": false, "diet_vegan": false, "diet_vegetarian": false, "diet_glutenfree": false, "diet_halal": false, "unit_id": "24062A41-"}}, {"type": "Feature", "geometry": {"type": "Point", "coordinates": [4.6997615, 50.8729527]}, "properties": {"name": "Leuven Heilig Hartkliniek", "spot_type": null, "is_eatery": false, "is_gastro": false, "is_retail": false, "is_transit": true, "is_office": false, "diet_vegan": false, "diet_vegetarian": false, "diet_glutenfree": false, "diet_halal": false, "unit_id": "24062A41-"}}, {"type": "Feature", "geometry": {"type": "Point", "coordinates": [4.67865, 50.8841]}, "properties": {"name": "Leuven KBC", "spot_type": null, "is_eatery": false, "is_gastro": false, "is_retail": false, "is_transit": true, "is_office": false, "diet_vegan": false, "diet_vegetarian": false, "diet_glutenfree": false, "diet_halal": false, "unit_id": "24062A61-"}}, {"type": "Feature", "geometry": {"type": "Point", "coordinates": [4.683828, 50.8829488]}, "properties": {"name": "Leuven Brusselsepoort", "spot_type": null, "is_eatery": false, "is_gastro": false, "is_retail": false, "is_transit": true, "is_office": false, "diet_vegan": false, "diet_vegetarian": false, "diet_glutenfree": false, "diet_halal": false, "unit_id": "24062A61-"}}, {"type": "Feature", "geometry": {"type": "Point", "coordinates": [4.6848053, 50.8828219]}, "properties": {"name": "Leuven Brusselsepoort", "spot_type": null, "is_eatery": false, "is_gastro": false, "is_retail": false, "is_transit": true, "is_office": false, "diet_vegan": false, "diet_vegetarian": false, "diet_glutenfree": false, "diet_halal": false, "unit_id": "24062A54-"}}, {"type": "Feature", "geometry": {"type": "Point", "coordinates": [4.6890625, 50.8817687]}, "properties": {"name": "Leuven Goudsbloemstraat", "spot_type": null, "is_eatery": false, "is_gastro": false, "is_retail": false, "is_transit": true, "is_office": false, "diet_vegan": false, "diet_vegetarian": false, "diet_glutenfree": false, "diet_halal": false, "unit_id": "24062A53-"}}, {"type": "Feature", "geometry": {"type": "Point", "coordinates": [4.689082, 50.881863]}, "properties": {"name": "Leuven Goudsbloemstraat", "spot_type": null, "is_eatery": false, "is_gastro": false, "is_retail": false, "is_transit": true, "is_office": false, "diet_vegan": false, "diet_vegetarian": false, "diet_glutenfree": false, "diet_halal": false, "unit_id": "24062A54-"}}, {"type": "Feature", "geometry": {"type": "Point", "coordinates": [4.6858748, 50.8798689]}, "properties": {"name": "Leuven Groefstraat", "spot_type": null, "is_eatery": false, "is_gastro": false, "is_retail": false, "is_transit": true, "is_office": false, "diet_vegan": false, "diet_vegetarian": false, "diet_glutenfree": false, "diet_halal": false, "unit_id": "24062A53-"}}, {"type": "Feature", "geometry": {"type": "Point", "coordinates": [4.6859603, 50.8797888]}, "properties": {"name": "Leuven Groefstraat", "spot_type": null, "is_eatery": false, "is_gastro": false, "is_retail": false, "is_transit": true, "is_office": false, "diet_vegan": false, "diet_vegetarian": false, "diet_glutenfree": false, "diet_halal": false, "unit_id": "24062A53-"}}, {"type": "Feature", "geometry": {"type": "Point", "coordinates": [4.680101, 50.8799003]}, "properties": {"name": "Leuven Lemmensinstituut", "spot_type": null, "is_eatery": false, "is_gastro": false, "is_retail": false, "is_transit": true, "is_office": false, "diet_vegan": false, "diet_vegetarian": false, "diet_glutenfree": false, "diet_halal": false, "unit_id": "24062A61-"}}, {"type": "Feature", "geometry": {"type": "Point", "coordinates": [4.6836881, 50.8774642]}, "properties": {"name": "Leuven Tervuursepoort", "spot_type": null, "is_eatery": false, "is_gastro": false, "is_retail": false, "is_transit": true, "is_office": false, "diet_vegan": false, "diet_vegetarian": false, "diet_glutenfree": false, "diet_halal": false, "unit_id": "24062A61-"}}, {"type": "Feature", "geometry": {"type": "Point", "coordinates": [4.671133, 50.8745408]}, "properties": {"name": "Heverlee Berg Tabor", "spot_type": null, "is_eatery": false, "is_gastro": false, "is_retail": false, "is_transit": true, "is_office": false, "diet_vegan": false, "diet_vegetarian": false, "diet_glutenfree": false, "diet_halal": false, "unit_id": "24062D60-"}}, {"type": "Feature", "geometry": {"type": "Point", "coordinates": [4.6712828, 50.8746411]}, "properties": {"name": "Heverlee Berg Tabor", "spot_type": null, "is_eatery": false, "is_gastro": false, "is_retail": false, "is_transit": true, "is_office": false, "diet_vegan": false, "diet_vegetarian": false, "diet_glutenfree": false, "diet_halal": false, "unit_id": "24062D60-"}}, {"type": "Feature", "geometry": {"type": "Point", "coordinates": [4.6779402, 50.8755505]}, "properties": {"name": "Heverlee Egenhovenweg", "spot_type": null, "is_eatery": false, "is_gastro": false, "is_retail": false, "is_transit": true, "is_office": false, "diet_vegan": false, "diet_vegetarian": false, "diet_glutenfree": false, "diet_halal": false, "unit_id": "24062D60-"}}, {"type": "Feature", "geometry": {"type": "Point", "coordinates": [4.6721236, 50.8742883]}, "properties": {"name": "Heverlee Berg Tabor", "spot_type": null, "is_eatery": false, "is_gastro": false, "is_retail": false, "is_transit": true, "is_office": false, "diet_vegan": false, "diet_vegetarian": false, "diet_glutenfree": false, "diet_halal": false, "unit_id": "24062D60-"}}, {"type": "Feature", "geometry": {"type": "Point", "coordinates": [4.68057, 50.8641]}, "properties": {"name": "Heverlee Celestijnenlaan", "spot_type": null, "is_eatery": false, "is_gastro": false, "is_retail": false, "is_transit": true, "is_office": false, "diet_vegan": false, "diet_vegetarian": false, "diet_glutenfree": false, "diet_halal": false, "unit_id": "24062D410"}}, {"type": "Feature", "geometry": {"type": "Point", "coordinates": [4.663024, 50.87245]}, "properties": {"name": "Heverlee Sociale School", "spot_type": null, "is_eatery": false, "is_gastro": false, "is_retail": false, "is_transit": true, "is_office": false, "diet_vegan": false, "diet_vegetarian": false, "diet_glutenfree": false, "diet_halal": false, "unit_id": "24062D622"}}, {"type": "Feature", "geometry": {"type": "Point", "coordinates": [4.649209, 50.8695977]}, "properties": {"name": "Heverlee Bremstraat", "spot_type": null, "is_eatery": false, "is_gastro": false, "is_retail": false, "is_transit": true, "is_office": false, "diet_vegan": false, "diet_vegetarian": false, "diet_glutenfree": false, "diet_halal": false, "unit_id": "24062D691"}}, {"type": "Feature", "geometry": {"type": "Point", "coordinates": [4.6655201, 50.9055238]}, "properties": {"name": "Herent Den Bremt", "spot_type": null, "is_eatery": false, "is_gastro": false, "is_retail": false, "is_transit": true, "is_office": false, "diet_vegan": false, "diet_vegetarian": false, "diet_glutenfree": false, "diet_halal": false, "unit_id": "24038A022"}}, {"type": "Feature", "geometry": {"type": "Point", "coordinates": [4.6764554, 50.8789886]}, "properties": {"name": "Leuven Gasthuisberg Kliniek", "spot_type": null, "is_eatery": false, "is_gastro": false, "is_retail": false, "is_transit": true, "is_office": false, "diet_vegan": false, "diet_vegetarian": false, "diet_glutenfree": false, "diet_halal": false, "unit_id": "24062D633"}}, {"type": "Feature", "geometry": {"type": "Point", "coordinates": [4.6763269, 50.8790264]}, "properties": {"name": null, "spot_type": null, "is_eatery": false, "is_gastro": false, "is_retail": false, "is_transit": true, "is_office": false, "diet_vegan": false, "diet_vegetarian": false, "diet_glutenfree": false, "diet_halal": false, "unit_id": "24062D633"}}, {"type": "Feature", "geometry": {"type": "Point", "coordinates": [4.7064005, 50.8602208]}, "properties": {"name": "Heverlee Leeuwerikenstraat", "spot_type": null, "is_eatery": false, "is_gastro": false, "is_retail": false, "is_transit": true, "is_office": false, "diet_vegan": false, "diet_vegetarian": false, "diet_glutenfree": false, "diet_halal": false, "unit_id": "24062D22-"}}, {"type": "Feature", "geometry": {"type": "Point", "coordinates": [4.7052101, 50.8564251]}, "properties": {"name": "Heverlee Kazerne (Heilig Hart)", "spot_type": null, "is_eatery": false, "is_gastro": false, "is_retail": false, "is_transit": true, "is_office": false, "diet_vegan": false, "diet_vegetarian": false, "diet_glutenfree": false, "diet_halal": false, "unit_id": "24062D22-"}}, {"type": "Feature", "geometry": {"type": "Point", "coordinates": [4.7053815, 50.8564434]}, "properties": {"name": "Heverlee Kazerne (Heilig Hart)", "spot_type": null, "is_eatery": false, "is_gastro": false, "is_retail": false, "is_transit": true, "is_office": false, "diet_vegan": false, "diet_vegetarian": false, "diet_glutenfree": false, "diet_halal": false, "unit_id": "24062D290"}}, {"type": "Feature", "geometry": {"type": "Point", "coordinates": [4.706498, 50.8602965]}, "properties": {"name": "Heverlee Leeuwerikenstraat", "spot_type": null, "is_eatery": false, "is_gastro": false, "is_retail": false, "is_transit": true, "is_office": false, "diet_vegan": false, "diet_vegetarian": false, "diet_glutenfree": false, "diet_halal": false, "unit_id": "24062D22-"}}, {"type": "Feature", "geometry": {"type": "Point", "coordinates": [4.6641089, 50.8680956]}, "properties": {"name": "Evangelische Theologische Faculteit", "spot_type": null, "is_eatery": false, "is_gastro": false, "is_retail": false, "is_transit": false, "is_office": true, "diet_vegan": false, "diet_vegetarian": false, "diet_glutenfree": false, "diet_halal": false, "unit_id": "24062D691"}}, {"type": "Feature", "geometry": {"type": "Point", "coordinates": [4.6954501, 50.8481406]}, "properties": {"name": "Heverlee De Jacht", "spot_type": null, "is_eatery": false, "is_gastro": false, "is_retail": false, "is_transit": true, "is_office": false, "diet_vegan": false, "diet_vegetarian": false, "diet_glutenfree": false, "diet_halal": false, "unit_id": "24062D310"}}, {"type": "Feature", "geometry": {"type": "Point", "coordinates": [4.6957571, 50.859045]}, "properties": {"name": "Heverlee Heilig Hartinstituut", "spot_type": null, "is_eatery": false, "is_gastro": false, "is_retail": false, "is_transit": true, "is_office": false, "diet_vegan": false, "diet_vegetarian": false, "diet_glutenfree": false, "diet_halal": false, "unit_id": "24062D03-"}}, {"type": "Feature", "geometry": {"type": "Point", "coordinates": [4.6834778, 50.8631001]}, "properties": {"name": "Architectuur, Stedenbouw en Ruimtelijke Ordening", "spot_type": null, "is_eatery": false, "is_gastro": false, "is_retail": false, "is_transit": false, "is_office": true, "diet_vegan": false, "diet_vegetarian": false, "diet_glutenfree": false, "diet_halal": false, "unit_id": "24062D410"}}, {"type": "Feature", "geometry": {"type": "Point", "coordinates": [4.6960089, 50.8585804]}, "properties": {"name": "Snackbar Stefnick", "spot_type": null, "is_eatery": true, "is_gastro": true, "is_retail": false, "is_transit": false, "is_office": false, "diet_vegan": false, "diet_vegetarian": false, "diet_glutenfree": false, "diet_halal": false, "unit_id": "24062D03-"}}, {"type": "Feature", "geometry": {"type": "Point", "coordinates": [4.7182702, 50.8835179]}, "properties": {"name": "Accent Medical Services", "spot_type": null, "is_eatery": false, "is_gastro": false, "is_retail": false, "is_transit": false, "is_office": true, "diet_vegan": false, "diet_vegetarian": false, "diet_glutenfree": false, "diet_halal": false, "unit_id": "24062C00-"}}, {"type": "Feature", "geometry": {"type": "Point", "coordinates": [4.732152, 50.8468383]}, "properties": {"name": "Haasrode Terumo", "spot_type": null, "is_eatery": false, "is_gastro": false, "is_retail": false, "is_transit": true, "is_office": false, "diet_vegan": false, "diet_vegetarian": false, "diet_glutenfree": false, "diet_halal": false, "unit_id": "24062E774"}}, {"type": "Feature", "geometry": {"type": "Point", "coordinates": [4.7318706, 50.8467447]}, "properties": {"name": "Haasrode Terumo", "spot_type": null, "is_eatery": false, "is_gastro": false, "is_retail": false, "is_transit": true, "is_office": false, "diet_vegan": false, "diet_vegetarian": false, "diet_glutenfree": false, "diet_halal": false, "unit_id": "24062E774"}}, {"type": "Feature", "geometry": {"type": "Point", "coordinates": [4.6629265, 50.8876211]}, "properties": {"name": "Herent Grote Molenweg", "spot_type": null, "is_eatery": false, "is_gastro": false, "is_retail": false, "is_transit": true, "is_office": false, "diet_vegan": false, "diet_vegetarian": false, "diet_glutenfree": false, "diet_halal": false, "unit_id": "24038A22-"}}, {"type": "Feature", "geometry": {"type": "Point", "coordinates": [4.7304798, 50.893999]}, "properties": {"name": "Kessel-Lo Provinciaal Recreatiecentrum", "spot_type": null, "is_eatery": false, "is_gastro": false, "is_retail": false, "is_transit": true, "is_office": false, "diet_vegan": false, "diet_vegetarian": false, "diet_glutenfree": false, "diet_halal": false, "unit_id": "24062C50-"}}, {"type": "Feature", "geometry": {"type": "Point", "coordinates": [4.7299284, 50.8908632]}, "properties": {"name": "Kessel-Lo Gemeenteplein", "spot_type": null, "is_eatery": false, "is_gastro": false, "is_retail": false, "is_transit": true, "is_office": false, "diet_vegan": false, "diet_vegetarian": false, "diet_glutenfree": false, "diet_halal": false, "unit_id": "24062C10-"}}, {"type": "Feature", "geometry": {"type": "Point", "coordinates": [4.7298821, 50.891057]}, "properties": {"name": "Kessel-Lo Gemeenteplein", "spot_type": null, "is_eatery": false, "is_gastro": false, "is_retail": false, "is_transit": true, "is_office": false, "diet_vegan": false, "diet_vegetarian": false, "diet_glutenfree": false, "diet_halal": false, "unit_id": "24062C10-"}}, {"type": "Feature", "geometry": {"type": "Point", "coordinates": [4.7151342, 50.8596468]}, "properties": {"name": "C.D.I.-Bwamanda-Belgium vzw", "spot_type": null, "is_eatery": false, "is_gastro": false, "is_retail": false, "is_transit": false, "is_office": true, "diet_vegan": false, "diet_vegetarian": false, "diet_glutenfree": false, "diet_halal": false, "unit_id": "24062D209"}}, {"type": "Feature", "geometry": {"type": "Point", "coordinates": [4.728332, 50.847877]}, "properties": {"name": "Erasmushogeschool Brussel (campus Leuven)", "spot_type": null, "is_eatery": false, "is_gastro": false, "is_retail": false, "is_transit": false, "is_office": true, "diet_vegan": false, "diet_vegetarian": false, "diet_glutenfree": false, "diet_halal": false, "unit_id": "24062E774"}}, {"type": "Feature", "geometry": {"type": "Point", "coordinates": [4.6570129, 50.9147419]}, "properties": {"name": "Herent Agra", "spot_type": null, "is_eatery": false, "is_gastro": false, "is_retail": false, "is_transit": true, "is_office": false, "diet_vegan": false, "diet_vegetarian": false, "diet_glutenfree": false, "diet_halal": false, "unit_id": "24038A0AA"}}, {"type": "Feature", "geometry": {"type": "Point", "coordinates": [4.6614187, 50.9116916]}, "properties": {"name": "Herent Kempen", "spot_type": null, "is_eatery": false, "is_gastro": false, "is_retail": false, "is_transit": true, "is_office": false, "diet_vegan": false, "diet_vegetarian": false, "diet_glutenfree": false, "diet_halal": false, "unit_id": "24038A022"}}, {"type": "Feature", "geometry": {"type": "Point", "coordinates": [4.6667928, 50.9010309]}, "properties": {"name": "Herent Myrna Mack", "spot_type": null, "is_eatery": false, "is_gastro": false, "is_retail": false, "is_transit": true, "is_office": false, "diet_vegan": false, "diet_vegetarian": false, "diet_glutenfree": false, "diet_halal": false, "unit_id": "24038A133"}}, {"type": "Feature", "geometry": {"type": "Point", "coordinates": [4.662243, 50.9113908]}, "properties": {"name": "Herent Kempen", "spot_type": null, "is_eatery": false, "is_gastro": false, "is_retail": false, "is_transit": true, "is_office": false, "diet_vegan": false, "diet_vegetarian": false, "diet_glutenfree": false, "diet_halal": false, "unit_id": "24038A022"}}, {"type": "Feature", "geometry": {"type": "Point", "coordinates": [4.6574967, 50.9142256]}, "properties": {"name": "Herent Agra", "spot_type": null, "is_eatery": false, "is_gastro": false, "is_retail": false, "is_transit": true, "is_office": false, "diet_vegan": false, "diet_vegetarian": false, "diet_glutenfree": false, "diet_halal": false, "unit_id": "24038A0AA"}}, {"type": "Feature", "geometry": {"type": "Point", "coordinates": [4.6673431, 50.9010837]}, "properties": {"name": "Herent Myrna Mack", "spot_type": null, "is_eatery": false, "is_gastro": false, "is_retail": false, "is_transit": true, "is_office": false, "diet_vegan": false, "diet_vegetarian": false, "diet_glutenfree": false, "diet_halal": false, "unit_id": "24038A133"}}, {"type": "Feature", "geometry": {"type": "Point", "coordinates": [4.6690592, 50.9064444]}, "properties": {"name": "Herent Dorp", "spot_type": null, "is_eatery": false, "is_gastro": false, "is_retail": false, "is_transit": true, "is_office": false, "diet_vegan": false, "diet_vegetarian": false, "diet_glutenfree": false, "diet_halal": false, "unit_id": "24038A00-"}}, {"type": "Feature", "geometry": {"type": "Point", "coordinates": [4.6519533, 50.9177739]}, "properties": {"name": "Herent Valgaten", "spot_type": null, "is_eatery": false, "is_gastro": false, "is_retail": false, "is_transit": true, "is_office": false, "diet_vegan": false, "diet_vegetarian": false, "diet_glutenfree": false, "diet_halal": false, "unit_id": "24038A0AA"}}, {"type": "Feature", "geometry": {"type": "Point", "coordinates": [4.6416264, 50.9244221]}, "properties": {"name": "Winksele Ellestraat", "spot_type": null, "is_eatery": false, "is_gastro": false, "is_retail": false, "is_transit": true, "is_office": false, "diet_vegan": false, "diet_vegetarian": false, "diet_glutenfree": false, "diet_halal": false, "unit_id": "24038B102"}}, {"type": "Feature", "geometry": {"type": "Point", "coordinates": [4.6417423, 50.9245311]}, "properties": {"name": "Winksele Ellestraat", "spot_type": null, "is_eatery": false, "is_gastro": false, "is_retail": false, "is_transit": true, "is_office": false, "diet_vegan": false, "diet_vegetarian": false, "diet_glutenfree": false, "diet_halal": false, "unit_id": "24038B102"}}, {"type": "Feature", "geometry": {"type": "Point", "coordinates": [4.6515268, 50.9182536]}, "properties": {"name": "Herent Valgaten", "spot_type": null, "is_eatery": false, "is_gastro": false, "is_retail": false, "is_transit": true, "is_office": false, "diet_vegan": false, "diet_vegetarian": false, "diet_glutenfree": false, "diet_halal": false, "unit_id": "24038A0AA"}}, {"type": "Feature", "geometry": {"type": "Point", "coordinates": [4.692376, 50.9235418]}, "properties": {"name": "Pizza Roma", "spot_type": null, "is_eatery": true, "is_gastro": true, "is_retail": false, "is_transit": false, "is_office": false, "diet_vegan": false, "diet_vegetarian": false, "diet_glutenfree": false, "diet_halal": false, "unit_id": "24038A41-"}}, {"type": "Feature", "geometry": {"type": "Point", "coordinates": [4.7183789, 50.9016153]}, "properties": {"name": "Kessel-Lo Kesselsteinplein", "spot_type": null, "is_eatery": false, "is_gastro": false, "is_retail": false, "is_transit": true, "is_office": false, "diet_vegan": false, "diet_vegetarian": false, "diet_glutenfree": false, "diet_halal": false, "unit_id": "24062C51-"}}, {"type": "Feature", "geometry": {"type": "Point", "coordinates": [4.6918546, 50.8841401]}, "properties": {"name": "Nachtwinkel", "spot_type": null, "is_eatery": false, "is_gastro": false, "is_retail": true, "is_transit": false, "is_office": false, "diet_vegan": false, "diet_vegetarian": false, "diet_glutenfree": false, "diet_halal": false, "unit_id": "24062A54-"}}, {"type": "Feature", "geometry": {"type": "Point", "coordinates": [4.6924432, 50.8841875]}, "properties": {"name": "Baig Voeding", "spot_type": null, "is_eatery": false, "is_gastro": false, "is_retail": true, "is_transit": false, "is_office": false, "diet_vegan": false, "diet_vegetarian": false, "diet_glutenfree": false, "diet_halal": false, "unit_id": "24062A51-"}}, {"type": "Feature", "geometry": {"type": "Point", "coordinates": [4.7256473, 50.875967]}, "properties": {"name": "Kessel-Lo Koning Albertlaan", "spot_type": null, "is_eatery": false, "is_gastro": false, "is_retail": false, "is_transit": true, "is_office": false, "diet_vegan": false, "diet_vegetarian": false, "diet_glutenfree": false, "diet_halal": false, "unit_id": "24062C41-"}}, {"type": "Feature", "geometry": {"type": "Point", "coordinates": [4.6730253, 50.8809909]}, "properties": {"name": "Leuven Gasthuisberg Campus", "spot_type": null, "is_eatery": false, "is_gastro": false, "is_retail": false, "is_transit": true, "is_office": false, "diet_vegan": false, "diet_vegetarian": false, "diet_glutenfree": false, "diet_halal": false, "unit_id": "24062A61-"}}, {"type": "Feature", "geometry": {"type": "Point", "coordinates": [4.7186617, 50.8783216]}, "properties": {"name": "Kessel-Lo Park Belle-Vue", "spot_type": null, "is_eatery": false, "is_gastro": false, "is_retail": false, "is_transit": true, "is_office": false, "diet_vegan": false, "diet_vegetarian": false, "diet_glutenfree": false, "diet_halal": false, "unit_id": "24062C41-"}}, {"type": "Feature", "geometry": {"type": "Point", "coordinates": [4.7188585, 50.8782752]}, "properties": {"name": "Kessel-Lo Park Belle-Vue", "spot_type": null, "is_eatery": false, "is_gastro": false, "is_retail": false, "is_transit": true, "is_office": false, "diet_vegan": false, "diet_vegetarian": false, "diet_glutenfree": false, "diet_halal": false, "unit_id": "24062C41-"}}, {"type": "Feature", "geometry": {"type": "Point", "coordinates": [4.7294822, 50.8787478]}, "properties": {"name": "Kessel-Lo Prins Regentlaan", "spot_type": null, "is_eatery": false, "is_gastro": false, "is_retail": false, "is_transit": true, "is_office": false, "diet_vegan": false, "diet_vegetarian": false, "diet_glutenfree": false, "diet_halal": false, "unit_id": "24062C44-"}}, {"type": "Feature", "geometry": {"type": "Point", "coordinates": [4.7566347, 50.8759394]}, "properties": {"name": null, "spot_type": null, "is_eatery": false, "is_gastro": false, "is_retail": false, "is_transit": true, "is_office": false, "diet_vegan": false, "diet_vegetarian": false, "diet_glutenfree": false, "diet_halal": false, "unit_id": "24062C39-"}}, {"type": "Feature", "geometry": {"type": "Point", "coordinates": [4.7177071, 50.8813071]}, "properties": {"name": "Kessel-Lo Achterzijde Station", "spot_type": null, "is_eatery": false, "is_gastro": false, "is_retail": false, "is_transit": true, "is_office": false, "diet_vegan": false, "diet_vegetarian": false, "diet_glutenfree": false, "diet_halal": false, "unit_id": "24062C05-"}}, {"type": "Feature", "geometry": {"type": "Point", "coordinates": [4.7566944, 50.8760094]}, "properties": {"name": "Kessel-Lo Boven-Lo", "spot_type": null, "is_eatery": false, "is_gastro": false, "is_retail": false, "is_transit": true, "is_office": false, "diet_vegan": false, "diet_vegetarian": false, "diet_glutenfree": false, "diet_halal": false, "unit_id": "24062C39-"}}, {"type": "Feature", "geometry": {"type": "Point", "coordinates": [4.756058, 50.8763931]}, "properties": {"name": "Kessel-Lo Boven-Lo", "spot_type": null, "is_eatery": false, "is_gastro": false, "is_retail": false, "is_transit": true, "is_office": false, "diet_vegan": false, "diet_vegetarian": false, "diet_glutenfree": false, "diet_halal": false, "unit_id": "24062C39-"}}, {"type": "Feature", "geometry": {"type": "Point", "coordinates": [4.7533232, 50.8774343]}, "properties": {"name": "Kessel-Lo Kerk Heilige Familie", "spot_type": null, "is_eatery": false, "is_gastro": false, "is_retail": false, "is_transit": true, "is_office": false, "diet_vegan": false, "diet_vegetarian": false, "diet_glutenfree": false, "diet_halal": false, "unit_id": "24062C39-"}}, {"type": "Feature", "geometry": {"type": "Point", "coordinates": [4.7492593, 50.8791049]}, "properties": {"name": "Kessel-Lo Heiberg", "spot_type": null, "is_eatery": false, "is_gastro": false, "is_retail": false, "is_transit": true, "is_office": false, "diet_vegan": false, "diet_vegetarian": false, "diet_glutenfree": false, "diet_halal": false, "unit_id": "24062C32-"}}, {"type": "Feature", "geometry": {"type": "Point", "coordinates": [4.7232192, 50.8743441]}, "properties": {"name": "Kessel-Lo Guido Gezellelaan", "spot_type": null, "is_eatery": false, "is_gastro": false, "is_retail": false, "is_transit": true, "is_office": false, "diet_vegan": false, "diet_vegetarian": false, "diet_glutenfree": false, "diet_halal": false, "unit_id": "24062C41-"}}, {"type": "Feature", "geometry": {"type": "Point", "coordinates": [4.7231705, 50.8744708]}, "properties": {"name": "Kessel-Lo Guido Gezellelaan", "spot_type": null, "is_eatery": false, "is_gastro": false, "is_retail": false, "is_transit": true, "is_office": false, "diet_vegan": false, "diet_vegetarian": false, "diet_glutenfree": false, "diet_halal": false, "unit_id": "24062C41-"}}, {"type": "Feature", "geometry": {"type": "Point", "coordinates": [4.7262455, 50.8762608]}, "properties": {"name": "Kessel-Lo Koning Albertlaan", "spot_type": null, "is_eatery": false, "is_gastro": false, "is_retail": false, "is_transit": true, "is_office": false, "diet_vegan": false, "diet_vegetarian": false, "diet_glutenfree": false, "diet_halal": false, "unit_id": "24062C41-"}}, {"type": "Feature", "geometry": {"type": "Point", "coordinates": [4.71807, 50.8810035]}, "properties": {"name": "Kessel-Lo Achterzijde Station", "spot_type": null, "is_eatery": false, "is_gastro": false, "is_retail": false, "is_transit": true, "is_office": false, "diet_vegan": false, "diet_vegetarian": false, "diet_glutenfree": false, "diet_halal": false, "unit_id": "24062C05-"}}, {"type": "Feature", "geometry": {"type": "Point", "coordinates": [4.681614, 50.8559919]}, "properties": {"name": "Leuven Boskantlaan", "spot_type": null, "is_eatery": false, "is_gastro": false, "is_retail": false, "is_transit": true, "is_office": false, "diet_vegan": false, "diet_vegetarian": false, "diet_glutenfree": false, "diet_halal": false, "unit_id": "24062D04-"}}, {"type": "Feature", "geometry": {"type": "Point", "coordinates": [4.6821712, 50.8563345]}, "properties": {"name": "Heverlee Boskantlaan", "spot_type": null, "is_eatery": false, "is_gastro": false, "is_retail": false, "is_transit": true, "is_office": false, "diet_vegan": false, "diet_vegetarian": false, "diet_glutenfree": false, "diet_halal": false, "unit_id": "24062D04-"}}, {"type": "Feature", "geometry": {"type": "Point", "coordinates": [4.6923903, 50.855925]}, "properties": {"name": "Heverlee Middelweg", "spot_type": null, "is_eatery": false, "is_gastro": false, "is_retail": false, "is_transit": true, "is_office": false, "diet_vegan": false, "diet_vegetarian": false, "diet_glutenfree": false, "diet_halal": false, "unit_id": "24062D310"}}, {"type": "Feature", "geometry": {"type": "Point", "coordinates": [4.6677853, 50.9076544]}, "properties": {"name": "Herent Keiberg", "spot_type": null, "is_eatery": false, "is_gastro": false, "is_retail": false, "is_transit": true, "is_office": false, "diet_vegan": false, "diet_vegetarian": false, "diet_glutenfree": false, "diet_halal": false, "unit_id": "24038A00-"}}, {"type": "Feature", "geometry": {"type": "Point", "coordinates": [4.6679622, 50.9076844]}, "properties": {"name": "Herent Keiberg", "spot_type": null, "is_eatery": false, "is_gastro": false, "is_retail": false, "is_transit": true, "is_office": false, "diet_vegan": false, "diet_vegetarian": false, "diet_glutenfree": false, "diet_halal": false, "unit_id": "24038A00-"}}, {"type": "Feature", "geometry": {"type": "Point", "coordinates": [4.6735102, 50.9105095]}, "properties": {"name": "Carrefour", "spot_type": null, "is_eatery": false, "is_gastro": false, "is_retail": true, "is_transit": false, "is_office": false, "diet_vegan": false, "diet_vegetarian": false, "diet_glutenfree": false, "diet_halal": false, "unit_id": "24038A022"}}, {"type": "Feature", "geometry": {"type": "Point", "coordinates": [4.6469173, 50.8912566]}, "properties": {"name": null, "spot_type": null, "is_eatery": false, "is_gastro": false, "is_retail": false, "is_transit": true, "is_office": false, "diet_vegan": false, "diet_vegetarian": false, "diet_glutenfree": false, "diet_halal": false, "unit_id": "24038B012"}}, {"type": "Feature", "geometry": {"type": "Point", "coordinates": [4.6432881, 50.8978229]}, "properties": {"name": null, "spot_type": null, "is_eatery": false, "is_gastro": false, "is_retail": false, "is_transit": true, "is_office": false, "diet_vegan": false, "diet_vegetarian": false, "diet_glutenfree": false, "diet_halal": false, "unit_id": "24038B00-"}}, {"type": "Feature", "geometry": {"type": "Point", "coordinates": [4.6709073, 50.8858268]}, "properties": {"name": "Herent Diependaal", "spot_type": null, "is_eatery": false, "is_gastro": false, "is_retail": false, "is_transit": true, "is_office": false, "diet_vegan": false, "diet_vegetarian": false, "diet_glutenfree": false, "diet_halal": false, "unit_id": "24038A22-"}}, {"type": "Feature", "geometry": {"type": "Point", "coordinates": [4.642774, 50.8957495]}, "properties": {"name": "Winksele Heidestraat", "spot_type": null, "is_eatery": false, "is_gastro": false, "is_retail": false, "is_transit": true, "is_office": false, "diet_vegan": false, "diet_vegetarian": false, "diet_glutenfree": false, "diet_halal": false, "unit_id": "24038B012"}}, {"type": "Feature", "geometry": {"type": "Point", "coordinates": [4.749845, 50.8942911]}, "properties": {"name": "Linden Kortrijkstraat", "spot_type": null, "is_eatery": false, "is_gastro": false, "is_retail": false, "is_transit": true, "is_office": false, "diet_vegan": false, "diet_vegetarian": false, "diet_glutenfree": false, "diet_halal": false, "unit_id": "24066D10-"}}, {"type": "Feature", "geometry": {"type": "Point", "coordinates": [4.7399767, 50.8911637]}, "properties": {"name": "Kessel-Lo Paradaens", "spot_type": null, "is_eatery": false, "is_gastro": false, "is_retail": false, "is_transit": true, "is_office": false, "diet_vegan": false, "diet_vegetarian": false, "diet_glutenfree": false, "diet_halal": false, "unit_id": "24062C13-"}}, {"type": "Feature", "geometry": {"type": "Point", "coordinates": [4.7361722, 50.8886312]}, "properties": {"name": "Kessel-Lo Raadhuislaan", "spot_type": null, "is_eatery": false, "is_gastro": false, "is_retail": false, "is_transit": true, "is_office": false, "diet_vegan": false, "diet_vegetarian": false, "diet_glutenfree": false, "diet_halal": false, "unit_id": "24062C11-"}}, {"type": "Feature", "geometry": {"type": "Point", "coordinates": [4.7360838, 50.8888048]}, "properties": {"name": "Kessel-Lo Raadhuislaan", "spot_type": null, "is_eatery": false, "is_gastro": false, "is_retail": false, "is_transit": true, "is_office": false, "diet_vegan": false, "diet_vegetarian": false, "diet_glutenfree": false, "diet_halal": false, "unit_id": "24062C11-"}}, {"type": "Feature", "geometry": {"type": "Point", "coordinates": [4.7364589, 50.845068]}, "properties": {"name": "MinDCet NV", "spot_type": null, "is_eatery": false, "is_gastro": false, "is_retail": false, "is_transit": false, "is_office": true, "diet_vegan": false, "diet_vegetarian": false, "diet_glutenfree": false, "diet_halal": false, "unit_id": "24062E774"}}, {"type": "Feature", "geometry": {"type": "Point", "coordinates": [4.7094507, 50.9030069]}, "properties": {"name": null, "spot_type": null, "is_eatery": false, "is_gastro": false, "is_retail": false, "is_transit": true, "is_office": false, "diet_vegan": false, "diet_vegetarian": false, "diet_glutenfree": false, "diet_halal": false, "unit_id": "24062B08-"}}, {"type": "Feature", "geometry": {"type": "Point", "coordinates": [4.6699698, 50.8439728]}, "properties": {"name": "Oud-Heverlee Genenhoek", "spot_type": null, "is_eatery": false, "is_gastro": false, "is_retail": false, "is_transit": true, "is_office": false, "diet_vegan": false, "diet_vegetarian": false, "diet_glutenfree": false, "diet_halal": false, "unit_id": "24086A012"}}, {"type": "Feature", "geometry": {"type": "Point", "coordinates": [4.6880397, 50.8589145]}, "properties": {"name": "Heverlee Leopold III/Englebert", "spot_type": null, "is_eatery": false, "is_gastro": false, "is_retail": false, "is_transit": true, "is_office": false, "diet_vegan": false, "diet_vegetarian": false, "diet_glutenfree": false, "diet_halal": false, "unit_id": "24062D04-"}}, {"type": "Feature", "geometry": {"type": "Point", "coordinates": [4.6878248, 50.858915]}, "properties": {"name": "Heverlee Leopold III/Englebert", "spot_type": null, "is_eatery": false, "is_gastro": false, "is_retail": false, "is_transit": true, "is_office": false, "diet_vegan": false, "diet_vegetarian": false, "diet_glutenfree": false, "diet_halal": false, "unit_id": "24062D04-"}}, {"type": "Feature", "geometry": {"type": "Point", "coordinates": [4.6816643, 50.905372]}, "properties": {"name": "La Bottega Italiana", "spot_type": null, "is_eatery": true, "is_gastro": true, "is_retail": false, "is_transit": false, "is_office": false, "diet_vegan": false, "diet_vegetarian": false, "diet_glutenfree": false, "diet_halal": false, "unit_id": "24038A011"}}, {"type": "Feature", "geometry": {"type": "Point", "coordinates": [4.7487753, 50.8790324]}, "properties": {"name": "Kessel-Lo Heiberg", "spot_type": null, "is_eatery": false, "is_gastro": false, "is_retail": false, "is_transit": true, "is_office": false, "diet_vegan": false, "diet_vegetarian": false, "diet_glutenfree": false, "diet_halal": false, "unit_id": "24062C32-"}}, {"type": "Feature", "geometry": {"type": "Point", "coordinates": [4.6406134, 50.8625566]}, "properties": {"name": null, "spot_type": null, "is_eatery": false, "is_gastro": false, "is_retail": false, "is_transit": true, "is_office": false, "diet_vegan": false, "diet_vegetarian": false, "diet_glutenfree": false, "diet_halal": false, "unit_id": "24009A022"}}, {"type": "Feature", "geometry": {"type": "Point", "coordinates": [4.7075612, 50.8749856]}, "properties": {"name": "Leuven Campus Vesalius", "spot_type": null, "is_eatery": false, "is_gastro": false, "is_retail": false, "is_transit": true, "is_office": false, "diet_vegan": false, "diet_vegetarian": false, "diet_glutenfree": false, "diet_halal": false, "unit_id": "24062A35-"}}, {"type": "Feature", "geometry": {"type": "Point", "coordinates": [4.7080596, 50.8754874]}, "properties": {"name": "Leuven Campus Vesalius", "spot_type": null, "is_eatery": false, "is_gastro": false, "is_retail": false, "is_transit": true, "is_office": false, "diet_vegan": false, "diet_vegetarian": false, "diet_glutenfree": false, "diet_halal": false, "unit_id": "24062A30-"}}, {"type": "Feature", "geometry": {"type": "Point", "coordinates": [4.6925745, 50.8838425]}, "properties": {"name": "Leuven Delvauxwijk", "spot_type": null, "is_eatery": false, "is_gastro": false, "is_retail": false, "is_transit": true, "is_office": false, "diet_vegan": false, "diet_vegetarian": false, "diet_glutenfree": false, "diet_halal": false, "unit_id": "24062A51-"}}, {"type": "Feature", "geometry": {"type": "Point", "coordinates": [4.6918553, 50.8844081]}, "properties": {"name": "Leuven Delvauxwijk", "spot_type": null, "is_eatery": false, "is_gastro": false, "is_retail": false, "is_transit": true, "is_office": false, "diet_vegan": false, "diet_vegetarian": false, "diet_glutenfree": false, "diet_halal": false, "unit_id": "24062A54-"}}, {"type": "Feature", "geometry": {"type": "Point", "coordinates": [4.69764, 50.8839]}, "properties": {"name": "Leuven Half Maartstraat", "spot_type": null, "is_eatery": false, "is_gastro": false, "is_retail": false, "is_transit": true, "is_office": false, "diet_vegan": false, "diet_vegetarian": false, "diet_glutenfree": false, "diet_halal": false, "unit_id": "24062A51-"}}, {"type": "Feature", "geometry": {"type": "Point", "coordinates": [4.6978223, 50.8838907]}, "properties": {"name": "Leuven Half Maartstraat", "spot_type": null, "is_eatery": false, "is_gastro": false, "is_retail": false, "is_transit": true, "is_office": false, "diet_vegan": false, "diet_vegetarian": false, "diet_glutenfree": false, "diet_halal": false, "unit_id": "24062A51-"}}, {"type": "Feature", "geometry": {"type": "Point", "coordinates": [4.6878276, 50.8724826]}, "properties": {"name": "Leuven Bodart", "spot_type": null, "is_eatery": false, "is_gastro": false, "is_retail": false, "is_transit": true, "is_office": false, "diet_vegan": false, "diet_vegetarian": false, "diet_glutenfree": false, "diet_halal": false, "unit_id": "24062D644"}}, {"type": "Feature", "geometry": {"type": "Point", "coordinates": [4.6878548, 50.8727013]}, "properties": {"name": "Leuven Bodart", "spot_type": null, "is_eatery": false, "is_gastro": false, "is_retail": false, "is_transit": true, "is_office": false, "diet_vegan": false, "diet_vegetarian": false, "diet_glutenfree": false, "diet_halal": false, "unit_id": "24062D644"}}, {"type": "Feature", "geometry": {"type": "Point", "coordinates": [4.7532879, 50.8775229]}, "properties": {"name": "Kessel-Lo Kerk Heilige Familie", "spot_type": null, "is_eatery": false, "is_gastro": false, "is_retail": false, "is_transit": true, "is_office": false, "diet_vegan": false, "diet_vegetarian": false, "diet_glutenfree": false, "diet_halal": false, "unit_id": "24062C39-"}}, {"type": "Feature", "geometry": {"type": "Point", "coordinates": [4.6992367, 50.9104591]}, "properties": {"name": "Wilsele Langveld", "spot_type": null, "is_eatery": false, "is_gastro": false, "is_retail": false, "is_transit": true, "is_office": false, "diet_vegan": false, "diet_vegetarian": false, "diet_glutenfree": false, "diet_halal": false, "unit_id": "24062B391"}}, {"type": "Feature", "geometry": {"type": "Point", "coordinates": [4.69914, 50.9106618]}, "properties": {"name": "Wilsele Langveld", "spot_type": null, "is_eatery": false, "is_gastro": false, "is_retail": false, "is_transit": true, "is_office": false, "diet_vegan": false, "diet_vegetarian": false, "diet_glutenfree": false, "diet_halal": false, "unit_id": "24062B391"}}, {"type": "Feature", "geometry": {"type": "Point", "coordinates": [4.7199649, 50.8551084]}, "properties": {"name": "Heverlee Sint-Albertus College", "spot_type": null, "is_eatery": false, "is_gastro": false, "is_retail": false, "is_transit": true, "is_office": false, "diet_vegan": false, "diet_vegetarian": false, "diet_glutenfree": false, "diet_halal": false, "unit_id": "24062E774"}}, {"type": "Feature", "geometry": {"type": "Point", "coordinates": [4.7198522, 50.8987858]}, "properties": {"name": "Kessel-Lo Sparrenboslaan", "spot_type": null, "is_eatery": false, "is_gastro": false, "is_retail": false, "is_transit": true, "is_office": false, "diet_vegan": false, "diet_vegetarian": false, "diet_glutenfree": false, "diet_halal": false, "unit_id": "24062C51-"}}, {"type": "Feature", "geometry": {"type": "Point", "coordinates": [4.7507702, 50.8619477]}, "properties": {"name": "Korbeek-Lo Stichelweg", "spot_type": null, "is_eatery": false, "is_gastro": false, "is_retail": false, "is_transit": true, "is_office": false, "diet_vegan": false, "diet_vegetarian": false, "diet_glutenfree": false, "diet_halal": false, "unit_id": "24011B211"}}, {"type": "Feature", "geometry": {"type": "Point", "coordinates": [4.6839938, 50.8765864]}, "properties": {"name": "Leuven Tervuursepoort", "spot_type": null, "is_eatery": false, "is_gastro": false, "is_retail": false, "is_transit": true, "is_office": false, "diet_vegan": false, "diet_vegetarian": false, "diet_glutenfree": false, "diet_halal": false, "unit_id": "24062D60-"}}, {"type": "Feature", "geometry": {"type": "Point", "coordinates": [4.6833429, 50.8769926]}, "properties": {"name": "Leuven Tervuursepoort", "spot_type": null, "is_eatery": false, "is_gastro": false, "is_retail": false, "is_transit": true, "is_office": false, "diet_vegan": false, "diet_vegetarian": false, "diet_glutenfree": false, "diet_halal": false, "unit_id": "24062D60-"}}, {"type": "Feature", "geometry": {"type": "Point", "coordinates": [4.7243657, 50.8881627]}, "properties": {"name": "Kessel-Lo Van Rodestraat", "spot_type": null, "is_eatery": false, "is_gastro": false, "is_retail": false, "is_transit": true, "is_office": false, "diet_vegan": false, "diet_vegetarian": false, "diet_glutenfree": false, "diet_halal": false, "unit_id": "24062C03-"}}, {"type": "Feature", "geometry": {"type": "Point", "coordinates": [4.6753328, 50.9038867]}, "properties": {"name": "Herent", "spot_type": null, "is_eatery": false, "is_gastro": false, "is_retail": false, "is_transit": true, "is_office": false, "diet_vegan": false, "diet_vegetarian": false, "diet_glutenfree": false, "diet_halal": false, "unit_id": "24038A00-"}}, {"type": "Feature", "geometry": {"type": "Point", "coordinates": [4.7022322, 50.8973102]}, "properties": {"name": "Wilsele Sint-Martinuskerk", "spot_type": null, "is_eatery": false, "is_gastro": false, "is_retail": false, "is_transit": true, "is_office": false, "diet_vegan": false, "diet_vegetarian": false, "diet_glutenfree": false, "diet_halal": false, "unit_id": "24062B300"}}, {"type": "Feature", "geometry": {"type": "Point", "coordinates": [4.7021491, 50.8973728]}, "properties": {"name": "Wilsele Sint-Martinuskerk", "spot_type": null, "is_eatery": false, "is_gastro": false, "is_retail": false, "is_transit": true, "is_office": false, "diet_vegan": false, "diet_vegetarian": false, "diet_glutenfree": false, "diet_halal": false, "unit_id": "24062B300"}}, {"type": "Feature", "geometry": {"type": "Point", "coordinates": [4.7384466, 50.9031271]}, "properties": {"name": "Kessel-Lo Bergstraat", "spot_type": null, "is_eatery": false, "is_gastro": false, "is_retail": false, "is_transit": true, "is_office": false, "diet_vegan": false, "diet_vegetarian": false, "diet_glutenfree": false, "diet_halal": false, "unit_id": "24062C50-"}}, {"type": "Feature", "geometry": {"type": "Point", "coordinates": [4.756698, 50.9203044]}, "properties": {"name": "KAYA", "spot_type": null, "is_eatery": true, "is_gastro": true, "is_retail": false, "is_transit": false, "is_office": false, "diet_vegan": false, "diet_vegetarian": false, "diet_glutenfree": false, "diet_halal": false, "unit_id": "24043A00-"}}, {"type": "Feature", "geometry": {"type": "Point", "coordinates": [4.7569174, 50.9203267]}, "properties": {"name": "Walt en Vicky", "spot_type": "bakery", "is_eatery": true, "is_gastro": false, "is_retail": false, "is_transit": false, "is_office": false, "diet_vegan": false, "diet_vegetarian": false, "diet_glutenfree": false, "diet_halal": false, "unit_id": "24043A00-"}}, {"type": "Feature", "geometry": {"type": "Point", "coordinates": [4.7591868, 50.9201602]}, "properties": {"name": null, "spot_type": null, "is_eatery": false, "is_gastro": false, "is_retail": false, "is_transit": true, "is_office": false, "diet_vegan": false, "diet_vegetarian": false, "diet_glutenfree": false, "diet_halal": false, "unit_id": "24043A00-"}}, {"type": "Feature", "geometry": {"type": "Point", "coordinates": [4.6741556, 50.9085222]}, "properties": {"name": "Chen's meeneem", "spot_type": null, "is_eatery": true, "is_gastro": true, "is_retail": false, "is_transit": false, "is_office": false, "diet_vegan": false, "diet_vegetarian": false, "diet_glutenfree": false, "diet_halal": false, "unit_id": "24038A00-"}}, {"type": "Feature", "geometry": {"type": "Point", "coordinates": [4.6576944, 50.9145636]}, "properties": {"name": "Buurtslagers vleeshal", "spot_type": null, "is_eatery": false, "is_gastro": false, "is_retail": true, "is_transit": false, "is_office": false, "diet_vegan": false, "diet_vegetarian": false, "diet_glutenfree": false, "diet_halal": false, "unit_id": "24038A0AA"}}, {"type": "Feature", "geometry": {"type": "Point", "coordinates": [4.6451266, 50.8995129]}, "properties": {"name": "Cheff", "spot_type": null, "is_eatery": true, "is_gastro": true, "is_retail": false, "is_transit": false, "is_office": false, "diet_vegan": false, "diet_vegetarian": false, "diet_glutenfree": false, "diet_halal": false, "unit_id": "24038B00-"}}, {"type": "Feature", "geometry": {"type": "Point", "coordinates": [4.7034848, 50.8771996]}, "properties": {"name": "'t Vluggertje", "spot_type": null, "is_eatery": true, "is_gastro": true, "is_retail": false, "is_transit": false, "is_office": false, "diet_vegan": false, "diet_vegetarian": false, "diet_glutenfree": false, "diet_halal": false, "unit_id": "24062A02-"}}, {"type": "Feature", "geometry": {"type": "Point", "coordinates": [4.705553, 50.8777206]}, "properties": {"name": "'t Academisch kwartier", "spot_type": null, "is_eatery": true, "is_gastro": true, "is_retail": false, "is_transit": false, "is_office": false, "diet_vegan": false, "diet_vegetarian": false, "diet_glutenfree": false, "diet_halal": false, "unit_id": "24062A23-"}}, {"type": "Feature", "geometry": {"type": "Point", "coordinates": [4.6699734, 50.8859891]}, "properties": {"name": "Broodjesland", "spot_type": null, "is_eatery": true, "is_gastro": true, "is_retail": false, "is_transit": false, "is_office": false, "diet_vegan": false, "diet_vegetarian": false, "diet_glutenfree": false, "diet_halal": false, "unit_id": "24038A22-"}}, {"type": "Feature", "geometry": {"type": "Point", "coordinates": [4.6920519, 50.9236086]}, "properties": {"name": "De Brug", "spot_type": null, "is_eatery": true, "is_gastro": true, "is_retail": false, "is_transit": false, "is_office": false, "diet_vegan": false, "diet_vegetarian": false, "diet_glutenfree": false, "diet_halal": false, "unit_id": "24038A41-"}}, {"type": "Feature", "geometry": {"type": "Point", "coordinates": [4.6978239, 50.9175869]}, "properties": {"name": "Wilsele Corbeelsplein", "spot_type": null, "is_eatery": false, "is_gastro": false, "is_retail": false, "is_transit": true, "is_office": false, "diet_vegan": false, "diet_vegetarian": false, "diet_glutenfree": false, "diet_halal": false, "unit_id": "24062B423"}}, {"type": "Feature", "geometry": {"type": "Point", "coordinates": [4.6839114, 50.9066921]}, "properties": {"name": null, "spot_type": null, "is_eatery": false, "is_gastro": false, "is_retail": true, "is_transit": false, "is_office": false, "diet_vegan": false, "diet_vegetarian": false, "diet_glutenfree": false, "diet_halal": false, "unit_id": "24038A082"}}, {"type": "Feature", "geometry": {"type": "Point", "coordinates": [4.6616252, 50.9120555]}, "properties": {"name": "Bio-Planet", "spot_type": null, "is_eatery": false, "is_gastro": false, "is_retail": true, "is_transit": false, "is_office": false, "diet_vegan": false, "diet_vegetarian": false, "diet_glutenfree": false, "diet_halal": false, "unit_id": "24038A022"}}, {"type": "Feature", "geometry": {"type": "Point", "coordinates": [4.7181666, 50.9070422]}, "properties": {"name": "World Kitchen", "spot_type": null, "is_eatery": true, "is_gastro": true, "is_retail": false, "is_transit": false, "is_office": false, "diet_vegan": false, "diet_vegetarian": true, "diet_glutenfree": false, "diet_halal": false, "unit_id": "24062C59-"}}, {"type": "Feature", "geometry": {"type": "Point", "coordinates": [4.6419711, 50.8955756]}, "properties": {"name": "Spar", "spot_type": null, "is_eatery": false, "is_gastro": false, "is_retail": true, "is_transit": false, "is_office": false, "diet_vegan": false, "diet_vegetarian": false, "diet_glutenfree": false, "diet_halal": false, "unit_id": "24038B012"}}, {"type": "Feature", "geometry": {"type": "Point", "coordinates": [4.6861902, 50.9177231]}, "properties": {"name": null, "spot_type": null, "is_eatery": false, "is_gastro": false, "is_retail": false, "is_transit": true, "is_office": false, "diet_vegan": false, "diet_vegetarian": false, "diet_glutenfree": false, "diet_halal": false, "unit_id": "24038A39-"}}, {"type": "Feature", "geometry": {"type": "Point", "coordinates": [4.7140227, 50.882639]}, "properties": {"name": "Acerta", "spot_type": null, "is_eatery": false, "is_gastro": false, "is_retail": false, "is_transit": false, "is_office": true, "diet_vegan": false, "diet_vegetarian": false, "diet_glutenfree": false, "diet_halal": false, "unit_id": "24062A14-"}}, {"type": "Feature", "geometry": {"type": "Point", "coordinates": [4.7083751, 50.8811838]}, "properties": {"name": "CKS Fashion", "spot_type": null, "is_eatery": false, "is_gastro": false, "is_retail": true, "is_transit": false, "is_office": false, "diet_vegan": false, "diet_vegetarian": false, "diet_glutenfree": false, "diet_halal": false, "unit_id": "24062A10-"}}, {"type": "Feature", "geometry": {"type": "Point", "coordinates": [4.665424, 50.917153]}, "properties": {"name": "Herent Hogebeekstraat", "spot_type": null, "is_eatery": false, "is_gastro": false, "is_retail": false, "is_transit": true, "is_office": false, "diet_vegan": false, "diet_vegetarian": false, "diet_glutenfree": false, "diet_halal": false, "unit_id": "24038A38-"}}, {"type": "Feature", "geometry": {"type": "Point", "coordinates": [4.6928705, 50.9216942]}, "properties": {"name": "Herent Waterstraat", "spot_type": null, "is_eatery": false, "is_gastro": false, "is_retail": false, "is_transit": true, "is_office": false, "diet_vegan": false, "diet_vegetarian": false, "diet_glutenfree": false, "diet_halal": false, "unit_id": "24038A41-"}}, {"type": "Feature", "geometry": {"type": "Point", "coordinates": [4.7024754, 50.8788879]}, "properties": {"name": "Tortilla & Co", "spot_type": null, "is_eatery": true, "is_gastro": true, "is_retail": false, "is_transit": false, "is_office": false, "diet_vegan": false, "diet_vegetarian": false, "diet_glutenfree": false, "diet_halal": false, "unit_id": "24062A00-"}}, {"type": "Feature", "geometry": {"type": "Point", "coordinates": [4.6919394, 50.8832518]}, "properties": {"name": "Snackbar Pizzeria Andalucia", "spot_type": null, "is_eatery": true, "is_gastro": true, "is_retail": false, "is_transit": false, "is_office": false, "diet_vegan": false, "diet_vegetarian": false, "diet_glutenfree": false, "diet_halal": false, "unit_id": "24062A51-"}}, {"type": "Feature", "geometry": {"type": "Point", "coordinates": [4.6924834, 50.8847999]}, "properties": {"name": "W@ts Hap?!", "spot_type": null, "is_eatery": true, "is_gastro": true, "is_retail": false, "is_transit": false, "is_office": false, "diet_vegan": false, "diet_vegetarian": false, "diet_glutenfree": false, "diet_halal": false, "unit_id": "24062A55-"}}, {"type": "Feature", "geometry": {"type": "Point", "coordinates": [4.7006493, 50.8790103]}, "properties": {"name": "Notre Dame", "spot_type": null, "is_eatery": true, "is_gastro": true, "is_retail": false, "is_transit": false, "is_office": false, "diet_vegan": false, "diet_vegetarian": false, "diet_glutenfree": false, "diet_halal": false, "unit_id": "24062A00-"}}, {"type": "Feature", "geometry": {"type": "Point", "coordinates": [4.6597774, 50.8630361]}, "properties": {"name": "Couvert Couvert", "spot_type": null, "is_eatery": true, "is_gastro": true, "is_retail": false, "is_transit": false, "is_office": false, "diet_vegan": false, "diet_vegetarian": false, "diet_glutenfree": false, "diet_halal": false, "unit_id": "24062D500"}}, {"type": "Feature", "geometry": {"type": "Point", "coordinates": [4.6829654, 50.9055069]}, "properties": {"name": null, "spot_type": null, "is_eatery": false, "is_gastro": false, "is_retail": false, "is_transit": true, "is_office": false, "diet_vegan": false, "diet_vegetarian": false, "diet_glutenfree": false, "diet_halal": false, "unit_id": "24038A011"}}, {"type": "Feature", "geometry": {"type": "Point", "coordinates": [4.6988371, 50.8924043]}, "properties": {"name": "Wilsele Kapellelaan", "spot_type": null, "is_eatery": false, "is_gastro": false, "is_retail": false, "is_transit": true, "is_office": false, "diet_vegan": false, "diet_vegetarian": false, "diet_glutenfree": false, "diet_halal": false, "unit_id": "24062B33-"}}, {"type": "Feature", "geometry": {"type": "Point", "coordinates": [4.6987766, 50.8924921]}, "properties": {"name": "Wilsele Kapellelaan", "spot_type": null, "is_eatery": false, "is_gastro": false, "is_retail": false, "is_transit": true, "is_office": false, "diet_vegan": false, "diet_vegetarian": false, "diet_glutenfree": false, "diet_halal": false, "unit_id": "24062B33-"}}, {"type": "Feature", "geometry": {"type": "Point", "coordinates": [4.6947339, 50.8807422]}, "properties": {"name": "Spar", "spot_type": null, "is_eatery": false, "is_gastro": false, "is_retail": true, "is_transit": false, "is_office": false, "diet_vegan": false, "diet_vegetarian": false, "diet_glutenfree": false, "diet_halal": false, "unit_id": "24062A51-"}}, {"type": "Feature", "geometry": {"type": "Point", "coordinates": [4.758522, 50.9198787]}, "properties": {"name": "Devi & Emmanuelle", "spot_type": null, "is_eatery": false, "is_gastro": false, "is_retail": true, "is_transit": false, "is_office": false, "diet_vegan": false, "diet_vegetarian": false, "diet_glutenfree": false, "diet_halal": false, "unit_id": "24043A00-"}}, {"type": "Feature", "geometry": {"type": "Point", "coordinates": [4.7190122, 50.8858734]}, "properties": {"name": "Pizza Hut", "spot_type": null, "is_eatery": true, "is_gastro": true, "is_retail": false, "is_transit": false, "is_office": false, "diet_vegan": false, "diet_vegetarian": false, "diet_glutenfree": false, "diet_halal": false, "unit_id": "24062C00-"}}, {"type": "Feature", "geometry": {"type": "Point", "coordinates": [4.7015119, 50.8771044]}, "properties": {"name": "De Werf", "spot_type": null, "is_eatery": true, "is_gastro": true, "is_retail": false, "is_transit": false, "is_office": false, "diet_vegan": false, "diet_vegetarian": false, "diet_glutenfree": false, "diet_halal": false, "unit_id": "24062A02-"}}, {"type": "Feature", "geometry": {"type": "Point", "coordinates": [4.6834399, 50.9086858]}, "properties": {"name": "Herent Weggevoerdenstraat", "spot_type": null, "is_eatery": false, "is_gastro": false, "is_retail": false, "is_transit": true, "is_office": false, "diet_vegan": false, "diet_vegetarian": false, "diet_glutenfree": false, "diet_halal": false, "unit_id": "24038A011"}}, {"type": "Feature", "geometry": {"type": "Point", "coordinates": [4.6833265, 50.9085699]}, "properties": {"name": "Herent Weggevoerdenstraat", "spot_type": null, "is_eatery": false, "is_gastro": false, "is_retail": false, "is_transit": true, "is_office": false, "diet_vegan": false, "diet_vegetarian": false, "diet_glutenfree": false, "diet_halal": false, "unit_id": "24038A011"}}, {"type": "Feature", "geometry": {"type": "Point", "coordinates": [4.7017367, 50.8791805]}, "properties": {"name": "Leuven Rector De Somerplein", "spot_type": null, "is_eatery": false, "is_gastro": false, "is_retail": false, "is_transit": true, "is_office": false, "diet_vegan": false, "diet_vegetarian": false, "diet_glutenfree": false, "diet_halal": false, "unit_id": "24062A00-"}}, {"type": "Feature", "geometry": {"type": "Point", "coordinates": [4.6746484, 50.8747989]}, "properties": {"name": "Frituur 't Frithuisje", "spot_type": null, "is_eatery": true, "is_gastro": true, "is_retail": false, "is_transit": false, "is_office": false, "diet_vegan": false, "diet_vegetarian": false, "diet_glutenfree": false, "diet_halal": false, "unit_id": "24062D60-"}}, {"type": "Feature", "geometry": {"type": "Point", "coordinates": [4.6933642, 50.8816743]}, "properties": {"name": "TheStuff.be", "spot_type": null, "is_eatery": false, "is_gastro": false, "is_retail": true, "is_transit": false, "is_office": false, "diet_vegan": false, "diet_vegetarian": false, "diet_glutenfree": false, "diet_halal": false, "unit_id": "24062A51-"}}, {"type": "Feature", "geometry": {"type": "Point", "coordinates": [4.7451652, 50.9054893]}, "properties": {"name": "Kessel-Lo Bergpad", "spot_type": null, "is_eatery": false, "is_gastro": false, "is_retail": false, "is_transit": true, "is_office": false, "diet_vegan": false, "diet_vegetarian": false, "diet_glutenfree": false, "diet_halal": false, "unit_id": "24062C61-"}}, {"type": "Feature", "geometry": {"type": "Point", "coordinates": [4.7463965, 50.90584]}, "properties": {"name": "Kessel-Lo Bergpad", "spot_type": null, "is_eatery": false, "is_gastro": false, "is_retail": false, "is_transit": true, "is_office": false, "diet_vegan": false, "diet_vegetarian": false, "diet_glutenfree": false, "diet_halal": false, "unit_id": "24062C61-"}}, {"type": "Feature", "geometry": {"type": "Point", "coordinates": [4.7381165, 50.9027592]}, "properties": {"name": "Kessel-Lo Bergstraat", "spot_type": null, "is_eatery": false, "is_gastro": false, "is_retail": false, "is_transit": true, "is_office": false, "diet_vegan": false, "diet_vegetarian": false, "diet_glutenfree": false, "diet_halal": false, "unit_id": "24062C50-"}}, {"type": "Feature", "geometry": {"type": "Point", "coordinates": [4.7346704, 50.9002099]}, "properties": {"name": "Kessel-Lo Groeneweg", "spot_type": null, "is_eatery": false, "is_gastro": false, "is_retail": false, "is_transit": true, "is_office": false, "diet_vegan": false, "diet_vegetarian": false, "diet_glutenfree": false, "diet_halal": false, "unit_id": "24062C50-"}}, {"type": "Feature", "geometry": {"type": "Point", "coordinates": [4.7342942, 50.8999625]}, "properties": {"name": "Kessel-Lo Groeneweg", "spot_type": null, "is_eatery": false, "is_gastro": false, "is_retail": false, "is_transit": true, "is_office": false, "diet_vegan": false, "diet_vegetarian": false, "diet_glutenfree": false, "diet_halal": false, "unit_id": "24062C50-"}}, {"type": "Feature", "geometry": {"type": "Point", "coordinates": [4.7594744, 50.9053563]}, "properties": {"name": "Linden Hoog-Linden", "spot_type": null, "is_eatery": false, "is_gastro": false, "is_retail": false, "is_transit": true, "is_office": false, "diet_vegan": false, "diet_vegetarian": false, "diet_glutenfree": false, "diet_halal": false, "unit_id": "24062C61-"}}, {"type": "Feature", "geometry": {"type": "Point", "coordinates": [4.7597339, 50.9054657]}, "properties": {"name": "Linden Hoog-Linden", "spot_type": null, "is_eatery": false, "is_gastro": false, "is_retail": false, "is_transit": true, "is_office": false, "diet_vegan": false, "diet_vegetarian": false, "diet_glutenfree": false, "diet_halal": false, "unit_id": "24066D022"}}, {"type": "Feature", "geometry": {"type": "Point", "coordinates": [4.7562301, 50.9075048]}, "properties": {"name": "Kessel-Lo Lemingstraat", "spot_type": null, "is_eatery": false, "is_gastro": false, "is_retail": false, "is_transit": true, "is_office": false, "diet_vegan": false, "diet_vegetarian": false, "diet_glutenfree": false, "diet_halal": false, "unit_id": "24062C61-"}}, {"type": "Feature", "geometry": {"type": "Point", "coordinates": [4.756782, 50.907631]}, "properties": {"name": "Kessel-Lo Lemingstraat", "spot_type": null, "is_eatery": false, "is_gastro": false, "is_retail": false, "is_transit": true, "is_office": false, "diet_vegan": false, "diet_vegetarian": false, "diet_glutenfree": false, "diet_halal": false, "unit_id": "24062C61-"}}, {"type": "Feature", "geometry": {"type": "Point", "coordinates": [4.6795474, 50.8645994]}, "properties": {"name": null, "spot_type": null, "is_eatery": false, "is_gastro": false, "is_retail": false, "is_transit": true, "is_office": false, "diet_vegan": false, "diet_vegetarian": false, "diet_glutenfree": false, "diet_halal": false, "unit_id": "24062D410"}}, {"type": "Feature", "geometry": {"type": "Point", "coordinates": [4.6856819, 50.9158776]}, "properties": {"name": null, "spot_type": null, "is_eatery": false, "is_gastro": false, "is_retail": false, "is_transit": true, "is_office": false, "diet_vegan": false, "diet_vegetarian": false, "diet_glutenfree": false, "diet_halal": false, "unit_id": "24038A39-"}}, {"type": "Feature", "geometry": {"type": "Point", "coordinates": [4.6766789, 50.9019428]}, "properties": {"name": "Herent Sergeystraat", "spot_type": null, "is_eatery": false, "is_gastro": false, "is_retail": false, "is_transit": true, "is_office": false, "diet_vegan": false, "diet_vegetarian": false, "diet_glutenfree": false, "diet_halal": false, "unit_id": "24038A10-"}}, {"type": "Feature", "geometry": {"type": "Point", "coordinates": [4.6759955, 50.902501]}, "properties": {"name": "Herent Sergeystraat", "spot_type": null, "is_eatery": false, "is_gastro": false, "is_retail": false, "is_transit": true, "is_office": false, "diet_vegan": false, "diet_vegetarian": false, "diet_glutenfree": false, "diet_halal": false, "unit_id": "24038A10-"}}, {"type": "Feature", "geometry": {"type": "Point", "coordinates": [4.7534775, 50.8883935]}, "properties": {"name": null, "spot_type": null, "is_eatery": false, "is_gastro": false, "is_retail": false, "is_transit": true, "is_office": false, "diet_vegan": false, "diet_vegetarian": false, "diet_glutenfree": false, "diet_halal": false, "unit_id": "24066D10-"}}, {"type": "Feature", "geometry": {"type": "Point", "coordinates": [4.721017, 50.9237148]}, "properties": {"name": "Wilsele Weggevoerdenstraat", "spot_type": null, "is_eatery": false, "is_gastro": false, "is_retail": false, "is_transit": true, "is_office": false, "diet_vegan": false, "diet_vegetarian": false, "diet_glutenfree": false, "diet_halal": false, "unit_id": "24062B100"}}, {"type": "Feature", "geometry": {"type": "Point", "coordinates": [4.7207876, 50.9236334]}, "properties": {"name": "Wilsele Weggevoerdenstraat", "spot_type": null, "is_eatery": false, "is_gastro": false, "is_retail": false, "is_transit": true, "is_office": false, "diet_vegan": false, "diet_vegetarian": false, "diet_glutenfree": false, "diet_halal": false, "unit_id": "24062B100"}}, {"type": "Feature", "geometry": {"type": "Point", "coordinates": [4.7000808, 50.879746]}, "properties": {"name": "Las Lanzas", "spot_type": null, "is_eatery": true, "is_gastro": true, "is_retail": false, "is_transit": false, "is_office": false, "diet_vegan": false, "diet_vegetarian": false, "diet_glutenfree": false, "diet_halal": false, "unit_id": "24062A00-"}}, {"type": "Feature", "geometry": {"type": "Point", "coordinates": [4.7007302, 50.8800811]}, "properties": {"name": "De Bergh & Partners", "spot_type": null, "is_eatery": false, "is_gastro": false, "is_retail": false, "is_transit": false, "is_office": true, "diet_vegan": false, "diet_vegetarian": false, "diet_glutenfree": false, "diet_halal": false, "unit_id": "24062A00-"}}, {"type": "Feature", "geometry": {"type": "Point", "coordinates": [4.7018652, 50.8796184]}, "properties": {"name": "De Fiere Margriet", "spot_type": "cafe", "is_eatery": true, "is_gastro": false, "is_retail": false, "is_transit": false, "is_office": false, "diet_vegan": false, "diet_vegetarian": false, "diet_glutenfree": false, "diet_halal": false, "unit_id": "24062A10-"}}, {"type": "Feature", "geometry": {"type": "Point", "coordinates": [4.7025541, 50.8788738]}, "properties": {"name": "Mono Burger", "spot_type": null, "is_eatery": true, "is_gastro": true, "is_retail": false, "is_transit": false, "is_office": false, "diet_vegan": false, "diet_vegetarian": false, "diet_glutenfree": false, "diet_halal": false, "unit_id": "24062A00-"}}, {"type": "Feature", "geometry": {"type": "Point", "coordinates": [4.7027348, 50.8787931]}, "properties": {"name": "Ruba", "spot_type": null, "is_eatery": true, "is_gastro": true, "is_retail": false, "is_transit": false, "is_office": false, "diet_vegan": false, "diet_vegetarian": false, "diet_glutenfree": false, "diet_halal": false, "unit_id": "24062A00-"}}, {"type": "Feature", "geometry": {"type": "Point", "coordinates": [4.7042888, 50.877315]}, "properties": {"name": "Fritboutique", "spot_type": null, "is_eatery": true, "is_gastro": true, "is_retail": false, "is_transit": false, "is_office": false, "diet_vegan": false, "diet_vegetarian": false, "diet_glutenfree": false, "diet_halal": false, "unit_id": "24062A30-"}}, {"type": "Feature", "geometry": {"type": "Point", "coordinates": [4.7031783, 50.8785165]}, "properties": {"name": "De Pasvite", "spot_type": null, "is_eatery": true, "is_gastro": true, "is_retail": false, "is_transit": false, "is_office": false, "diet_vegan": false, "diet_vegetarian": false, "diet_glutenfree": false, "diet_halal": false, "unit_id": "24062A00-"}}, {"type": "Feature", "geometry": {"type": "Point", "coordinates": [4.7030878, 50.8785824]}, "properties": {"name": "De Valck", "spot_type": null, "is_eatery": true, "is_gastro": true, "is_retail": false, "is_transit": false, "is_office": false, "diet_vegan": false, "diet_vegetarian": false, "diet_glutenfree": false, "diet_halal": false, "unit_id": "24062A00-"}}, {"type": "Feature", "geometry": {"type": "Point", "coordinates": [4.7032175, 50.8787726]}, "properties": {"name": "Wasbar", "spot_type": null, "is_eatery": true, "is_gastro": true, "is_retail": false, "is_transit": false, "is_office": false, "diet_vegan": false, "diet_vegetarian": false, "diet_glutenfree": false, "diet_halal": false, "unit_id": "24062A00-"}}, {"type": "Feature", "geometry": {"type": "Point", "coordinates": [4.7033042, 50.8783514]}, "properties": {"name": null, "spot_type": null, "is_eatery": true, "is_gastro": true, "is_retail": false, "is_transit": false, "is_office": false, "diet_vegan": false, "diet_vegetarian": false, "diet_glutenfree": false, "diet_halal": false, "unit_id": "24062A00-"}}, {"type": "Feature", "geometry": {"type": "Point", "coordinates": [4.7030677, 50.8788292]}, "properties": {"name": "Olleke Bolleke", "spot_type": "confectionery", "is_eatery": true, "is_gastro": false, "is_retail": false, "is_transit": false, "is_office": false, "diet_vegan": false, "diet_vegetarian": false, "diet_glutenfree": false, "diet_halal": false, "unit_id": "24062A00-"}}, {"type": "Feature", "geometry": {"type": "Point", "coordinates": [4.7038181, 50.8776443]}, "properties": {"name": "Covas", "spot_type": null, "is_eatery": false, "is_gastro": false, "is_retail": false, "is_transit": false, "is_office": true, "diet_vegan": false, "diet_vegetarian": false, "diet_glutenfree": false, "diet_halal": false, "unit_id": "24062A30-"}}, {"type": "Feature", "geometry": {"type": "Point", "coordinates": [4.7037009, 50.8777002]}, "properties": {"name": "Pasta Ruffo", "spot_type": null, "is_eatery": true, "is_gastro": true, "is_retail": false, "is_transit": false, "is_office": false, "diet_vegan": false, "diet_vegetarian": false, "diet_glutenfree": false, "diet_halal": false, "unit_id": "24062A30-"}}, {"type": "Feature", "geometry": {"type": "Point", "coordinates": [4.7037352, 50.8780712]}, "properties": {"name": "Soup Away", "spot_type": null, "is_eatery": true, "is_gastro": true, "is_retail": false, "is_transit": false, "is_office": false, "diet_vegan": false, "diet_vegetarian": false, "diet_glutenfree": false, "diet_halal": false, "unit_id": "24062A00-"}}, {"type": "Feature", "geometry": {"type": "Point", "coordinates": [4.7033479, 50.8782696]}, "properties": {"name": "Sushi Leuven", "spot_type": null, "is_eatery": true, "is_gastro": true, "is_retail": false, "is_transit": false, "is_office": false, "diet_vegan": false, "diet_vegetarian": false, "diet_glutenfree": false, "diet_halal": false, "unit_id": "24062A00-"}}, {"type": "Feature", "geometry": {"type": "Point", "coordinates": [4.704549, 50.8771654]}, "properties": {"name": "Hawaiian Poke Bowl", "spot_type": null, "is_eatery": true, "is_gastro": true, "is_retail": false, "is_transit": false, "is_office": false, "diet_vegan": false, "diet_vegetarian": false, "diet_glutenfree": false, "diet_halal": false, "unit_id": "24062A30-"}}, {"type": "Feature", "geometry": {"type": "Point", "coordinates": [4.7136272, 50.8823104]}, "properties": {"name": "Domino's", "spot_type": null, "is_eatery": true, "is_gastro": true, "is_retail": false, "is_transit": false, "is_office": false, "diet_vegan": true, "diet_vegetarian": true, "diet_glutenfree": true, "diet_halal": false, "unit_id": "24062A10-"}}, {"type": "Feature", "geometry": {"type": "Point", "coordinates": [4.6898421, 50.8740742]}, "properties": {"name": "Veeakker", "spot_type": null, "is_eatery": false, "is_gastro": false, "is_retail": true, "is_transit": false, "is_office": false, "diet_vegan": false, "diet_vegetarian": false, "diet_glutenfree": false, "diet_halal": false, "unit_id": "24062A52-"}}, {"type": "Feature", "geometry": {"type": "Point", "coordinates": [4.6927849, 50.9219214]}, "properties": {"name": "Herent Waterstraat", "spot_type": null, "is_eatery": false, "is_gastro": false, "is_retail": false, "is_transit": true, "is_office": false, "diet_vegan": false, "diet_vegetarian": false, "diet_glutenfree": false, "diet_halal": false, "unit_id": "24038A41-"}}, {"type": "Feature", "geometry": {"type": "Point", "coordinates": [4.6749824, 50.9060581]}, "properties": {"name": "Herent De Wildeman", "spot_type": null, "is_eatery": false, "is_gastro": false, "is_retail": false, "is_transit": true, "is_office": false, "diet_vegan": false, "diet_vegetarian": false, "diet_glutenfree": false, "diet_halal": false, "unit_id": "24038A00-"}}, {"type": "Feature", "geometry": {"type": "Point", "coordinates": [4.6743295, 50.9061003]}, "properties": {"name": "Herent De Wildeman", "spot_type": null, "is_eatery": false, "is_gastro": false, "is_retail": false, "is_transit": true, "is_office": false, "diet_vegan": false, "diet_vegetarian": false, "diet_glutenfree": false, "diet_halal": false, "unit_id": "24038A00-"}}, {"type": "Feature", "geometry": {"type": "Point", "coordinates": [4.6593965, 50.8626893]}, "properties": {"name": "Tsubaki sushi", "spot_type": null, "is_eatery": true, "is_gastro": true, "is_retail": false, "is_transit": false, "is_office": false, "diet_vegan": false, "diet_vegetarian": false, "diet_glutenfree": false, "diet_halal": false, "unit_id": "24062D500"}}, {"type": "Feature", "geometry": {"type": "Point", "coordinates": [4.7087346, 50.8693175]}, "properties": {"name": null, "spot_type": null, "is_eatery": false, "is_gastro": false, "is_retail": false, "is_transit": true, "is_office": false, "diet_vegan": false, "diet_vegetarian": false, "diet_glutenfree": false, "diet_halal": false, "unit_id": "24062D19-"}}, {"type": "Feature", "geometry": {"type": "Point", "coordinates": [4.645704, 50.9035163]}, "properties": {"name": "Winksele Rond Punt", "spot_type": null, "is_eatery": false, "is_gastro": false, "is_retail": false, "is_transit": true, "is_office": false, "diet_vegan": false, "diet_vegetarian": false, "diet_glutenfree": false, "diet_halal": false, "unit_id": "24038B023"}}, {"type": "Feature", "geometry": {"type": "Point", "coordinates": [4.645804, 50.9036496]}, "properties": {"name": "Winksele Rond Punt", "spot_type": null, "is_eatery": false, "is_gastro": false, "is_retail": false, "is_transit": true, "is_office": false, "diet_vegan": false, "diet_vegetarian": false, "diet_glutenfree": false, "diet_halal": false, "unit_id": "24038B023"}}, {"type": "Feature", "geometry": {"type": "Point", "coordinates": [4.6808741, 50.8991298]}, "properties": {"name": "Frituur De Lente", "spot_type": null, "is_eatery": true, "is_gastro": true, "is_retail": false, "is_transit": false, "is_office": false, "diet_vegan": false, "diet_vegetarian": false, "diet_glutenfree": false, "diet_halal": false, "unit_id": "24038A122"}}, {"type": "Feature", "geometry": {"type": "Point", "coordinates": [4.6737272, 50.9106324]}, "properties": {"name": "Lunch Broekveld", "spot_type": null, "is_eatery": true, "is_gastro": true, "is_retail": false, "is_transit": false, "is_office": false, "diet_vegan": false, "diet_vegetarian": false, "diet_glutenfree": false, "diet_halal": false, "unit_id": "24038A022"}}, {"type": "Feature", "geometry": {"type": "Point", "coordinates": [4.7175901, 50.8813999]}, "properties": {"name": "Bar & Grill", "spot_type": null, "is_eatery": true, "is_gastro": true, "is_retail": false, "is_transit": false, "is_office": false, "diet_vegan": false, "diet_vegetarian": false, "diet_glutenfree": false, "diet_halal": false, "unit_id": "24062C05-"}}, {"type": "Feature", "geometry": {"type": "Point", "coordinates": [4.7172356, 50.8820377]}, "properties": {"name": "Reispunt", "spot_type": "cafe", "is_eatery": true, "is_gastro": false, "is_retail": false, "is_transit": false, "is_office": true, "diet_vegan": false, "diet_vegetarian": false, "diet_glutenfree": false, "diet_halal": false, "unit_id": "24062C05-"}}, {"type": "Feature", "geometry": {"type": "Point", "coordinates": [4.7173607, 50.8818004]}, "properties": {"name": "Accent", "spot_type": null, "is_eatery": false, "is_gastro": false, "is_retail": false, "is_transit": false, "is_office": true, "diet_vegan": false, "diet_vegetarian": false, "diet_glutenfree": false, "diet_halal": false, "unit_id": "24062C05-"}}, {"type": "Feature", "geometry": {"type": "Point", "coordinates": [4.699119, 50.8813248]}, "properties": {"name": "Färm", "spot_type": null, "is_eatery": false, "is_gastro": false, "is_retail": true, "is_transit": false, "is_office": false, "diet_vegan": false, "diet_vegetarian": false, "diet_glutenfree": false, "diet_halal": false, "unit_id": "24062A01-"}}, {"type": "Feature", "geometry": {"type": "Point", "coordinates": [4.6787171, 50.9163156]}, "properties": {"name": "De Vloer", "spot_type": "cafe", "is_eatery": true, "is_gastro": false, "is_retail": false, "is_transit": false, "is_office": false, "diet_vegan": false, "diet_vegetarian": false, "diet_glutenfree": false, "diet_halal": false, "unit_id": "24038A39-"}}, {"type": "Feature", "geometry": {"type": "Point", "coordinates": [4.7051904, 50.8770804]}, "properties": {"name": "T&Ko", "spot_type": "cafe", "is_eatery": true, "is_gastro": false, "is_retail": false, "is_transit": false, "is_office": false, "diet_vegan": false, "diet_vegetarian": false, "diet_glutenfree": false, "diet_halal": false, "unit_id": "24062A30-"}}, {"type": "Feature", "geometry": {"type": "Point", "coordinates": [4.6934736, 50.8634179]}, "properties": {"name": "Century 21", "spot_type": null, "is_eatery": false, "is_gastro": false, "is_retail": false, "is_transit": false, "is_office": true, "diet_vegan": false, "diet_vegetarian": false, "diet_glutenfree": false, "diet_halal": false, "unit_id": "24062D00-"}}, {"type": "Feature", "geometry": {"type": "Point", "coordinates": [4.6653975, 50.9179055]}, "properties": {"name": "Herent Hogebeekstraat", "spot_type": null, "is_eatery": false, "is_gastro": false, "is_retail": false, "is_transit": true, "is_office": false, "diet_vegan": false, "diet_vegetarian": false, "diet_glutenfree": false, "diet_halal": false, "unit_id": "24038A38-"}}, {"type": "Feature", "geometry": {"type": "Point", "coordinates": [4.6771298, 50.9238311]}, "properties": {"name": "Herent Zijpstraat", "spot_type": null, "is_eatery": false, "is_gastro": false, "is_retail": false, "is_transit": true, "is_office": false, "diet_vegan": false, "diet_vegetarian": false, "diet_glutenfree": false, "diet_halal": false, "unit_id": "24038A39-"}}, {"type": "Feature", "geometry": {"type": "Point", "coordinates": [4.6958627, 50.8804752]}, "properties": {"name": "Slagerij Ox", "spot_type": null, "is_eatery": false, "is_gastro": false, "is_retail": true, "is_transit": false, "is_office": false, "diet_vegan": false, "diet_vegetarian": false, "diet_glutenfree": false, "diet_halal": false, "unit_id": "24062A01-"}}, {"type": "Feature", "geometry": {"type": "Point", "coordinates": [4.7025475, 50.8823872]}, "properties": {"name": "Statik", "spot_type": null, "is_eatery": false, "is_gastro": false, "is_retail": false, "is_transit": false, "is_office": true, "diet_vegan": false, "diet_vegetarian": false, "diet_glutenfree": false, "diet_halal": false, "unit_id": "24062A11-"}}, {"type": "Feature", "geometry": {"type": "Point", "coordinates": [4.6637609, 50.9056082]}, "properties": {"name": "Herent Wijk Den Bremt", "spot_type": null, "is_eatery": false, "is_gastro": false, "is_retail": false, "is_transit": true, "is_office": false, "diet_vegan": false, "diet_vegetarian": false, "diet_glutenfree": false, "diet_halal": false, "unit_id": "24038A022"}}, {"type": "Feature", "geometry": {"type": "Point", "coordinates": [4.6767538, 50.9239734]}, "properties": {"name": "Herent Zijpstraat", "spot_type": null, "is_eatery": false, "is_gastro": false, "is_retail": false, "is_transit": true, "is_office": false, "diet_vegan": false, "diet_vegetarian": false, "diet_glutenfree": false, "diet_halal": false, "unit_id": "24038A39-"}}, {"type": "Feature", "geometry": {"type": "Point", "coordinates": [4.6980048, 50.9169648]}, "properties": {"name": "Wilsele Corbeelsplein", "spot_type": null, "is_eatery": false, "is_gastro": false, "is_retail": false, "is_transit": true, "is_office": false, "diet_vegan": false, "diet_vegetarian": false, "diet_glutenfree": false, "diet_halal": false, "unit_id": "24062B423"}}, {"type": "Feature", "geometry": {"type": "Point", "coordinates": [4.7000206, 50.9029476]}, "properties": {"name": "Wilsele Herentsesteenweg", "spot_type": null, "is_eatery": false, "is_gastro": false, "is_retail": false, "is_transit": true, "is_office": false, "diet_vegan": false, "diet_vegetarian": false, "diet_glutenfree": false, "diet_halal": false, "unit_id": "24062B352"}}, {"type": "Feature", "geometry": {"type": "Point", "coordinates": [4.6995489, 50.9034209]}, "properties": {"name": "Wilsele Herentsesteenweg", "spot_type": null, "is_eatery": false, "is_gastro": false, "is_retail": false, "is_transit": true, "is_office": false, "diet_vegan": false, "diet_vegetarian": false, "diet_glutenfree": false, "diet_halal": false, "unit_id": "24062B352"}}, {"type": "Feature", "geometry": {"type": "Point", "coordinates": [4.7512671, 50.8880458]}, "properties": {"name": null, "spot_type": null, "is_eatery": false, "is_gastro": false, "is_retail": true, "is_transit": false, "is_office": false, "diet_vegan": false, "diet_vegetarian": false, "diet_glutenfree": false, "diet_halal": false, "unit_id": "24066D10-"}}, {"type": "Feature", "geometry": {"type": "Point", "coordinates": [4.6888895, 50.8587073]}, "properties": {"name": "Heverlee Waversebaan", "spot_type": null, "is_eatery": false, "is_gastro": false, "is_retail": false, "is_transit": true, "is_office": false, "diet_vegan": false, "diet_vegetarian": false, "diet_glutenfree": false, "diet_halal": false, "unit_id": "24062D04-"}}, {"type": "Feature", "geometry": {"type": "Point", "coordinates": [4.6403056, 50.8625748]}, "properties": {"name": null, "spot_type": null, "is_eatery": false, "is_gastro": false, "is_retail": false, "is_transit": true, "is_office": false, "diet_vegan": false, "diet_vegetarian": false, "diet_glutenfree": false, "diet_halal": false, "unit_id": "24009A022"}}, {"type": "Feature", "geometry": {"type": "Point", "coordinates": [4.6965399, 50.8798891]}, "properties": {"name": "'t Oud Gasthuys", "spot_type": null, "is_eatery": true, "is_gastro": true, "is_retail": false, "is_transit": false, "is_office": false, "diet_vegan": false, "diet_vegetarian": false, "diet_glutenfree": false, "diet_halal": false, "unit_id": "24062A04-"}}, {"type": "Feature", "geometry": {"type": "Point", "coordinates": [4.6986361, 50.9185761]}, "properties": {"name": "IT2servU", "spot_type": null, "is_eatery": false, "is_gastro": false, "is_retail": false, "is_transit": false, "is_office": true, "diet_vegan": false, "diet_vegetarian": false, "diet_glutenfree": false, "diet_halal": false, "unit_id": "24062B423"}}, {"type": "Feature", "geometry": {"type": "Point", "coordinates": [4.7152123, 50.9247121]}, "properties": {"name": "Wilsele Vuntlaan", "spot_type": null, "is_eatery": false, "is_gastro": false, "is_retail": false, "is_transit": true, "is_office": false, "diet_vegan": false, "diet_vegetarian": false, "diet_glutenfree": false, "diet_halal": false, "unit_id": "24062B100"}}, {"type": "Feature", "geometry": {"type": "Point", "coordinates": [4.7273163, 50.8524738]}, "properties": {"name": null, "spot_type": null, "is_eatery": false, "is_gastro": false, "is_retail": false, "is_transit": true, "is_office": false, "diet_vegan": false, "diet_vegetarian": false, "diet_glutenfree": false, "diet_halal": false, "unit_id": "24062E774"}}, {"type": "Feature", "geometry": {"type": "Point", "coordinates": [4.7275645, 50.8527297]}, "properties": {"name": null, "spot_type": null, "is_eatery": false, "is_gastro": false, "is_retail": false, "is_transit": true, "is_office": false, "diet_vegan": false, "diet_vegetarian": false, "diet_glutenfree": false, "diet_halal": false, "unit_id": "24062E774"}}, {"type": "Feature", "geometry": {"type": "Point", "coordinates": [4.7154204, 50.9247743]}, "properties": {"name": "Wilsele Vuntlaan", "spot_type": null, "is_eatery": false, "is_gastro": false, "is_retail": false, "is_transit": true, "is_office": false, "diet_vegan": false, "diet_vegetarian": false, "diet_glutenfree": false, "diet_halal": false, "unit_id": "24062B100"}}, {"type": "Feature", "geometry": {"type": "Point", "coordinates": [4.7004053, 50.8745215]}, "properties": {"name": "Hogenheuvelcollege", "spot_type": null, "is_eatery": false, "is_gastro": false, "is_retail": false, "is_transit": false, "is_office": true, "diet_vegan": false, "diet_vegetarian": false, "diet_glutenfree": false, "diet_halal": false, "unit_id": "24062A02-"}}, {"type": "Feature", "geometry": {"type": "Point", "coordinates": [4.6764865, 50.8719538]}, "properties": {"name": "Kind & Gezin", "spot_type": null, "is_eatery": false, "is_gastro": false, "is_retail": false, "is_transit": false, "is_office": true, "diet_vegan": false, "diet_vegetarian": false, "diet_glutenfree": false, "diet_halal": false, "unit_id": "24062D644"}}, {"type": "Feature", "geometry": {"type": "Point", "coordinates": [4.6951839, 50.8652852]}, "properties": {"name": "De geschoren aap", "spot_type": null, "is_eatery": false, "is_gastro": false, "is_retail": false, "is_transit": false, "is_office": true, "diet_vegan": false, "diet_vegetarian": false, "diet_glutenfree": false, "diet_halal": false, "unit_id": "24062D00-"}}, {"type": "Feature", "geometry": {"type": "Point", "coordinates": [4.6965866, 50.8729619]}, "properties": {"name": "De Biotoop", "spot_type": null, "is_eatery": false, "is_gastro": false, "is_retail": true, "is_transit": false, "is_office": false, "diet_vegan": false, "diet_vegetarian": false, "diet_glutenfree": false, "diet_halal": false, "unit_id": "24062A03-"}}, {"type": "Feature", "geometry": {"type": "Point", "coordinates": [4.6953248, 50.8653672]}, "properties": {"name": "TLS - Translation & Language Services", "spot_type": null, "is_eatery": false, "is_gastro": false, "is_retail": false, "is_transit": false, "is_office": true, "diet_vegan": false, "diet_vegetarian": false, "diet_glutenfree": false, "diet_halal": false, "unit_id": "24062D00-"}}, {"type": "Feature", "geometry": {"type": "Point", "coordinates": [4.6978874, 50.8783881]}, "properties": {"name": "Wereldcafé.COOP", "spot_type": "cafe", "is_eatery": true, "is_gastro": false, "is_retail": false, "is_transit": false, "is_office": false, "diet_vegan": false, "diet_vegetarian": false, "diet_glutenfree": false, "diet_halal": false, "unit_id": "24062A00-"}}, {"type": "Feature", "geometry": {"type": "Point", "coordinates": [4.6951302, 50.8825282]}, "properties": {"name": "Repetitiebureau Catherine Dhondt", "spot_type": null, "is_eatery": false, "is_gastro": false, "is_retail": false, "is_transit": false, "is_office": true, "diet_vegan": false, "diet_vegetarian": false, "diet_glutenfree": false, "diet_halal": false, "unit_id": "24062A51-"}}, {"type": "Feature", "geometry": {"type": "Point", "coordinates": [4.6951454, 50.882576]}, "properties": {"name": "Acquasanta bvba", "spot_type": null, "is_eatery": false, "is_gastro": false, "is_retail": false, "is_transit": false, "is_office": true, "diet_vegan": false, "diet_vegetarian": false, "diet_glutenfree": false, "diet_halal": false, "unit_id": "24062A51-"}}, {"type": "Feature", "geometry": {"type": "Point", "coordinates": [4.6947143, 50.8827704]}, "properties": {"name": "C.E.S.S. bvba", "spot_type": null, "is_eatery": false, "is_gastro": false, "is_retail": false, "is_transit": false, "is_office": true, "diet_vegan": false, "diet_vegetarian": false, "diet_glutenfree": false, "diet_halal": false, "unit_id": "24062A51-"}}, {"type": "Feature", "geometry": {"type": "Point", "coordinates": [4.6937235, 50.8818042]}, "properties": {"name": "The Fonteintje", "spot_type": null, "is_eatery": true, "is_gastro": true, "is_retail": false, "is_transit": false, "is_office": false, "diet_vegan": false, "diet_vegetarian": false, "diet_glutenfree": false, "diet_halal": false, "unit_id": "24062A51-"}}, {"type": "Feature", "geometry": {"type": "Point", "coordinates": [4.7245953, 50.8744379]}, "properties": {"name": "Dermatoleuven Kessel-Lo", "spot_type": null, "is_eatery": false, "is_gastro": false, "is_retail": false, "is_transit": false, "is_office": true, "diet_vegan": false, "diet_vegetarian": false, "diet_glutenfree": false, "diet_halal": false, "unit_id": "24062C41-"}}, {"type": "Feature", "geometry": {"type": "Point", "coordinates": [4.6936016, 50.8807345]}, "properties": {"name": "HOMIÉS", "spot_type": null, "is_eatery": false, "is_gastro": false, "is_retail": false, "is_transit": false, "is_office": true, "diet_vegan": false, "diet_vegetarian": false, "diet_glutenfree": false, "diet_halal": false, "unit_id": "24062A51-"}}, {"type": "Feature", "geometry": {"type": "Point", "coordinates": [4.6936881, 50.8814802]}, "properties": {"name": "Brailleliga Leuven", "spot_type": null, "is_eatery": false, "is_gastro": false, "is_retail": false, "is_transit": false, "is_office": true, "diet_vegan": false, "diet_vegetarian": false, "diet_glutenfree": false, "diet_halal": false, "unit_id": "24062A51-"}}, {"type": "Feature", "geometry": {"type": "Point", "coordinates": [4.6939497, 50.880702]}, "properties": {"name": "Elisa", "spot_type": "cafe", "is_eatery": true, "is_gastro": false, "is_retail": false, "is_transit": false, "is_office": false, "diet_vegan": false, "diet_vegetarian": true, "diet_glutenfree": false, "diet_halal": false, "unit_id": "24062A51-"}}, {"type": "Feature", "geometry": {"type": "Point", "coordinates": [4.6943117, 50.8812185]}, "properties": {"name": "ERGO Hugo Leunen", "spot_type": null, "is_eatery": false, "is_gastro": false, "is_retail": false, "is_transit": false, "is_office": true, "diet_vegan": false, "diet_vegetarian": false, "diet_glutenfree": false, "diet_halal": false, "unit_id": "24062A51-"}}, {"type": "Feature", "geometry": {"type": "Point", "coordinates": [4.7403931, 50.8858345]}, "properties": {"name": "Pinxtermolen", "spot_type": null, "is_eatery": true, "is_gastro": true, "is_retail": false, "is_transit": false, "is_office": false, "diet_vegan": false, "diet_vegetarian": false, "diet_glutenfree": false, "diet_halal": false, "unit_id": "24062C13-"}}, {"type": "Feature", "geometry": {"type": "Point", "coordinates": [4.694494, 50.8806512]}, "properties": {"name": "Diamant Leuven", "spot_type": null, "is_eatery": true, "is_gastro": true, "is_retail": false, "is_transit": false, "is_office": false, "diet_vegan": false, "diet_vegetarian": false, "diet_glutenfree": false, "diet_halal": false, "unit_id": "24062A51-"}}, {"type": "Feature", "geometry": {"type": "Point", "coordinates": [4.6943737, 50.8806624]}, "properties": {"name": "Everest House", "spot_type": null, "is_eatery": false, "is_gastro": false, "is_retail": true, "is_transit": false, "is_office": false, "diet_vegan": false, "diet_vegetarian": false, "diet_glutenfree": false, "diet_halal": false, "unit_id": "24062A51-"}}, {"type": "Feature", "geometry": {"type": "Point", "coordinates": [4.6936009, 50.8807649]}, "properties": {"name": "Vereniging van Mede-Eigenaars Brusselsestraat 140", "spot_type": null, "is_eatery": false, "is_gastro": false, "is_retail": false, "is_transit": false, "is_office": true, "diet_vegan": false, "diet_vegetarian": false, "diet_glutenfree": false, "diet_halal": false, "unit_id": "24062A51-"}}, {"type": "Feature", "geometry": {"type": "Point", "coordinates": [4.6943964, 50.8807504]}, "properties": {"name": "Vereniging van mede-eigenaars Residentie De Coutereel", "spot_type": null, "is_eatery": false, "is_gastro": false, "is_retail": false, "is_transit": false, "is_office": true, "diet_vegan": false, "diet_vegetarian": false, "diet_glutenfree": false, "diet_halal": false, "unit_id": "24062A51-"}}, {"type": "Feature", "geometry": {"type": "Point", "coordinates": [4.69403, 50.8819673]}, "properties": {"name": "Soultan bvba", "spot_type": null, "is_eatery": false, "is_gastro": false, "is_retail": false, "is_transit": false, "is_office": true, "diet_vegan": false, "diet_vegetarian": false, "diet_glutenfree": false, "diet_halal": false, "unit_id": "24062A51-"}}, {"type": "Feature", "geometry": {"type": "Point", "coordinates": [4.6950118, 50.8822033]}, "properties": {"name": "Keelal bvba", "spot_type": null, "is_eatery": false, "is_gastro": false, "is_retail": false, "is_transit": false, "is_office": true, "diet_vegan": false, "diet_vegetarian": false, "diet_glutenfree": false, "diet_halal": false, "unit_id": "24062A51-"}}, {"type": "Feature", "geometry": {"type": "Point", "coordinates": [4.6946992, 50.8813039]}, "properties": {"name": "deluks.be", "spot_type": null, "is_eatery": false, "is_gastro": false, "is_retail": false, "is_transit": false, "is_office": true, "diet_vegan": false, "diet_vegetarian": false, "diet_glutenfree": false, "diet_halal": false, "unit_id": "24062A51-"}}, {"type": "Feature", "geometry": {"type": "Point", "coordinates": [4.6965595, 50.8824315]}, "properties": {"name": "Advieskantoor Boekhouding Leuven", "spot_type": null, "is_eatery": false, "is_gastro": false, "is_retail": false, "is_transit": false, "is_office": true, "diet_vegan": false, "diet_vegetarian": false, "diet_glutenfree": false, "diet_halal": false, "unit_id": "24062A51-"}}, {"type": "Feature", "geometry": {"type": "Point", "coordinates": [4.6964227, 50.8822251]}, "properties": {"name": "Vereniging van mede-eigenaars Residentie Minnepoort", "spot_type": null, "is_eatery": false, "is_gastro": false, "is_retail": false, "is_transit": false, "is_office": true, "diet_vegan": false, "diet_vegetarian": false, "diet_glutenfree": false, "diet_halal": false, "unit_id": "24062A51-"}}, {"type": "Feature", "geometry": {"type": "Point", "coordinates": [4.6958735, 50.8825637]}, "properties": {"name": "Vereniging van mede-eigenaars Residentie De Mouterij", "spot_type": null, "is_eatery": false, "is_gastro": false, "is_retail": false, "is_transit": false, "is_office": true, "diet_vegan": false, "diet_vegetarian": false, "diet_glutenfree": false, "diet_halal": false, "unit_id": "24062A51-"}}, {"type": "Feature", "geometry": {"type": "Point", "coordinates": [4.6958487, 50.8825692]}, "properties": {"name": "Beernaert bvba", "spot_type": null, "is_eatery": false, "is_gastro": false, "is_retail": false, "is_transit": false, "is_office": true, "diet_vegan": false, "diet_vegetarian": false, "diet_glutenfree": false, "diet_halal": false, "unit_id": "24062A51-"}}, {"type": "Feature", "geometry": {"type": "Point", "coordinates": [4.6957957, 50.8825781]}, "properties": {"name": "PE Group nv", "spot_type": null, "is_eatery": false, "is_gastro": false, "is_retail": false, "is_transit": false, "is_office": true, "diet_vegan": false, "diet_vegetarian": false, "diet_glutenfree": false, "diet_halal": false, "unit_id": "24062A51-"}}, {"type": "Feature", "geometry": {"type": "Point", "coordinates": [4.6958232, 50.8825737]}, "properties": {"name": "X10 bvba", "spot_type": null, "is_eatery": false, "is_gastro": false, "is_retail": false, "is_transit": false, "is_office": true, "diet_vegan": false, "diet_vegetarian": false, "diet_glutenfree": false, "diet_halal": false, "unit_id": "24062A51-"}}, {"type": "Feature", "geometry": {"type": "Point", "coordinates": [4.6951593, 50.8826974]}, "properties": {"name": "Vereniging van mede-eigenaars Teutonica", "spot_type": null, "is_eatery": false, "is_gastro": false, "is_retail": false, "is_transit": false, "is_office": true, "diet_vegan": false, "diet_vegetarian": false, "diet_glutenfree": false, "diet_halal": false, "unit_id": "24062A51-"}}, {"type": "Feature", "geometry": {"type": "Point", "coordinates": [4.7186821, 50.8803386]}, "properties": {"name": "BELVU architecten", "spot_type": null, "is_eatery": false, "is_gastro": false, "is_retail": false, "is_transit": false, "is_office": true, "diet_vegan": false, "diet_vegetarian": false, "diet_glutenfree": false, "diet_halal": false, "unit_id": "24062C05-"}}, {"type": "Feature", "geometry": {"type": "Point", "coordinates": [4.7181779, 50.8810434]}, "properties": {"name": "Damen & De Fre", "spot_type": null, "is_eatery": false, "is_gastro": false, "is_retail": false, "is_transit": false, "is_office": true, "diet_vegan": false, "diet_vegetarian": false, "diet_glutenfree": false, "diet_halal": false, "unit_id": "24062C05-"}}, {"type": "Feature", "geometry": {"type": "Point", "coordinates": [4.7197681, 50.8836532]}, "properties": {"name": "Dilan", "spot_type": null, "is_eatery": true, "is_gastro": true, "is_retail": false, "is_transit": false, "is_office": false, "diet_vegan": false, "diet_vegetarian": false, "diet_glutenfree": false, "diet_halal": false, "unit_id": "24062C00-"}}, {"type": "Feature", "geometry": {"type": "Point", "coordinates": [4.718384, 50.8835284]}, "properties": {"name": "Panda Snack", "spot_type": null, "is_eatery": true, "is_gastro": true, "is_retail": false, "is_transit": false, "is_office": false, "diet_vegan": false, "diet_vegetarian": false, "diet_glutenfree": false, "diet_halal": false, "unit_id": "24062C00-"}}, {"type": "Feature", "geometry": {"type": "Point", "coordinates": [4.695194, 50.8805706]}, "properties": {"name": "Indian Aroma", "spot_type": null, "is_eatery": true, "is_gastro": true, "is_retail": false, "is_transit": false, "is_office": false, "diet_vegan": false, "diet_vegetarian": false, "diet_glutenfree": false, "diet_halal": false, "unit_id": "24062A01-"}}, {"type": "Feature", "geometry": {"type": "Point", "coordinates": [4.695259, 50.880563]}, "properties": {"name": "Asian Supermarket", "spot_type": null, "is_eatery": false, "is_gastro": false, "is_retail": true, "is_transit": false, "is_office": false, "diet_vegan": false, "diet_vegetarian": false, "diet_glutenfree": false, "diet_halal": false, "unit_id": "24062A01-"}}, {"type": "Feature", "geometry": {"type": "Point", "coordinates": [4.7421842, 50.8822445]}, "properties": {"name": "Bob van Delm", "spot_type": null, "is_eatery": false, "is_gastro": false, "is_retail": false, "is_transit": false, "is_office": true, "diet_vegan": false, "diet_vegetarian": false, "diet_glutenfree": false, "diet_halal": false, "unit_id": "24062C14-"}}, {"type": "Feature", "geometry": {"type": "Point", "coordinates": [4.6937287, 50.8814351]}, "properties": {"name": "Vereniging van mede-eigenaars Fonteinstraat 133", "spot_type": null, "is_eatery": false, "is_gastro": false, "is_retail": false, "is_transit": false, "is_office": true, "diet_vegan": false, "diet_vegetarian": false, "diet_glutenfree": false, "diet_halal": false, "unit_id": "24062A51-"}}, {"type": "Feature", "geometry": {"type": "Point", "coordinates": [4.6937319, 50.8812993]}, "properties": {"name": "Vereniging van mede-eigenaars Residentie Lovania", "spot_type": null, "is_eatery": false, "is_gastro": false, "is_retail": false, "is_transit": false, "is_office": true, "diet_vegan": false, "diet_vegetarian": false, "diet_glutenfree": false, "diet_halal": false, "unit_id": "24062A51-"}}, {"type": "Feature", "geometry": {"type": "Point", "coordinates": [4.6937786, 50.8821704]}, "properties": {"name": "Vereniging van mede-eigenaars Fonteinstraat 109", "spot_type": null, "is_eatery": false, "is_gastro": false, "is_retail": false, "is_transit": false, "is_office": true, "diet_vegan": false, "diet_vegetarian": false, "diet_glutenfree": false, "diet_halal": false, "unit_id": "24062A51-"}}, {"type": "Feature", "geometry": {"type": "Point", "coordinates": [4.6957924, 50.8804917]}, "properties": {"name": "Afghan Market", "spot_type": null, "is_eatery": false, "is_gastro": false, "is_retail": true, "is_transit": false, "is_office": false, "diet_vegan": false, "diet_vegetarian": false, "diet_glutenfree": false, "diet_halal": false, "unit_id": "24062A01-"}}, {"type": "Feature", "geometry": {"type": "Point", "coordinates": [4.6960403, 50.8804259]}, "properties": {"name": "Yamy food", "spot_type": null, "is_eatery": true, "is_gastro": true, "is_retail": false, "is_transit": false, "is_office": false, "diet_vegan": false, "diet_vegetarian": false, "diet_glutenfree": false, "diet_halal": false, "unit_id": "24062A01-"}}, {"type": "Feature", "geometry": {"type": "Point", "coordinates": [4.6961251, 50.8805648]}, "properties": {"name": "Tian Tan", "spot_type": null, "is_eatery": true, "is_gastro": true, "is_retail": false, "is_transit": false, "is_office": false, "diet_vegan": true, "diet_vegetarian": true, "diet_glutenfree": false, "diet_halal": false, "unit_id": "24062A01-"}}, {"type": "Feature", "geometry": {"type": "Point", "coordinates": [4.6962149, 50.8807252]}, "properties": {"name": "GM Consult Services", "spot_type": null, "is_eatery": false, "is_gastro": false, "is_retail": false, "is_transit": false, "is_office": true, "diet_vegan": false, "diet_vegetarian": false, "diet_glutenfree": false, "diet_halal": false, "unit_id": "24062A01-"}}, {"type": "Feature", "geometry": {"type": "Point", "coordinates": [4.6962027, 50.8806978]}, "properties": {"name": "bvba Den Anker", "spot_type": null, "is_eatery": false, "is_gastro": false, "is_retail": false, "is_transit": false, "is_office": true, "diet_vegan": false, "diet_vegetarian": false, "diet_glutenfree": false, "diet_halal": false, "unit_id": "24062A01-"}}, {"type": "Feature", "geometry": {"type": "Point", "coordinates": [4.6964025, 50.8811418]}, "properties": {"name": "nv Etablissementen Wauters", "spot_type": null, "is_eatery": false, "is_gastro": false, "is_retail": false, "is_transit": false, "is_office": true, "diet_vegan": false, "diet_vegetarian": false, "diet_glutenfree": false, "diet_halal": false, "unit_id": "24062A01-"}}, {"type": "Feature", "geometry": {"type": "Point", "coordinates": [4.6964856, 50.881316]}, "properties": {"name": "nv Panorama", "spot_type": null, "is_eatery": false, "is_gastro": false, "is_retail": false, "is_transit": false, "is_office": true, "diet_vegan": false, "diet_vegetarian": false, "diet_glutenfree": false, "diet_halal": false, "unit_id": "24062A01-"}}, {"type": "Feature", "geometry": {"type": "Point", "coordinates": [4.6964951, 50.8813737]}, "properties": {"name": "Capricorn Venture Partners nv", "spot_type": null, "is_eatery": false, "is_gastro": false, "is_retail": false, "is_transit": false, "is_office": true, "diet_vegan": false, "diet_vegetarian": false, "diet_glutenfree": false, "diet_halal": false, "unit_id": "24062A01-"}}, {"type": "Feature", "geometry": {"type": "Point", "coordinates": [4.6965048, 50.8813961]}, "properties": {"name": "Capricon Health-Tech Fund nv", "spot_type": null, "is_eatery": false, "is_gastro": false, "is_retail": false, "is_transit": false, "is_office": true, "diet_vegan": false, "diet_vegetarian": false, "diet_glutenfree": false, "diet_halal": false, "unit_id": "24062A01-"}}, {"type": "Feature", "geometry": {"type": "Point", "coordinates": [4.6965537, 50.8814124]}, "properties": {"name": "J.B.P.-International bvba", "spot_type": null, "is_eatery": false, "is_gastro": false, "is_retail": false, "is_transit": false, "is_office": true, "diet_vegan": false, "diet_vegetarian": false, "diet_glutenfree": false, "diet_halal": false, "unit_id": "24062A01-"}}, {"type": "Feature", "geometry": {"type": "Point", "coordinates": [4.6965419, 50.8813901]}, "properties": {"name": "Quest for Growth nv", "spot_type": null, "is_eatery": false, "is_gastro": false, "is_retail": false, "is_transit": false, "is_office": true, "diet_vegan": false, "diet_vegetarian": false, "diet_glutenfree": false, "diet_halal": false, "unit_id": "24062A01-"}}, {"type": "Feature", "geometry": {"type": "Point", "coordinates": [4.69653, 50.8813678]}, "properties": {"name": "Capricorn Cleantech Fund nv", "spot_type": null, "is_eatery": false, "is_gastro": false, "is_retail": false, "is_transit": false, "is_office": true, "diet_vegan": false, "diet_vegetarian": false, "diet_glutenfree": false, "diet_halal": false, "unit_id": "24062A01-"}}, {"type": "Feature", "geometry": {"type": "Point", "coordinates": [4.6965656, 50.8814347]}, "properties": {"name": "Lapiluz Advisory Services bvba", "spot_type": null, "is_eatery": false, "is_gastro": false, "is_retail": false, "is_transit": false, "is_office": true, "diet_vegan": false, "diet_vegetarian": false, "diet_glutenfree": false, "diet_halal": false, "unit_id": "24062A01-"}}, {"type": "Feature", "geometry": {"type": "Point", "coordinates": [4.696534, 50.8814634]}, "properties": {"name": "EASDAQ nv", "spot_type": null, "is_eatery": false, "is_gastro": false, "is_retail": false, "is_transit": false, "is_office": true, "diet_vegan": false, "diet_vegetarian": false, "diet_glutenfree": false, "diet_halal": false, "unit_id": "24062A01-"}}, {"type": "Feature", "geometry": {"type": "Point", "coordinates": [4.6965243, 50.881441]}, "properties": {"name": "Capricorn II Partner Participations nv", "spot_type": null, "is_eatery": false, "is_gastro": false, "is_retail": false, "is_transit": false, "is_office": true, "diet_vegan": false, "diet_vegetarian": false, "diet_glutenfree": false, "diet_halal": false, "unit_id": "24062A01-"}}, {"type": "Feature", "geometry": {"type": "Point", "coordinates": [4.6965146, 50.8814186]}, "properties": {"name": "Capricorn ICT Arkiv nv", "spot_type": null, "is_eatery": false, "is_gastro": false, "is_retail": false, "is_transit": false, "is_office": true, "diet_vegan": false, "diet_vegetarian": false, "diet_glutenfree": false, "diet_halal": false, "unit_id": "24062A01-"}}, {"type": "Feature", "geometry": {"type": "Point", "coordinates": [4.6965795, 50.8815298]}, "properties": {"name": "DDM Company bvba", "spot_type": null, "is_eatery": false, "is_gastro": false, "is_retail": false, "is_transit": false, "is_office": true, "diet_vegan": false, "diet_vegetarian": false, "diet_glutenfree": false, "diet_halal": false, "unit_id": "24062A01-"}}, {"type": "Feature", "geometry": {"type": "Point", "coordinates": [4.6968808, 50.8818301]}, "properties": {"name": "E&N bvba", "spot_type": null, "is_eatery": false, "is_gastro": false, "is_retail": false, "is_transit": false, "is_office": true, "diet_vegan": false, "diet_vegetarian": false, "diet_glutenfree": false, "diet_halal": false, "unit_id": "24062A01-"}}, {"type": "Feature", "geometry": {"type": "Point", "coordinates": [4.6971035, 50.8820369]}, "properties": {"name": "HZIV Leuven", "spot_type": null, "is_eatery": false, "is_gastro": false, "is_retail": false, "is_transit": false, "is_office": true, "diet_vegan": false, "diet_vegetarian": false, "diet_glutenfree": false, "diet_halal": false, "unit_id": "24062A01-"}}, {"type": "Feature", "geometry": {"type": "Point", "coordinates": [4.6970803, 50.8802871]}, "properties": {"name": "Adagio ma non Troppo bvba", "spot_type": null, "is_eatery": false, "is_gastro": false, "is_retail": false, "is_transit": false, "is_office": true, "diet_vegan": false, "diet_vegetarian": false, "diet_glutenfree": false, "diet_halal": false, "unit_id": "24062A01-"}}, {"type": "Feature", "geometry": {"type": "Point", "coordinates": [4.6970768, 50.880278]}, "properties": {"name": "Groen", "spot_type": null, "is_eatery": false, "is_gastro": false, "is_retail": false, "is_transit": false, "is_office": true, "diet_vegan": false, "diet_vegetarian": false, "diet_glutenfree": false, "diet_halal": false, "unit_id": "24062A01-"}}, {"type": "Feature", "geometry": {"type": "Point", "coordinates": [4.6966889, 50.8803439]}, "properties": {"name": "Timory", "spot_type": null, "is_eatery": true, "is_gastro": true, "is_retail": false, "is_transit": false, "is_office": false, "diet_vegan": false, "diet_vegetarian": false, "diet_glutenfree": false, "diet_halal": false, "unit_id": "24062A01-"}}, {"type": "Feature", "geometry": {"type": "Point", "coordinates": [4.6968136, 50.8803236]}, "properties": {"name": "L'Uovo", "spot_type": null, "is_eatery": true, "is_gastro": true, "is_retail": false, "is_transit": false, "is_office": false, "diet_vegan": false, "diet_vegetarian": false, "diet_glutenfree": false, "diet_halal": false, "unit_id": "24062A01-"}}, {"type": "Feature", "geometry": {"type": "Point", "coordinates": [4.6979347, 50.8800572]}, "properties": {"name": "Leuvens Historisch Genootschap vzw", "spot_type": null, "is_eatery": false, "is_gastro": false, "is_retail": false, "is_transit": false, "is_office": true, "diet_vegan": false, "diet_vegetarian": false, "diet_glutenfree": false, "diet_halal": false, "unit_id": "24062A01-"}}, {"type": "Feature", "geometry": {"type": "Point", "coordinates": [4.6981918, 50.8799532]}, "properties": {"name": "Madmum", "spot_type": "cafe", "is_eatery": true, "is_gastro": false, "is_retail": false, "is_transit": false, "is_office": false, "diet_vegan": true, "diet_vegetarian": true, "diet_glutenfree": false, "diet_halal": false, "unit_id": "24062A01-"}}, {"type": "Feature", "geometry": {"type": "Point", "coordinates": [4.6980575, 50.8800053]}, "properties": {"name": "Taste of Asia", "spot_type": null, "is_eatery": true, "is_gastro": true, "is_retail": false, "is_transit": false, "is_office": false, "diet_vegan": false, "diet_vegetarian": false, "diet_glutenfree": false, "diet_halal": false, "unit_id": "24062A01-"}}, {"type": "Feature", "geometry": {"type": "Point", "coordinates": [4.6966654, 50.8808917]}, "properties": {"name": "Advice and Training Centre bvba", "spot_type": null, "is_eatery": false, "is_gastro": false, "is_retail": false, "is_transit": false, "is_office": true, "diet_vegan": false, "diet_vegetarian": false, "diet_glutenfree": false, "diet_halal": false, "unit_id": "24062A01-"}}, {"type": "Feature", "geometry": {"type": "Point", "coordinates": [4.697677, 50.8807085]}, "properties": {"name": "Centraal Kerkbestuur Leuven", "spot_type": null, "is_eatery": false, "is_gastro": false, "is_retail": false, "is_transit": false, "is_office": true, "diet_vegan": false, "diet_vegetarian": false, "diet_glutenfree": false, "diet_halal": false, "unit_id": "24062A01-"}}, {"type": "Feature", "geometry": {"type": "Point", "coordinates": [4.6981267, 50.8804814]}, "properties": {"name": "Duggan Associates bvba", "spot_type": null, "is_eatery": false, "is_gastro": false, "is_retail": false, "is_transit": false, "is_office": true, "diet_vegan": false, "diet_vegetarian": false, "diet_glutenfree": false, "diet_halal": false, "unit_id": "24062A01-"}}, {"type": "Feature", "geometry": {"type": "Point", "coordinates": [4.6973188, 50.8807531]}, "properties": {"name": "Indivisual ebvba", "spot_type": null, "is_eatery": false, "is_gastro": false, "is_retail": false, "is_transit": false, "is_office": true, "diet_vegan": false, "diet_vegetarian": false, "diet_glutenfree": false, "diet_halal": false, "unit_id": "24062A01-"}}, {"type": "Feature", "geometry": {"type": "Point", "coordinates": [4.6969323, 50.880799]}, "properties": {"name": "Jaambama bvba", "spot_type": null, "is_eatery": false, "is_gastro": false, "is_retail": false, "is_transit": false, "is_office": true, "diet_vegan": false, "diet_vegetarian": false, "diet_glutenfree": false, "diet_halal": false, "unit_id": "24062A01-"}}, {"type": "Feature", "geometry": {"type": "Point", "coordinates": [4.6982872, 50.8802174]}, "properties": {"name": "Liberale Volkslievende Bond P.V.V.", "spot_type": null, "is_eatery": false, "is_gastro": false, "is_retail": false, "is_transit": false, "is_office": true, "diet_vegan": false, "diet_vegetarian": false, "diet_glutenfree": false, "diet_halal": false, "unit_id": "24062A01-"}}, {"type": "Feature", "geometry": {"type": "Point", "coordinates": [4.6982877, 50.8802143]}, "properties": {"name": "Liberale Volkslievende Bond", "spot_type": null, "is_eatery": false, "is_gastro": false, "is_retail": false, "is_transit": false, "is_office": true, "diet_vegan": false, "diet_vegetarian": false, "diet_glutenfree": false, "diet_halal": false, "unit_id": "24062A01-"}}, {"type": "Feature", "geometry": {"type": "Point", "coordinates": [4.6966641, 50.8808809]}, "properties": {"name": "N.C. Holdings Internationaal", "spot_type": null, "is_eatery": false, "is_gastro": false, "is_retail": false, "is_transit": false, "is_office": true, "diet_vegan": false, "diet_vegetarian": false, "diet_glutenfree": false, "diet_halal": false, "unit_id": "24062A01-"}}, {"type": "Feature", "geometry": {"type": "Point", "coordinates": [4.6966648, 50.8808863]}, "properties": {"name": "N.C. Holdings nv", "spot_type": null, "is_eatery": false, "is_gastro": false, "is_retail": false, "is_transit": false, "is_office": true, "diet_vegan": false, "diet_vegetarian": false, "diet_glutenfree": false, "diet_halal": false, "unit_id": "24062A01-"}}, {"type": "Feature", "geometry": {"type": "Point", "coordinates": [4.6966634, 50.8808755]}, "properties": {"name": "Provitel nv", "spot_type": null, "is_eatery": false, "is_gastro": false, "is_retail": false, "is_transit": false, "is_office": true, "diet_vegan": false, "diet_vegetarian": false, "diet_glutenfree": false, "diet_halal": false, "unit_id": "24062A01-"}}, {"type": "Feature", "geometry": {"type": "Point", "coordinates": [4.6966627, 50.88087]}, "properties": {"name": "Pure Equestrian vof", "spot_type": null, "is_eatery": false, "is_gastro": false, "is_retail": false, "is_transit": false, "is_office": true, "diet_vegan": false, "diet_vegetarian": false, "diet_glutenfree": false, "diet_halal": false, "unit_id": "24062A01-"}}, {"type": "Feature", "geometry": {"type": "Point", "coordinates": [4.6973192, 50.8807425]}, "properties": {"name": "Schoolgebouwen De Wandeleer vzw", "spot_type": null, "is_eatery": false, "is_gastro": false, "is_retail": false, "is_transit": false, "is_office": true, "diet_vegan": false, "diet_vegetarian": false, "diet_glutenfree": false, "diet_halal": false, "unit_id": "24062A01-"}}, {"type": "Feature", "geometry": {"type": "Point", "coordinates": [4.6976759, 50.8807197]}, "properties": {"name": "Vereniging der parochiale werken van het gewest Leuven vzw", "spot_type": null, "is_eatery": false, "is_gastro": false, "is_retail": false, "is_transit": false, "is_office": true, "diet_vegan": false, "diet_vegetarian": false, "diet_glutenfree": false, "diet_halal": false, "unit_id": "24062A01-"}}, {"type": "Feature", "geometry": {"type": "Point", "coordinates": [4.6964521, 50.8805372]}, "properties": {"name": "Vereniging van mede-eigenaars Lei 4", "spot_type": null, "is_eatery": false, "is_gastro": false, "is_retail": false, "is_transit": false, "is_office": true, "diet_vegan": false, "diet_vegetarian": false, "diet_glutenfree": false, "diet_halal": false, "unit_id": "24062A01-"}}, {"type": "Feature", "geometry": {"type": "Point", "coordinates": [4.6934277, 50.8824551]}, "properties": {"name": "Allen te samen vzw", "spot_type": null, "is_eatery": false, "is_gastro": false, "is_retail": false, "is_transit": false, "is_office": true, "diet_vegan": false, "diet_vegetarian": false, "diet_glutenfree": false, "diet_halal": false, "unit_id": "24062A51-"}}, {"type": "Feature", "geometry": {"type": "Point", "coordinates": [4.6935029, 50.8828194]}, "properties": {"name": "D en L bvba", "spot_type": null, "is_eatery": false, "is_gastro": false, "is_retail": false, "is_transit": false, "is_office": true, "diet_vegan": false, "diet_vegetarian": false, "diet_glutenfree": false, "diet_halal": false, "unit_id": "24062A51-"}}, {"type": "Feature", "geometry": {"type": "Point", "coordinates": [4.6933897, 50.8820754]}, "properties": {"name": "MSK Consulting gcv", "spot_type": null, "is_eatery": false, "is_gastro": false, "is_retail": false, "is_transit": false, "is_office": true, "diet_vegan": false, "diet_vegetarian": false, "diet_glutenfree": false, "diet_halal": false, "unit_id": "24062A51-"}}, {"type": "Feature", "geometry": {"type": "Point", "coordinates": [4.6933876, 50.8820508]}, "properties": {"name": "Turfput nv", "spot_type": null, "is_eatery": false, "is_gastro": false, "is_retail": false, "is_transit": false, "is_office": true, "diet_vegan": false, "diet_vegetarian": false, "diet_glutenfree": false, "diet_halal": false, "unit_id": "24062A51-"}}, {"type": "Feature", "geometry": {"type": "Point", "coordinates": [4.6933257, 50.8814688]}, "properties": {"name": "Vereniging van Mede-Eigenaars Tessenstraat 5", "spot_type": null, "is_eatery": false, "is_gastro": false, "is_retail": false, "is_transit": false, "is_office": true, "diet_vegan": false, "diet_vegetarian": false, "diet_glutenfree": false, "diet_halal": false, "unit_id": "24062A51-"}}, {"type": "Feature", "geometry": {"type": "Point", "coordinates": [4.6935145, 50.8829136]}, "properties": {"name": "Vereniging van mede-eigenaars Tessenstraat 21", "spot_type": null, "is_eatery": false, "is_gastro": false, "is_retail": false, "is_transit": false, "is_office": true, "diet_vegan": false, "diet_vegetarian": false, "diet_glutenfree": false, "diet_halal": false, "unit_id": "24062A51-"}}, {"type": "Feature", "geometry": {"type": "Point", "coordinates": [4.6933347, 50.8816209]}, "properties": {"name": "Vereniging van mede-eigenaars Tessenstraat 7", "spot_type": null, "is_eatery": false, "is_gastro": false, "is_retail": false, "is_transit": false, "is_office": true, "diet_vegan": false, "diet_vegetarian": false, "diet_glutenfree": false, "diet_halal": false, "unit_id": "24062A51-"}}, {"type": "Feature", "geometry": {"type": "Point", "coordinates": [4.6935181, 50.8829968]}, "properties": {"name": "Vereniging van mede-eigenaars residentie Fontes 2", "spot_type": null, "is_eatery": false, "is_gastro": false, "is_retail": false, "is_transit": false, "is_office": true, "diet_vegan": false, "diet_vegetarian": false, "diet_glutenfree": false, "diet_halal": false, "unit_id": "24062A51-"}}, {"type": "Feature", "geometry": {"type": "Point", "coordinates": [4.693505, 50.8828288]}, "properties": {"name": "Vereniging van mede-eigenaars residentie Fontes", "spot_type": null, "is_eatery": false, "is_gastro": false, "is_retail": false, "is_transit": false, "is_office": true, "diet_vegan": false, "diet_vegetarian": false, "diet_glutenfree": false, "diet_halal": false, "unit_id": "24062A51-"}}, {"type": "Feature", "geometry": {"type": "Point", "coordinates": [4.6933347, 50.881602]}, "properties": {"name": "Wigoh cvba", "spot_type": null, "is_eatery": false, "is_gastro": false, "is_retail": false, "is_transit": false, "is_office": true, "diet_vegan": false, "diet_vegetarian": false, "diet_glutenfree": false, "diet_halal": false, "unit_id": "24062A51-"}}, {"type": "Feature", "geometry": {"type": "Point", "coordinates": [4.6932989, 50.8809314]}, "properties": {"name": "Slagerij Fontein", "spot_type": null, "is_eatery": false, "is_gastro": false, "is_retail": true, "is_transit": false, "is_office": false, "diet_vegan": false, "diet_vegetarian": false, "diet_glutenfree": false, "diet_halal": false, "unit_id": "24062A51-"}}, {"type": "Feature", "geometry": {"type": "Point", "coordinates": [4.6930044, 50.88075]}, "properties": {"name": "Amin & Co", "spot_type": null, "is_eatery": false, "is_gastro": false, "is_retail": true, "is_transit": false, "is_office": false, "diet_vegan": false, "diet_vegetarian": false, "diet_glutenfree": false, "diet_halal": false, "unit_id": "24062A51-"}}, {"type": "Feature", "geometry": {"type": "Point", "coordinates": [4.6926832, 50.8819066]}, "properties": {"name": "B.O.A. Consult bvba", "spot_type": null, "is_eatery": false, "is_gastro": false, "is_retail": false, "is_transit": false, "is_office": true, "diet_vegan": false, "diet_vegetarian": false, "diet_glutenfree": false, "diet_halal": false, "unit_id": "24062A51-"}}, {"type": "Feature", "geometry": {"type": "Point", "coordinates": [4.6925141, 50.8808257]}, "properties": {"name": "Capadocië", "spot_type": null, "is_eatery": false, "is_gastro": false, "is_retail": true, "is_transit": false, "is_office": false, "diet_vegan": false, "diet_vegetarian": false, "diet_glutenfree": false, "diet_halal": false, "unit_id": "24062A51-"}}, {"type": "Feature", "geometry": {"type": "Point", "coordinates": [4.692774, 50.8807843]}, "properties": {"name": "Cappadocia Kebab", "spot_type": null, "is_eatery": true, "is_gastro": true, "is_retail": false, "is_transit": false, "is_office": false, "diet_vegan": false, "diet_vegetarian": false, "diet_glutenfree": false, "diet_halal": false, "unit_id": "24062A51-"}}, {"type": "Feature", "geometry": {"type": "Point", "coordinates": [4.6919385, 50.8809194]}, "properties": {"name": "Vereniging van mede-eigenaars Residentie Amaryllis", "spot_type": null, "is_eatery": false, "is_gastro": false, "is_retail": false, "is_transit": false, "is_office": true, "diet_vegan": false, "diet_vegetarian": false, "diet_glutenfree": false, "diet_halal": false, "unit_id": "24062A51-"}}, {"type": "Feature", "geometry": {"type": "Point", "coordinates": [4.6926816, 50.8818926]}, "properties": {"name": "Verhaeg B2B ebvba", "spot_type": null, "is_eatery": false, "is_gastro": false, "is_retail": false, "is_transit": false, "is_office": true, "diet_vegan": false, "diet_vegetarian": false, "diet_glutenfree": false, "diet_halal": false, "unit_id": "24062A51-"}}, {"type": "Feature", "geometry": {"type": "Point", "coordinates": [4.6910774, 50.8811257]}, "properties": {"name": "Mostaert, Maere & Van Elslande bvba", "spot_type": null, "is_eatery": false, "is_gastro": false, "is_retail": false, "is_transit": false, "is_office": true, "diet_vegan": false, "diet_vegetarian": false, "diet_glutenfree": false, "diet_halal": false, "unit_id": "24062A51-"}}, {"type": "Feature", "geometry": {"type": "Point", "coordinates": [4.6917556, 50.8809749]}, "properties": {"name": "Amazone Consult", "spot_type": null, "is_eatery": false, "is_gastro": false, "is_retail": false, "is_transit": false, "is_office": true, "diet_vegan": false, "diet_vegetarian": false, "diet_glutenfree": false, "diet_halal": false, "unit_id": "24062A51-"}}, {"type": "Feature", "geometry": {"type": "Point", "coordinates": [4.6910759, 50.8811183]}, "properties": {"name": "Servitia De Biest nv", "spot_type": null, "is_eatery": false, "is_gastro": false, "is_retail": false, "is_transit": false, "is_office": true, "diet_vegan": false, "diet_vegetarian": false, "diet_glutenfree": false, "diet_halal": false, "unit_id": "24062A51-"}}, {"type": "Feature", "geometry": {"type": "Point", "coordinates": [4.6908809, 50.8817391]}, "properties": {"name": "Ananova bvba", "spot_type": null, "is_eatery": false, "is_gastro": false, "is_retail": false, "is_transit": false, "is_office": true, "diet_vegan": false, "diet_vegetarian": false, "diet_glutenfree": false, "diet_halal": false, "unit_id": "24062A51-"}}, {"type": "Feature", "geometry": {"type": "Point", "coordinates": [4.6909186, 50.8817768]}, "properties": {"name": "Karel van Brussel Management ebvba", "spot_type": null, "is_eatery": false, "is_gastro": false, "is_retail": false, "is_transit": false, "is_office": true, "diet_vegan": false, "diet_vegetarian": false, "diet_glutenfree": false, "diet_halal": false, "unit_id": "24062A51-"}}, {"type": "Feature", "geometry": {"type": "Point", "coordinates": [4.6912691, 50.8822283]}, "properties": {"name": "Close Line Projects vof", "spot_type": null, "is_eatery": false, "is_gastro": false, "is_retail": false, "is_transit": false, "is_office": true, "diet_vegan": false, "diet_vegetarian": false, "diet_glutenfree": false, "diet_halal": false, "unit_id": "24062A51-"}}, {"type": "Feature", "geometry": {"type": "Point", "coordinates": [4.6915751, 50.8826537]}, "properties": {"name": "Integratie en Zelfstandig Wonen van fysiek gehandicapte personen vzw", "spot_type": null, "is_eatery": false, "is_gastro": false, "is_retail": false, "is_transit": false, "is_office": true, "diet_vegan": false, "diet_vegetarian": false, "diet_glutenfree": false, "diet_halal": false, "unit_id": "24062A51-"}}, {"type": "Feature", "geometry": {"type": "Point", "coordinates": [4.6914222, 50.8824378]}, "properties": {"name": "Vriendenkring School Vriesenhof vzw", "spot_type": null, "is_eatery": false, "is_gastro": false, "is_retail": false, "is_transit": false, "is_office": true, "diet_vegan": false, "diet_vegetarian": false, "diet_glutenfree": false, "diet_halal": false, "unit_id": "24062A51-"}}, {"type": "Feature", "geometry": {"type": "Point", "coordinates": [4.6926396, 50.8831175]}, "properties": {"name": "Adis International nv", "spot_type": null, "is_eatery": false, "is_gastro": false, "is_retail": false, "is_transit": false, "is_office": true, "diet_vegan": false, "diet_vegetarian": false, "diet_glutenfree": false, "diet_halal": false, "unit_id": "24062A51-"}}, {"type": "Feature", "geometry": {"type": "Point", "coordinates": [4.6926926, 50.8831122]}, "properties": {"name": "Farimo nv", "spot_type": null, "is_eatery": false, "is_gastro": false, "is_retail": false, "is_transit": false, "is_office": true, "diet_vegan": false, "diet_vegetarian": false, "diet_glutenfree": false, "diet_halal": false, "unit_id": "24062A51-"}}, {"type": "Feature", "geometry": {"type": "Point", "coordinates": [4.6926888, 50.8830959]}, "properties": {"name": "International Business Transport Leuven bvba", "spot_type": null, "is_eatery": false, "is_gastro": false, "is_retail": false, "is_transit": false, "is_office": true, "diet_vegan": false, "diet_vegetarian": false, "diet_glutenfree": false, "diet_halal": false, "unit_id": "24062A51-"}}, {"type": "Feature", "geometry": {"type": "Point", "coordinates": [4.696397, 50.8834156]}, "properties": {"name": "Cross-Ventus bvba", "spot_type": null, "is_eatery": false, "is_gastro": false, "is_retail": false, "is_transit": false, "is_office": true, "diet_vegan": false, "diet_vegetarian": false, "diet_glutenfree": false, "diet_halal": false, "unit_id": "24062A51-"}}, {"type": "Feature", "geometry": {"type": "Point", "coordinates": [4.6965307, 50.8826521]}, "properties": {"name": "Immo Schroeven", "spot_type": null, "is_eatery": false, "is_gastro": false, "is_retail": false, "is_transit": false, "is_office": true, "diet_vegan": false, "diet_vegetarian": false, "diet_glutenfree": false, "diet_halal": false, "unit_id": "24062A51-"}}, {"type": "Feature", "geometry": {"type": "Point", "coordinates": [4.6965231, 50.8826741]}, "properties": {"name": "Pro-Volley Technics vzw", "spot_type": null, "is_eatery": false, "is_gastro": false, "is_retail": false, "is_transit": false, "is_office": true, "diet_vegan": false, "diet_vegetarian": false, "diet_glutenfree": false, "diet_halal": false, "unit_id": "24062A51-"}}, {"type": "Feature", "geometry": {"type": "Point", "coordinates": [4.6968209, 50.8832826]}, "properties": {"name": "Vereniging van mede-eigenaars Gebouw Eden en Electra", "spot_type": null, "is_eatery": false, "is_gastro": false, "is_retail": false, "is_transit": false, "is_office": true, "diet_vegan": false, "diet_vegetarian": false, "diet_glutenfree": false, "diet_halal": false, "unit_id": "24062A51-"}}, {"type": "Feature", "geometry": {"type": "Point", "coordinates": [4.6965216, 50.8826875]}, "properties": {"name": "Vereniging van mede-eigenaars Gebouw Impala", "spot_type": null, "is_eatery": false, "is_gastro": false, "is_retail": false, "is_transit": false, "is_office": true, "diet_vegan": false, "diet_vegetarian": false, "diet_glutenfree": false, "diet_halal": false, "unit_id": "24062A51-"}}, {"type": "Feature", "geometry": {"type": "Point", "coordinates": [4.6963947, 50.8834027]}, "properties": {"name": "Vereniging van mede-eigenaars Residentie Oase", "spot_type": null, "is_eatery": false, "is_gastro": false, "is_retail": false, "is_transit": false, "is_office": true, "diet_vegan": false, "diet_vegetarian": false, "diet_glutenfree": false, "diet_halal": false, "unit_id": "24062A51-"}}, {"type": "Feature", "geometry": {"type": "Point", "coordinates": [4.6973017, 50.8838187]}, "properties": {"name": "Assumptie Leuven fv", "spot_type": null, "is_eatery": false, "is_gastro": false, "is_retail": false, "is_transit": false, "is_office": true, "diet_vegan": false, "diet_vegetarian": false, "diet_glutenfree": false, "diet_halal": false, "unit_id": "24062A51-"}}, {"type": "Feature", "geometry": {"type": "Point", "coordinates": [4.6972816, 50.8837805]}, "properties": {"name": "Paters Assumptionisten vzw", "spot_type": null, "is_eatery": false, "is_gastro": false, "is_retail": false, "is_transit": false, "is_office": true, "diet_vegan": false, "diet_vegetarian": false, "diet_glutenfree": false, "diet_halal": false, "unit_id": "24062A51-"}}, {"type": "Feature", "geometry": {"type": "Point", "coordinates": [4.6972614, 50.8837423]}, "properties": {"name": "Priesters Missionarissen van de Assumptie vzw", "spot_type": null, "is_eatery": false, "is_gastro": false, "is_retail": false, "is_transit": false, "is_office": true, "diet_vegan": false, "diet_vegetarian": false, "diet_glutenfree": false, "diet_halal": false, "unit_id": "24062A51-"}}, {"type": "Feature", "geometry": {"type": "Point", "coordinates": [4.6973219, 50.8838569]}, "properties": {"name": "Vereniging van Religieus Wetenschappelijke Bibliothecarissen vzw", "spot_type": null, "is_eatery": false, "is_gastro": false, "is_retail": false, "is_transit": false, "is_office": true, "diet_vegan": false, "diet_vegetarian": false, "diet_glutenfree": false, "diet_halal": false, "unit_id": "24062A51-"}}, {"type": "Feature", "geometry": {"type": "Point", "coordinates": [4.6937925, 50.8840238]}, "properties": {"name": "Nzuko Ndigbo vzw", "spot_type": null, "is_eatery": false, "is_gastro": false, "is_retail": false, "is_transit": false, "is_office": true, "diet_vegan": false, "diet_vegetarian": false, "diet_glutenfree": false, "diet_halal": false, "unit_id": "24062A51-"}}, {"type": "Feature", "geometry": {"type": "Point", "coordinates": [4.6940551, 50.8834703]}, "properties": {"name": "Vereniging van mede-eigenaars Residentie Goudsbloemhof", "spot_type": null, "is_eatery": false, "is_gastro": false, "is_retail": false, "is_transit": false, "is_office": true, "diet_vegan": false, "diet_vegetarian": false, "diet_glutenfree": false, "diet_halal": false, "unit_id": "24062A51-"}}, {"type": "Feature", "geometry": {"type": "Point", "coordinates": [4.6934577, 50.8843805]}, "properties": {"name": "Het eiland neus vof", "spot_type": null, "is_eatery": false, "is_gastro": false, "is_retail": false, "is_transit": false, "is_office": true, "diet_vegan": false, "diet_vegetarian": false, "diet_glutenfree": false, "diet_halal": false, "unit_id": "24062A51-"}}, {"type": "Feature", "geometry": {"type": "Point", "coordinates": [4.6944151, 50.8840005]}, "properties": {"name": "INI Consultancy ebvba", "spot_type": null, "is_eatery": false, "is_gastro": false, "is_retail": false, "is_transit": false, "is_office": true, "diet_vegan": false, "diet_vegetarian": false, "diet_glutenfree": false, "diet_halal": false, "unit_id": "24062A51-"}}, {"type": "Feature", "geometry": {"type": "Point", "coordinates": [4.6931155, 50.8843739]}, "properties": {"name": "Recht op stip Af Leuven vzw", "spot_type": null, "is_eatery": false, "is_gastro": false, "is_retail": false, "is_transit": false, "is_office": true, "diet_vegan": false, "diet_vegetarian": false, "diet_glutenfree": false, "diet_halal": false, "unit_id": "24062A51-"}}, {"type": "Feature", "geometry": {"type": "Point", "coordinates": [4.6943755, 50.8843216]}, "properties": {"name": "Theater O' vzw", "spot_type": null, "is_eatery": false, "is_gastro": false, "is_retail": false, "is_transit": false, "is_office": true, "diet_vegan": false, "diet_vegetarian": false, "diet_glutenfree": false, "diet_halal": false, "unit_id": "24062A51-"}}, {"type": "Feature", "geometry": {"type": "Point", "coordinates": [4.6924286, 50.8837155]}, "properties": {"name": "Christelijke Mutualiteit kantoor Petermannenstraat", "spot_type": null, "is_eatery": false, "is_gastro": false, "is_retail": false, "is_transit": false, "is_office": true, "diet_vegan": false, "diet_vegetarian": false, "diet_glutenfree": false, "diet_halal": false, "unit_id": "24062A51-"}}, {"type": "Feature", "geometry": {"type": "Point", "coordinates": [4.6920247, 50.8833555]}, "properties": {"name": "InFidem vof", "spot_type": null, "is_eatery": false, "is_gastro": false, "is_retail": false, "is_transit": false, "is_office": true, "diet_vegan": false, "diet_vegetarian": false, "diet_glutenfree": false, "diet_halal": false, "unit_id": "24062A51-"}}, {"type": "Feature", "geometry": {"type": "Point", "coordinates": [4.6932858, 50.8831695]}, "properties": {"name": "Vereniging van mede-eigenaars Residentie De Blauwe Olifant", "spot_type": null, "is_eatery": false, "is_gastro": false, "is_retail": false, "is_transit": false, "is_office": true, "diet_vegan": false, "diet_vegetarian": false, "diet_glutenfree": false, "diet_halal": false, "unit_id": "24062A51-"}}, {"type": "Feature", "geometry": {"type": "Point", "coordinates": [4.6404921, 50.8675274]}, "properties": {"name": "Bertem Alsemberg", "spot_type": null, "is_eatery": false, "is_gastro": false, "is_retail": false, "is_transit": true, "is_office": false, "diet_vegan": false, "diet_vegetarian": false, "diet_glutenfree": false, "diet_halal": false, "unit_id": "24009A010"}}, {"type": "Feature", "geometry": {"type": "Point", "coordinates": [4.6924834, 50.8843642]}, "properties": {"name": "Filipiniana-Europa vzw", "spot_type": null, "is_eatery": false, "is_gastro": false, "is_retail": false, "is_transit": false, "is_office": true, "diet_vegan": false, "diet_vegetarian": false, "diet_glutenfree": false, "diet_halal": false, "unit_id": "24062A51-"}}, {"type": "Feature", "geometry": {"type": "Point", "coordinates": [4.6930836, 50.883949]}, "properties": {"name": "Handbalclub Leuven Tigers vzw", "spot_type": null, "is_eatery": false, "is_gastro": false, "is_retail": false, "is_transit": false, "is_office": true, "diet_vegan": false, "diet_vegetarian": false, "diet_glutenfree": false, "diet_halal": false, "unit_id": "24062A51-"}}, {"type": "Feature", "geometry": {"type": "Point", "coordinates": [4.6948013, 50.8843699]}, "properties": {"name": "Leuvense Reclame en Persverdeling bvba", "spot_type": null, "is_eatery": false, "is_gastro": false, "is_retail": false, "is_transit": false, "is_office": true, "diet_vegan": false, "diet_vegetarian": false, "diet_glutenfree": false, "diet_halal": false, "unit_id": "24062A51-"}}, {"type": "Feature", "geometry": {"type": "Point", "coordinates": [4.6936447, 50.8849655]}, "properties": {"name": "Belgian Cheerleading Federation vzw", "spot_type": null, "is_eatery": false, "is_gastro": false, "is_retail": false, "is_transit": false, "is_office": true, "diet_vegan": false, "diet_vegetarian": false, "diet_glutenfree": false, "diet_halal": false, "unit_id": "24062A51-"}}, {"type": "Feature", "geometry": {"type": "Point", "coordinates": [4.6939773, 50.8844701]}, "properties": {"name": "Diveolution bvba", "spot_type": null, "is_eatery": false, "is_gastro": false, "is_retail": false, "is_transit": false, "is_office": true, "diet_vegan": false, "diet_vegetarian": false, "diet_glutenfree": false, "diet_halal": false, "unit_id": "24062A51-"}}, {"type": "Feature", "geometry": {"type": "Point", "coordinates": [4.693948, 50.8849655]}, "properties": {"name": "Made With Wonder bvba", "spot_type": null, "is_eatery": false, "is_gastro": false, "is_retail": false, "is_transit": false, "is_office": true, "diet_vegan": false, "diet_vegetarian": false, "diet_glutenfree": false, "diet_halal": false, "unit_id": "24062A51-"}}, {"type": "Feature", "geometry": {"type": "Point", "coordinates": [4.6946328, 50.8843974]}, "properties": {"name": "Mingjan bvba", "spot_type": null, "is_eatery": false, "is_gastro": false, "is_retail": false, "is_transit": false, "is_office": true, "diet_vegan": false, "diet_vegetarian": false, "diet_glutenfree": false, "diet_halal": false, "unit_id": "24062A51-"}}, {"type": "Feature", "geometry": {"type": "Point", "coordinates": [4.6939524, 50.8849169]}, "properties": {"name": "Wondergraphs bvba", "spot_type": null, "is_eatery": false, "is_gastro": false, "is_retail": false, "is_transit": false, "is_office": true, "diet_vegan": false, "diet_vegetarian": false, "diet_glutenfree": false, "diet_halal": false, "unit_id": "24062A51-"}}, {"type": "Feature", "geometry": {"type": "Point", "coordinates": [4.6962577, 50.8844241]}, "properties": {"name": "Enervalis bvba", "spot_type": null, "is_eatery": false, "is_gastro": false, "is_retail": false, "is_transit": false, "is_office": true, "diet_vegan": false, "diet_vegetarian": false, "diet_glutenfree": false, "diet_halal": false, "unit_id": "24062A05-"}}, {"type": "Feature", "geometry": {"type": "Point", "coordinates": [4.6962732, 50.8846888]}, "properties": {"name": "The Whiskyman vof", "spot_type": null, "is_eatery": false, "is_gastro": false, "is_retail": false, "is_transit": false, "is_office": true, "diet_vegan": false, "diet_vegetarian": false, "diet_glutenfree": false, "diet_halal": false, "unit_id": "24062A05-"}}, {"type": "Feature", "geometry": {"type": "Point", "coordinates": [4.6962509, 50.8843786]}, "properties": {"name": "Ubisin bvba", "spot_type": null, "is_eatery": false, "is_gastro": false, "is_retail": false, "is_transit": false, "is_office": true, "diet_vegan": false, "diet_vegetarian": false, "diet_glutenfree": false, "diet_halal": false, "unit_id": "24062A05-"}}, {"type": "Feature", "geometry": {"type": "Point", "coordinates": [4.6960179, 50.8845908]}, "properties": {"name": null, "spot_type": null, "is_eatery": false, "is_gastro": false, "is_retail": false, "is_transit": false, "is_office": true, "diet_vegan": false, "diet_vegetarian": false, "diet_glutenfree": false, "diet_halal": false, "unit_id": "24062A05-"}}, {"type": "Feature", "geometry": {"type": "Point", "coordinates": [4.6979738, 50.8842857]}, "properties": {"name": "Alcyone vzw", "spot_type": null, "is_eatery": false, "is_gastro": false, "is_retail": false, "is_transit": false, "is_office": true, "diet_vegan": false, "diet_vegetarian": false, "diet_glutenfree": false, "diet_halal": false, "unit_id": "24062A05-"}}, {"type": "Feature", "geometry": {"type": "Point", "coordinates": [4.6971596, 50.8827261]}, "properties": {"name": "David Venter bvba", "spot_type": null, "is_eatery": false, "is_gastro": false, "is_retail": false, "is_transit": false, "is_office": true, "diet_vegan": false, "diet_vegetarian": false, "diet_glutenfree": false, "diet_halal": false, "unit_id": "24062A01-"}}, {"type": "Feature", "geometry": {"type": "Point", "coordinates": [4.6971485, 50.8827835]}, "properties": {"name": "Dr. Peter-Jan De Brauwer bvba", "spot_type": null, "is_eatery": false, "is_gastro": false, "is_retail": false, "is_transit": false, "is_office": true, "diet_vegan": false, "diet_vegetarian": false, "diet_glutenfree": false, "diet_halal": false, "unit_id": "24062A01-"}}, {"type": "Feature", "geometry": {"type": "Point", "coordinates": [4.697154, 50.8827548]}, "properties": {"name": "Dr. S. Verstraeten bvba", "spot_type": null, "is_eatery": false, "is_gastro": false, "is_retail": false, "is_transit": false, "is_office": true, "diet_vegan": false, "diet_vegetarian": false, "diet_glutenfree": false, "diet_halal": false, "unit_id": "24062A01-"}}, {"type": "Feature", "geometry": {"type": "Point", "coordinates": [4.6979442, 50.8843586]}, "properties": {"name": "Familiebelang vzw", "spot_type": null, "is_eatery": false, "is_gastro": false, "is_retail": false, "is_transit": false, "is_office": true, "diet_vegan": false, "diet_vegetarian": false, "diet_glutenfree": false, "diet_halal": false, "unit_id": "24062A05-"}}, {"type": "Feature", "geometry": {"type": "Point", "coordinates": [4.6971871, 50.8825826]}, "properties": {"name": "Federatie van Belgische Verenigingen van Nierinsufficiënten vzw", "spot_type": null, "is_eatery": false, "is_gastro": false, "is_retail": false, "is_transit": false, "is_office": true, "diet_vegan": false, "diet_vegetarian": false, "diet_glutenfree": false, "diet_halal": false, "unit_id": "24062A01-"}}, {"type": "Feature", "geometry": {"type": "Point", "coordinates": [4.6971816, 50.8826113]}, "properties": {"name": "Holybrain bvba", "spot_type": null, "is_eatery": false, "is_gastro": false, "is_retail": false, "is_transit": false, "is_office": true, "diet_vegan": false, "diet_vegetarian": false, "diet_glutenfree": false, "diet_halal": false, "unit_id": "24062A01-"}}, {"type": "Feature", "geometry": {"type": "Point", "coordinates": [4.6971651, 50.8826974]}, "properties": {"name": "IT Helps ebvba", "spot_type": null, "is_eatery": false, "is_gastro": false, "is_retail": false, "is_transit": false, "is_office": true, "diet_vegan": false, "diet_vegetarian": false, "diet_glutenfree": false, "diet_halal": false, "unit_id": "24062A01-"}}, {"type": "Feature", "geometry": {"type": "Point", "coordinates": [4.697143, 50.8828123]}, "properties": {"name": "Kompas Services bvba", "spot_type": null, "is_eatery": false, "is_gastro": false, "is_retail": false, "is_transit": false, "is_office": true, "diet_vegan": false, "diet_vegetarian": false, "diet_glutenfree": false, "diet_halal": false, "unit_id": "24062A01-"}}, {"type": "Feature", "geometry": {"type": "Point", "coordinates": [4.697132, 50.8828697]}, "properties": {"name": "Kompas Services bvba", "spot_type": null, "is_eatery": false, "is_gastro": false, "is_retail": false, "is_transit": false, "is_office": true, "diet_vegan": false, "diet_vegetarian": false, "diet_glutenfree": false, "diet_halal": false, "unit_id": "24062A01-"}}, {"type": "Feature", "geometry": {"type": "Point", "coordinates": [4.6971761, 50.88264]}, "properties": {"name": "Left Brain Value nv", "spot_type": null, "is_eatery": false, "is_gastro": false, "is_retail": false, "is_transit": false, "is_office": true, "diet_vegan": false, "diet_vegetarian": false, "diet_glutenfree": false, "diet_halal": false, "unit_id": "24062A01-"}}, {"type": "Feature", "geometry": {"type": "Point", "coordinates": [4.6971265, 50.8828984]}, "properties": {"name": "René Decoster Management Services ebvba", "spot_type": null, "is_eatery": false, "is_gastro": false, "is_retail": false, "is_transit": false, "is_office": true, "diet_vegan": false, "diet_vegetarian": false, "diet_glutenfree": false, "diet_halal": false, "unit_id": "24062A01-"}}, {"type": "Feature", "geometry": {"type": "Point", "coordinates": [4.6971375, 50.882841]}, "properties": {"name": "S.I. Technologies bvba", "spot_type": null, "is_eatery": false, "is_gastro": false, "is_retail": false, "is_transit": false, "is_office": true, "diet_vegan": false, "diet_vegetarian": false, "diet_glutenfree": false, "diet_halal": false, "unit_id": "24062A01-"}}, {"type": "Feature", "geometry": {"type": "Point", "coordinates": [4.6978365, 50.8845584]}, "properties": {"name": "Vereniging van Mede-Eigenaars Building De Dijle", "spot_type": null, "is_eatery": false, "is_gastro": false, "is_retail": false, "is_transit": false, "is_office": true, "diet_vegan": false, "diet_vegetarian": false, "diet_glutenfree": false, "diet_halal": false, "unit_id": "24062A05-"}}, {"type": "Feature", "geometry": {"type": "Point", "coordinates": [4.6979847, 50.8842562]}, "properties": {"name": "Vereniging van Mede-Eigenaars Residentie Geertrui", "spot_type": null, "is_eatery": false, "is_gastro": false, "is_retail": false, "is_transit": false, "is_office": true, "diet_vegan": false, "diet_vegetarian": false, "diet_glutenfree": false, "diet_halal": false, "unit_id": "24062A05-"}}, {"type": "Feature", "geometry": {"type": "Point", "coordinates": [4.6971926, 50.8825539]}, "properties": {"name": "Vereniging van mede-eigenaars Residentie Dreyfus", "spot_type": null, "is_eatery": false, "is_gastro": false, "is_retail": false, "is_transit": false, "is_office": true, "diet_vegan": false, "diet_vegetarian": false, "diet_glutenfree": false, "diet_halal": false, "unit_id": "24062A01-"}}, {"type": "Feature", "geometry": {"type": "Point", "coordinates": [4.6971706, 50.8826687]}, "properties": {"name": "Western Venture Consulting nv", "spot_type": null, "is_eatery": false, "is_gastro": false, "is_retail": false, "is_transit": false, "is_office": true, "diet_vegan": false, "diet_vegetarian": false, "diet_glutenfree": false, "diet_halal": false, "unit_id": "24062A01-"}}, {"type": "Feature", "geometry": {"type": "Point", "coordinates": [4.6985968, 50.8823839]}, "properties": {"name": "'t Slachschaep", "spot_type": null, "is_eatery": false, "is_gastro": false, "is_retail": true, "is_transit": false, "is_office": false, "diet_vegan": false, "diet_vegetarian": false, "diet_glutenfree": false, "diet_halal": false, "unit_id": "24062A01-"}}, {"type": "Feature", "geometry": {"type": "Point", "coordinates": [4.697877, 50.8832816]}, "properties": {"name": "De Proletaar vzw", "spot_type": null, "is_eatery": false, "is_gastro": false, "is_retail": false, "is_transit": false, "is_office": true, "diet_vegan": false, "diet_vegetarian": false, "diet_glutenfree": false, "diet_halal": false, "unit_id": "24062A01-"}}, {"type": "Feature", "geometry": {"type": "Point", "coordinates": [4.6982794, 50.8826913]}, "properties": {"name": "Dewallens en Partner Advokatenkantoor", "spot_type": null, "is_eatery": false, "is_gastro": false, "is_retail": false, "is_transit": false, "is_office": true, "diet_vegan": false, "diet_vegetarian": false, "diet_glutenfree": false, "diet_halal": false, "unit_id": "24062A01-"}}, {"type": "Feature", "geometry": {"type": "Point", "coordinates": [4.6982638, 50.8832496]}, "properties": {"name": "Ecologics bvba", "spot_type": null, "is_eatery": false, "is_gastro": false, "is_retail": false, "is_transit": false, "is_office": true, "diet_vegan": false, "diet_vegetarian": false, "diet_glutenfree": false, "diet_halal": false, "unit_id": "24062A01-"}}, {"type": "Feature", "geometry": {"type": "Point", "coordinates": [4.698222, 50.8834159]}, "properties": {"name": "De Kleine Johannes", "spot_type": null, "is_eatery": false, "is_gastro": false, "is_retail": true, "is_transit": false, "is_office": false, "diet_vegan": false, "diet_vegetarian": false, "diet_glutenfree": false, "diet_halal": false, "unit_id": "24062A01-"}}, {"type": "Feature", "geometry": {"type": "Point", "coordinates": [4.6979694, 50.8832439]}, "properties": {"name": "M en C bvba", "spot_type": null, "is_eatery": false, "is_gastro": false, "is_retail": false, "is_transit": false, "is_office": true, "diet_vegan": false, "diet_vegetarian": false, "diet_glutenfree": false, "diet_halal": false, "unit_id": "24062A01-"}}, {"type": "Feature", "geometry": {"type": "Point", "coordinates": [4.6979232, 50.8832627]}, "properties": {"name": "Misfit City Leuven", "spot_type": null, "is_eatery": false, "is_gastro": false, "is_retail": false, "is_transit": false, "is_office": true, "diet_vegan": false, "diet_vegetarian": false, "diet_glutenfree": false, "diet_halal": false, "unit_id": "24062A01-"}}, {"type": "Feature", "geometry": {"type": "Point", "coordinates": [4.698267, 50.8832945]}, "properties": {"name": "Pastificio Lory", "spot_type": null, "is_eatery": true, "is_gastro": true, "is_retail": false, "is_transit": false, "is_office": false, "diet_vegan": false, "diet_vegetarian": false, "diet_glutenfree": false, "diet_halal": false, "unit_id": "24062A01-"}}, {"type": "Feature", "geometry": {"type": "Point", "coordinates": [4.6982185, 50.8830579]}, "properties": {"name": "Trattoria Oratoriënhof", "spot_type": null, "is_eatery": true, "is_gastro": true, "is_retail": false, "is_transit": false, "is_office": false, "diet_vegan": false, "diet_vegetarian": false, "diet_glutenfree": false, "diet_halal": false, "unit_id": "24062A01-"}}, {"type": "Feature", "geometry": {"type": "Point", "coordinates": [4.6993193, 50.88105]}, "properties": {"name": "Chamiva bvba", "spot_type": null, "is_eatery": false, "is_gastro": false, "is_retail": false, "is_transit": false, "is_office": true, "diet_vegan": false, "diet_vegetarian": false, "diet_glutenfree": false, "diet_halal": false, "unit_id": "24062A01-"}}, {"type": "Feature", "geometry": {"type": "Point", "coordinates": [4.6992181, 50.8812899]}, "properties": {"name": "Euronight", "spot_type": null, "is_eatery": false, "is_gastro": false, "is_retail": true, "is_transit": false, "is_office": false, "diet_vegan": false, "diet_vegetarian": false, "diet_glutenfree": false, "diet_halal": false, "unit_id": "24062A01-"}}, {"type": "Feature", "geometry": {"type": "Point", "coordinates": [4.6988109, 50.8814338]}, "properties": {"name": "International Forum for Biophilosophy", "spot_type": null, "is_eatery": false, "is_gastro": false, "is_retail": false, "is_transit": false, "is_office": true, "diet_vegan": false, "diet_vegetarian": false, "diet_glutenfree": false, "diet_halal": false, "unit_id": "24062A01-"}}, {"type": "Feature", "geometry": {"type": "Point", "coordinates": [4.6993287, 50.8812456]}, "properties": {"name": "LEF", "spot_type": null, "is_eatery": false, "is_gastro": false, "is_retail": true, "is_transit": false, "is_office": false, "diet_vegan": false, "diet_vegetarian": false, "diet_glutenfree": false, "diet_halal": false, "unit_id": "24062A01-"}}, {"type": "Feature", "geometry": {"type": "Point", "coordinates": [4.6990102, 50.881374]}, "properties": {"name": "Lars Van Casteren Consultancy gcv", "spot_type": null, "is_eatery": false, "is_gastro": false, "is_retail": false, "is_transit": false, "is_office": true, "diet_vegan": false, "diet_vegetarian": false, "diet_glutenfree": false, "diet_halal": false, "unit_id": "24062A01-"}}, {"type": "Feature", "geometry": {"type": "Point", "coordinates": [4.6989497, 50.8810535]}, "properties": {"name": "Profiel bvba", "spot_type": null, "is_eatery": false, "is_gastro": false, "is_retail": false, "is_transit": false, "is_office": true, "diet_vegan": false, "diet_vegetarian": false, "diet_glutenfree": false, "diet_halal": false, "unit_id": "24062A01-"}}, {"type": "Feature", "geometry": {"type": "Point", "coordinates": [4.6992883, 50.8810556]}, "properties": {"name": "Saha bvba", "spot_type": null, "is_eatery": false, "is_gastro": false, "is_retail": false, "is_transit": false, "is_office": true, "diet_vegan": false, "diet_vegetarian": false, "diet_glutenfree": false, "diet_halal": false, "unit_id": "24062A01-"}}, {"type": "Feature", "geometry": {"type": "Point", "coordinates": [4.6988187, 50.8814499]}, "properties": {"name": "Taberon nv", "spot_type": null, "is_eatery": false, "is_gastro": false, "is_retail": false, "is_transit": false, "is_office": true, "diet_vegan": false, "diet_vegetarian": false, "diet_glutenfree": false, "diet_halal": false, "unit_id": "24062A01-"}}, {"type": "Feature", "geometry": {"type": "Point", "coordinates": [4.6990668, 50.8813496]}, "properties": {"name": "Vrouw Holle ebvba", "spot_type": null, "is_eatery": false, "is_gastro": false, "is_retail": false, "is_transit": false, "is_office": true, "diet_vegan": false, "diet_vegetarian": false, "diet_glutenfree": false, "diet_halal": false, "unit_id": "24062A01-"}}, {"type": "Feature", "geometry": {"type": "Point", "coordinates": [4.6990497, 50.8811252]}, "properties": {"name": "Young Amadeus House of Taste", "spot_type": "cafe", "is_eatery": true, "is_gastro": false, "is_retail": false, "is_transit": false, "is_office": false, "diet_vegan": false, "diet_vegetarian": false, "diet_glutenfree": false, "diet_halal": false, "unit_id": "24062A01-"}}, {"type": "Feature", "geometry": {"type": "Point", "coordinates": [4.6985733, 50.8809362]}, "properties": {"name": "Bar Jérôme", "spot_type": "cafe", "is_eatery": true, "is_gastro": false, "is_retail": false, "is_transit": false, "is_office": false, "diet_vegan": false, "diet_vegetarian": true, "diet_glutenfree": false, "diet_halal": false, "unit_id": "24062A01-"}}, {"type": "Feature", "geometry": {"type": "Point", "coordinates": [4.6989501, 50.8819391]}, "properties": {"name": "De Broodenier", "spot_type": "bakery", "is_eatery": true, "is_gastro": false, "is_retail": false, "is_transit": false, "is_office": false, "diet_vegan": false, "diet_vegetarian": false, "diet_glutenfree": false, "diet_halal": false, "unit_id": "24062A01-"}}, {"type": "Feature", "geometry": {"type": "Point", "coordinates": [4.6990585, 50.8818499]}, "properties": {"name": "De Drie Klavertjes nv", "spot_type": null, "is_eatery": false, "is_gastro": false, "is_retail": false, "is_transit": false, "is_office": true, "diet_vegan": false, "diet_vegetarian": false, "diet_glutenfree": false, "diet_halal": false, "unit_id": "24062A01-"}}, {"type": "Feature", "geometry": {"type": "Point", "coordinates": [4.6986202, 50.8817168]}, "properties": {"name": "Leeman A.D.A. ebvba", "spot_type": null, "is_eatery": false, "is_gastro": false, "is_retail": false, "is_transit": false, "is_office": true, "diet_vegan": false, "diet_vegetarian": false, "diet_glutenfree": false, "diet_halal": false, "unit_id": "24062A01-"}}, {"type": "Feature", "geometry": {"type": "Point", "coordinates": [4.6991198, 50.8817776]}, "properties": {"name": "Crusco7", "spot_type": null, "is_eatery": true, "is_gastro": true, "is_retail": false, "is_transit": false, "is_office": false, "diet_vegan": false, "diet_vegetarian": false, "diet_glutenfree": false, "diet_halal": false, "unit_id": "24062A01-"}}, {"type": "Feature", "geometry": {"type": "Point", "coordinates": [4.6984382, 50.8820982]}, "properties": {"name": "T-Project bvba", "spot_type": null, "is_eatery": false, "is_gastro": false, "is_retail": false, "is_transit": false, "is_office": true, "diet_vegan": false, "diet_vegetarian": false, "diet_glutenfree": false, "diet_halal": false, "unit_id": "24062A01-"}}, {"type": "Feature", "geometry": {"type": "Point", "coordinates": [4.6992082, 50.8815063]}, "properties": {"name": "The Elephant vzw", "spot_type": null, "is_eatery": false, "is_gastro": false, "is_retail": false, "is_transit": false, "is_office": true, "diet_vegan": false, "diet_vegetarian": false, "diet_glutenfree": false, "diet_halal": false, "unit_id": "24062A01-"}}, {"type": "Feature", "geometry": {"type": "Point", "coordinates": [4.698464, 50.8820699]}, "properties": {"name": "Touche Interieur bvba", "spot_type": null, "is_eatery": false, "is_gastro": false, "is_retail": false, "is_transit": false, "is_office": true, "diet_vegan": false, "diet_vegetarian": false, "diet_glutenfree": false, "diet_halal": false, "unit_id": "24062A01-"}}, {"type": "Feature", "geometry": {"type": "Point", "coordinates": [4.7420837, 50.8847287]}, "properties": {"name": "Chever b.v.b.a.", "spot_type": null, "is_eatery": false, "is_gastro": false, "is_retail": false, "is_transit": false, "is_office": true, "diet_vegan": false, "diet_vegetarian": false, "diet_glutenfree": false, "diet_halal": false, "unit_id": "24062C13-"}}, {"type": "Feature", "geometry": {"type": "Point", "coordinates": [4.6996246, 50.8803337]}, "properties": {"name": "Le chameau s'en fout", "spot_type": null, "is_eatery": true, "is_gastro": true, "is_retail": false, "is_transit": false, "is_office": false, "diet_vegan": false, "diet_vegetarian": false, "diet_glutenfree": false, "diet_halal": false, "unit_id": "24062A01-"}}, {"type": "Feature", "geometry": {"type": "Point", "coordinates": [4.6991109, 50.8805879]}, "properties": {"name": "Living Stone Beheer bvba", "spot_type": null, "is_eatery": false, "is_gastro": false, "is_retail": false, "is_transit": false, "is_office": true, "diet_vegan": false, "diet_vegetarian": false, "diet_glutenfree": false, "diet_halal": false, "unit_id": "24062A01-"}}, {"type": "Feature", "geometry": {"type": "Point", "coordinates": [4.6990891, 50.8805964]}, "properties": {"name": "Living Stone Promotions bvba", "spot_type": null, "is_eatery": false, "is_gastro": false, "is_retail": false, "is_transit": false, "is_office": true, "diet_vegan": false, "diet_vegetarian": false, "diet_glutenfree": false, "diet_halal": false, "unit_id": "24062A01-"}}, {"type": "Feature", "geometry": {"type": "Point", "coordinates": [4.6991327, 50.8805793]}, "properties": {"name": "Living Stone Verhuur bvba", "spot_type": null, "is_eatery": false, "is_gastro": false, "is_retail": false, "is_transit": false, "is_office": true, "diet_vegan": false, "diet_vegetarian": false, "diet_glutenfree": false, "diet_halal": false, "unit_id": "24062A01-"}}, {"type": "Feature", "geometry": {"type": "Point", "coordinates": [4.699085, 50.8805727]}, "properties": {"name": "Living Stone", "spot_type": null, "is_eatery": false, "is_gastro": false, "is_retail": false, "is_transit": false, "is_office": true, "diet_vegan": false, "diet_vegetarian": false, "diet_glutenfree": false, "diet_halal": false, "unit_id": "24062A01-"}}, {"type": "Feature", "geometry": {"type": "Point", "coordinates": [4.7002172, 50.8794858]}, "properties": {"name": "Belfius Leuven cvba", "spot_type": null, "is_eatery": false, "is_gastro": false, "is_retail": false, "is_transit": false, "is_office": true, "diet_vegan": false, "diet_vegetarian": false, "diet_glutenfree": false, "diet_halal": false, "unit_id": "24062A00-"}}, {"type": "Feature", "geometry": {"type": "Point", "coordinates": [4.7001653, 50.8797111]}, "properties": {"name": "Ciao Italia", "spot_type": null, "is_eatery": true, "is_gastro": true, "is_retail": false, "is_transit": false, "is_office": false, "diet_vegan": false, "diet_vegetarian": false, "diet_glutenfree": false, "diet_halal": false, "unit_id": "24062A00-"}}, {"type": "Feature", "geometry": {"type": "Point", "coordinates": [4.69996, 50.8797343]}, "properties": {"name": "Handelaars Centrum vzw", "spot_type": null, "is_eatery": false, "is_gastro": false, "is_retail": false, "is_transit": false, "is_office": true, "diet_vegan": false, "diet_vegetarian": false, "diet_glutenfree": false, "diet_halal": false, "unit_id": "24062A00-"}}, {"type": "Feature", "geometry": {"type": "Point", "coordinates": [4.7001013, 50.8795131]}, "properties": {"name": "Kris Leenders", "spot_type": null, "is_eatery": false, "is_gastro": false, "is_retail": false, "is_transit": false, "is_office": true, "diet_vegan": false, "diet_vegetarian": false, "diet_glutenfree": false, "diet_halal": false, "unit_id": "24062A00-"}}, {"type": "Feature", "geometry": {"type": "Point", "coordinates": [4.6999259, 50.8797377]}, "properties": {"name": "La Vecchia Napoli", "spot_type": null, "is_eatery": true, "is_gastro": true, "is_retail": false, "is_transit": false, "is_office": false, "diet_vegan": false, "diet_vegetarian": false, "diet_glutenfree": false, "diet_halal": false, "unit_id": "24062A00-"}}, {"type": "Feature", "geometry": {"type": "Point", "coordinates": [4.7001062, 50.879529]}, "properties": {"name": "Pagig cv", "spot_type": null, "is_eatery": false, "is_gastro": false, "is_retail": false, "is_transit": false, "is_office": true, "diet_vegan": false, "diet_vegetarian": false, "diet_glutenfree": false, "diet_halal": false, "unit_id": "24062A00-"}}, {"type": "Feature", "geometry": {"type": "Point", "coordinates": [4.7001154, 50.8794931]}, "properties": {"name": "Panos", "spot_type": "bakery", "is_eatery": true, "is_gastro": true, "is_retail": false, "is_transit": false, "is_office": false, "diet_vegan": false, "diet_vegetarian": false, "diet_glutenfree": false, "diet_halal": false, "unit_id": "24062A00-"}}, {"type": "Feature", "geometry": {"type": "Point", "coordinates": [4.7002441, 50.8796312]}, "properties": {"name": "Royal Stade Louvaniste Société de Football Koninklijke Stade Leuven Voetbal Vereniging vzw", "spot_type": null, "is_eatery": false, "is_gastro": false, "is_retail": false, "is_transit": false, "is_office": true, "diet_vegan": false, "diet_vegetarian": false, "diet_glutenfree": false, "diet_halal": false, "unit_id": "24062A00-"}}, {"type": "Feature", "geometry": {"type": "Point", "coordinates": [4.6999066, 50.8797025]}, "properties": {"name": "Sarah Renson  patisserie & ijs", "spot_type": "confectionery", "is_eatery": true, "is_gastro": false, "is_retail": false, "is_transit": false, "is_office": false, "diet_vegan": false, "diet_vegetarian": false, "diet_glutenfree": false, "diet_halal": false, "unit_id": "24062A00-"}}, {"type": "Feature", "geometry": {"type": "Point", "coordinates": [4.7002443, 50.8796146]}, "properties": {"name": "Shyram 2 bvba", "spot_type": null, "is_eatery": false, "is_gastro": false, "is_retail": false, "is_transit": false, "is_office": true, "diet_vegan": false, "diet_vegetarian": false, "diet_glutenfree": false, "diet_halal": false, "unit_id": "24062A00-"}}, {"type": "Feature", "geometry": {"type": "Point", "coordinates": [4.700083, 50.8801185]}, "properties": {"name": "Gasia Fashion", "spot_type": null, "is_eatery": false, "is_gastro": false, "is_retail": true, "is_transit": false, "is_office": false, "diet_vegan": false, "diet_vegetarian": false, "diet_glutenfree": false, "diet_halal": false, "unit_id": "24062A01-"}}, {"type": "Feature", "geometry": {"type": "Point", "coordinates": [4.6999976, 50.8801603]}, "properties": {"name": "Vereniging van mede-eigenaars Residentie Sint-Pieter", "spot_type": null, "is_eatery": false, "is_gastro": false, "is_retail": false, "is_transit": false, "is_office": true, "diet_vegan": false, "diet_vegetarian": false, "diet_glutenfree": false, "diet_halal": false, "unit_id": "24062A01-"}}, {"type": "Feature", "geometry": {"type": "Point", "coordinates": [4.6994688, 50.8807413]}, "properties": {"name": "Borsa-Q Artware bvba", "spot_type": null, "is_eatery": false, "is_gastro": false, "is_retail": false, "is_transit": false, "is_office": true, "diet_vegan": false, "diet_vegetarian": false, "diet_glutenfree": false, "diet_halal": false, "unit_id": "24062A01-"}}, {"type": "Feature", "geometry": {"type": "Point", "coordinates": [4.6994611, 50.8807309]}, "properties": {"name": "Borsaco bvba", "spot_type": null, "is_eatery": false, "is_gastro": false, "is_retail": false, "is_transit": false, "is_office": true, "diet_vegan": false, "diet_vegetarian": false, "diet_glutenfree": false, "diet_halal": false, "unit_id": "24062A01-"}}, {"type": "Feature", "geometry": {"type": "Point", "coordinates": [4.6998946, 50.8804396]}, "properties": {"name": "Buggenhoudt bvba", "spot_type": null, "is_eatery": false, "is_gastro": false, "is_retail": false, "is_transit": false, "is_office": true, "diet_vegan": false, "diet_vegetarian": false, "diet_glutenfree": false, "diet_halal": false, "unit_id": "24062A01-"}}, {"type": "Feature", "geometry": {"type": "Point", "coordinates": [4.6998246, 50.8804703]}, "properties": {"name": "Centrum voor Sociale en Kulturele Ontwikkeling en Verspreiding De Ark vzw", "spot_type": null, "is_eatery": false, "is_gastro": false, "is_retail": false, "is_transit": false, "is_office": true, "diet_vegan": false, "diet_vegetarian": false, "diet_glutenfree": false, "diet_halal": false, "unit_id": "24062A01-"}}, {"type": "Feature", "geometry": {"type": "Point", "coordinates": [4.6994534, 50.8807238]}, "properties": {"name": "Centrum voor sociale studie De Harp vzw", "spot_type": null, "is_eatery": false, "is_gastro": false, "is_retail": false, "is_transit": false, "is_office": true, "diet_vegan": false, "diet_vegetarian": false, "diet_glutenfree": false, "diet_halal": false, "unit_id": "24062A01-"}}, {"type": "Feature", "geometry": {"type": "Point", "coordinates": [4.699807, 50.8804612]}, "properties": {"name": "De Kommune - Le Temps des Cerises vzw", "spot_type": null, "is_eatery": false, "is_gastro": false, "is_retail": false, "is_transit": false, "is_office": true, "diet_vegan": false, "diet_vegetarian": false, "diet_glutenfree": false, "diet_halal": false, "unit_id": "24062A01-"}}, {"type": "Feature", "geometry": {"type": "Point", "coordinates": [4.6998143, 50.880465]}, "properties": {"name": "Kunstkring Blue Rose vzw", "spot_type": null, "is_eatery": false, "is_gastro": false, "is_retail": false, "is_transit": false, "is_office": true, "diet_vegan": false, "diet_vegetarian": false, "diet_glutenfree": false, "diet_halal": false, "unit_id": "24062A01-"}}, {"type": "Feature", "geometry": {"type": "Point", "coordinates": [4.6994055, 50.8807825]}, "properties": {"name": "Leuven Stript vzw", "spot_type": null, "is_eatery": false, "is_gastro": false, "is_retail": false, "is_transit": false, "is_office": true, "diet_vegan": false, "diet_vegetarian": false, "diet_glutenfree": false, "diet_halal": false, "unit_id": "24062A01-"}}, {"type": "Feature", "geometry": {"type": "Point", "coordinates": [4.7001633, 50.880204]}, "properties": {"name": "moochi", "spot_type": null, "is_eatery": true, "is_gastro": true, "is_retail": false, "is_transit": false, "is_office": false, "diet_vegan": false, "diet_vegetarian": false, "diet_glutenfree": false, "diet_halal": false, "unit_id": "24062A01-"}}, {"type": "Feature", "geometry": {"type": "Point", "coordinates": [4.7000083, 50.8804568]}, "properties": {"name": "Peak Performance", "spot_type": null, "is_eatery": false, "is_gastro": false, "is_retail": true, "is_transit": false, "is_office": false, "diet_vegan": false, "diet_vegetarian": false, "diet_glutenfree": false, "diet_halal": false, "unit_id": "24062A01-"}}, {"type": "Feature", "geometry": {"type": "Point", "coordinates": [4.6998563, 50.880411]}, "properties": {"name": "Vereniging van mede-eigenaars Mechelsestraat 15", "spot_type": null, "is_eatery": false, "is_gastro": false, "is_retail": false, "is_transit": false, "is_office": true, "diet_vegan": false, "diet_vegetarian": false, "diet_glutenfree": false, "diet_halal": false, "unit_id": "24062A01-"}}, {"type": "Feature", "geometry": {"type": "Point", "coordinates": [4.699698, 50.8805375]}, "properties": {"name": "Winkelwijk de Mechelsestraat vzw", "spot_type": null, "is_eatery": false, "is_gastro": false, "is_retail": false, "is_transit": false, "is_office": true, "diet_vegan": false, "diet_vegetarian": false, "diet_glutenfree": false, "diet_halal": false, "unit_id": "24062A01-"}}, {"type": "Feature", "geometry": {"type": "Point", "coordinates": [4.7006818, 50.8801115]}, "properties": {"name": "De Bergh Vastgoedkantoor nv", "spot_type": null, "is_eatery": false, "is_gastro": false, "is_retail": false, "is_transit": false, "is_office": true, "diet_vegan": false, "diet_vegetarian": false, "diet_glutenfree": false, "diet_halal": false, "unit_id": "24062A00-"}}, {"type": "Feature", "geometry": {"type": "Point", "coordinates": [4.699634, 50.8806633]}, "properties": {"name": "Fred & Ginger", "spot_type": null, "is_eatery": false, "is_gastro": false, "is_retail": true, "is_transit": false, "is_office": false, "diet_vegan": false, "diet_vegetarian": false, "diet_glutenfree": false, "diet_halal": false, "unit_id": "24062A01-"}}, {"type": "Feature", "geometry": {"type": "Point", "coordinates": [4.7008443, 50.8792845]}, "properties": {"name": "Agora", "spot_type": "cafe", "is_eatery": true, "is_gastro": false, "is_retail": false, "is_transit": false, "is_office": false, "diet_vegan": false, "diet_vegetarian": false, "diet_glutenfree": false, "diet_halal": false, "unit_id": "24062A00-"}}, {"type": "Feature", "geometry": {"type": "Point", "coordinates": [4.700599, 50.8794229]}, "properties": {"name": "Amon cv", "spot_type": null, "is_eatery": false, "is_gastro": false, "is_retail": false, "is_transit": false, "is_office": true, "diet_vegan": false, "diet_vegetarian": false, "diet_glutenfree": false, "diet_halal": false, "unit_id": "24062A00-"}}, {"type": "Feature", "geometry": {"type": "Point", "coordinates": [4.7005453, 50.8794999]}, "properties": {"name": "City Snack", "spot_type": null, "is_eatery": true, "is_gastro": true, "is_retail": false, "is_transit": false, "is_office": false, "diet_vegan": false, "diet_vegetarian": false, "diet_glutenfree": false, "diet_halal": false, "unit_id": "24062A00-"}}, {"type": "Feature", "geometry": {"type": "Point", "coordinates": [4.7005811, 50.8794982]}, "properties": {"name": "Fanclub Davy vzw", "spot_type": null, "is_eatery": false, "is_gastro": false, "is_retail": false, "is_transit": false, "is_office": true, "diet_vegan": false, "diet_vegetarian": false, "diet_glutenfree": false, "diet_halal": false, "unit_id": "24062A00-"}}, {"type": "Feature", "geometry": {"type": "Point", "coordinates": [4.7004106, 50.8790355]}, "properties": {"name": "Gambrinus", "spot_type": "cafe", "is_eatery": true, "is_gastro": false, "is_retail": false, "is_transit": false, "is_office": false, "diet_vegan": false, "diet_vegetarian": false, "diet_glutenfree": false, "diet_halal": false, "unit_id": "24062A00-"}}, {"type": "Feature", "geometry": {"type": "Point", "coordinates": [4.7007318, 50.8790063]}, "properties": {"name": "Het Moorinneken", "spot_type": null, "is_eatery": true, "is_gastro": true, "is_retail": false, "is_transit": false, "is_office": false, "diet_vegan": false, "diet_vegetarian": false, "diet_glutenfree": false, "diet_halal": false, "unit_id": "24062A00-"}}, {"type": "Feature", "geometry": {"type": "Point", "coordinates": [4.7005636, 50.8790189]}, "properties": {"name": "Lyrique", "spot_type": null, "is_eatery": true, "is_gastro": true, "is_retail": false, "is_transit": false, "is_office": false, "diet_vegan": false, "diet_vegetarian": false, "diet_glutenfree": false, "diet_halal": false, "unit_id": "24062A00-"}}, {"type": "Feature", "geometry": {"type": "Point", "coordinates": [4.7001369, 50.8792326]}, "properties": {"name": "Wandelclub Den Engel vzw", "spot_type": null, "is_eatery": false, "is_gastro": false, "is_retail": false, "is_transit": false, "is_office": true, "diet_vegan": false, "diet_vegetarian": false, "diet_glutenfree": false, "diet_halal": false, "unit_id": "24062A00-"}}, {"type": "Feature", "geometry": {"type": "Point", "coordinates": [4.6997935, 50.8798298]}, "properties": {"name": "Beenhouwerij Rondou", "spot_type": null, "is_eatery": false, "is_gastro": false, "is_retail": true, "is_transit": false, "is_office": false, "diet_vegan": false, "diet_vegetarian": false, "diet_glutenfree": false, "diet_halal": false, "unit_id": "24062A01-"}}, {"type": "Feature", "geometry": {"type": "Point", "coordinates": [4.6992132, 50.8802946]}, "properties": {"name": "Human Capital Solutions bvba", "spot_type": null, "is_eatery": false, "is_gastro": false, "is_retail": false, "is_transit": false, "is_office": true, "diet_vegan": false, "diet_vegetarian": false, "diet_glutenfree": false, "diet_halal": false, "unit_id": "24062A01-"}}, {"type": "Feature", "geometry": {"type": "Point", "coordinates": [4.698818, 50.8801247]}, "properties": {"name": "Immo José Ruelens", "spot_type": null, "is_eatery": false, "is_gastro": false, "is_retail": false, "is_transit": false, "is_office": true, "diet_vegan": false, "diet_vegetarian": false, "diet_glutenfree": false, "diet_halal": false, "unit_id": "24062A01-"}}, {"type": "Feature", "geometry": {"type": "Point", "coordinates": [4.6988054, 50.8800651]}, "properties": {"name": "Johan Bruyninckx", "spot_type": null, "is_eatery": false, "is_gastro": false, "is_retail": false, "is_transit": false, "is_office": true, "diet_vegan": false, "diet_vegetarian": false, "diet_glutenfree": false, "diet_halal": false, "unit_id": "24062A01-"}}, {"type": "Feature", "geometry": {"type": "Point", "coordinates": [4.6988802, 50.8801242]}, "properties": {"name": "José Ruelens Immobiliënkantoor bvba", "spot_type": null, "is_eatery": false, "is_gastro": false, "is_retail": false, "is_transit": false, "is_office": true, "diet_vegan": false, "diet_vegetarian": false, "diet_glutenfree": false, "diet_halal": false, "unit_id": "24062A01-"}}, {"type": "Feature", "geometry": {"type": "Point", "coordinates": [4.6992331, 50.8797545]}, "properties": {"name": "MR10 Consulting bvba", "spot_type": null, "is_eatery": false, "is_gastro": false, "is_retail": false, "is_transit": false, "is_office": true, "diet_vegan": false, "diet_vegetarian": false, "diet_glutenfree": false, "diet_halal": false, "unit_id": "24062A01-"}}, {"type": "Feature", "geometry": {"type": "Point", "coordinates": [4.6989731, 50.8801215]}, "properties": {"name": "Ruelens Immo Beheer bvba", "spot_type": null, "is_eatery": false, "is_gastro": false, "is_retail": false, "is_transit": false, "is_office": true, "diet_vegan": false, "diet_vegetarian": false, "diet_glutenfree": false, "diet_halal": false, "unit_id": "24062A01-"}}, {"type": "Feature", "geometry": {"type": "Point", "coordinates": [4.6997374, 50.8797286]}, "properties": {"name": "Love Stories", "spot_type": null, "is_eatery": false, "is_gastro": false, "is_retail": true, "is_transit": false, "is_office": false, "diet_vegan": false, "diet_vegetarian": false, "diet_glutenfree": false, "diet_halal": false, "unit_id": "24062A01-"}}, {"type": "Feature", "geometry": {"type": "Point", "coordinates": [4.699825, 50.8798819]}, "properties": {"name": "Slagerij Janssens", "spot_type": null, "is_eatery": false, "is_gastro": false, "is_retail": true, "is_transit": false, "is_office": false, "diet_vegan": false, "diet_vegetarian": false, "diet_glutenfree": false, "diet_halal": false, "unit_id": "24062A01-"}}, {"type": "Feature", "geometry": {"type": "Point", "coordinates": [4.6999212, 50.8799775]}, "properties": {"name": "Steps dresses", "spot_type": null, "is_eatery": false, "is_gastro": false, "is_retail": true, "is_transit": false, "is_office": false, "diet_vegan": false, "diet_vegetarian": false, "diet_glutenfree": false, "diet_halal": false, "unit_id": "24062A01-"}}, {"type": "Feature", "geometry": {"type": "Point", "coordinates": [4.6956873, 50.8865342]}, "properties": {"name": "Calisto bvba", "spot_type": null, "is_eatery": false, "is_gastro": false, "is_retail": false, "is_transit": false, "is_office": true, "diet_vegan": false, "diet_vegetarian": false, "diet_glutenfree": false, "diet_halal": false, "unit_id": "24062A05-"}}, {"type": "Feature", "geometry": {"type": "Point", "coordinates": [4.6956722, 50.8865561]}, "properties": {"name": "Cornelium nv", "spot_type": null, "is_eatery": false, "is_gastro": false, "is_retail": false, "is_transit": false, "is_office": true, "diet_vegan": false, "diet_vegetarian": false, "diet_glutenfree": false, "diet_halal": false, "unit_id": "24062A05-"}}, {"type": "Feature", "geometry": {"type": "Point", "coordinates": [4.6933383, 50.8858798]}, "properties": {"name": "Débardeur", "spot_type": null, "is_eatery": false, "is_gastro": false, "is_retail": false, "is_transit": false, "is_office": true, "diet_vegan": false, "diet_vegetarian": false, "diet_glutenfree": false, "diet_halal": false, "unit_id": "24062A05-"}}, {"type": "Feature", "geometry": {"type": "Point", "coordinates": [4.6957024, 50.8865123]}, "properties": {"name": "Fornaxx bvba", "spot_type": null, "is_eatery": false, "is_gastro": false, "is_retail": false, "is_transit": false, "is_office": true, "diet_vegan": false, "diet_vegetarian": false, "diet_glutenfree": false, "diet_halal": false, "unit_id": "24062A05-"}}, {"type": "Feature", "geometry": {"type": "Point", "coordinates": [4.6936325, 50.8860347]}, "properties": {"name": "Gigs Security Company ebvba", "spot_type": null, "is_eatery": false, "is_gastro": false, "is_retail": false, "is_transit": false, "is_office": true, "diet_vegan": false, "diet_vegetarian": false, "diet_glutenfree": false, "diet_halal": false, "unit_id": "24062A05-"}}, {"type": "Feature", "geometry": {"type": "Point", "coordinates": [4.6957477, 50.8864465]}, "properties": {"name": "Immo - Vanderstraeten bvba", "spot_type": null, "is_eatery": false, "is_gastro": false, "is_retail": false, "is_transit": false, "is_office": true, "diet_vegan": false, "diet_vegetarian": false, "diet_glutenfree": false, "diet_halal": false, "unit_id": "24062A05-"}}, {"type": "Feature", "geometry": {"type": "Point", "coordinates": [4.6956571, 50.886578]}, "properties": {"name": "Nubrix nv", "spot_type": null, "is_eatery": false, "is_gastro": false, "is_retail": false, "is_transit": false, "is_office": true, "diet_vegan": false, "diet_vegetarian": false, "diet_glutenfree": false, "diet_halal": false, "unit_id": "24062A05-"}}, {"type": "Feature", "geometry": {"type": "Point", "coordinates": [4.6957175, 50.8864903]}, "properties": {"name": "Tarqui bvba", "spot_type": null, "is_eatery": false, "is_gastro": false, "is_retail": false, "is_transit": false, "is_office": true, "diet_vegan": false, "diet_vegetarian": false, "diet_glutenfree": false, "diet_halal": false, "unit_id": "24062A05-"}}, {"type": "Feature", "geometry": {"type": "Point", "coordinates": [4.695642, 50.8865999]}, "properties": {"name": "Union Constructions bvba", "spot_type": null, "is_eatery": false, "is_gastro": false, "is_retail": false, "is_transit": false, "is_office": true, "diet_vegan": false, "diet_vegetarian": false, "diet_glutenfree": false, "diet_halal": false, "unit_id": "24062A05-"}}, {"type": "Feature", "geometry": {"type": "Point", "coordinates": [4.6957326, 50.8864684]}, "properties": {"name": "Union Investors nv", "spot_type": null, "is_eatery": false, "is_gastro": false, "is_retail": false, "is_transit": false, "is_office": true, "diet_vegan": false, "diet_vegetarian": false, "diet_glutenfree": false, "diet_halal": false, "unit_id": "24062A05-"}}, {"type": "Feature", "geometry": {"type": "Point", "coordinates": [4.6946006, 50.8861788]}, "properties": {"name": "Vereniging van Mede-Eigenaars Residentie Ter Fonteynete", "spot_type": null, "is_eatery": false, "is_gastro": false, "is_retail": false, "is_transit": false, "is_office": true, "diet_vegan": false, "diet_vegetarian": false, "diet_glutenfree": false, "diet_halal": false, "unit_id": "24062A05-"}}, {"type": "Feature", "geometry": {"type": "Point", "coordinates": [4.6951513, 50.8863215]}, "properties": {"name": "Vereniging van Mede-Eigenaars Residentie Volnay", "spot_type": null, "is_eatery": false, "is_gastro": false, "is_retail": false, "is_transit": false, "is_office": true, "diet_vegan": false, "diet_vegetarian": false, "diet_glutenfree": false, "diet_halal": false, "unit_id": "24062A05-"}}, {"type": "Feature", "geometry": {"type": "Point", "coordinates": [4.6960378, 50.8867548]}, "properties": {"name": "Zhen bvba", "spot_type": null, "is_eatery": false, "is_gastro": false, "is_retail": false, "is_transit": false, "is_office": true, "diet_vegan": false, "diet_vegetarian": false, "diet_glutenfree": false, "diet_halal": false, "unit_id": "24062A05-"}}, {"type": "Feature", "geometry": {"type": "Point", "coordinates": [4.6975465, 50.8851664]}, "properties": {"name": "Brasserie Absolut", "spot_type": null, "is_eatery": true, "is_gastro": true, "is_retail": false, "is_transit": false, "is_office": false, "diet_vegan": false, "diet_vegetarian": false, "diet_glutenfree": false, "diet_halal": false, "unit_id": "24062A05-"}}, {"type": "Feature", "geometry": {"type": "Point", "coordinates": [4.6969507, 50.8861436]}, "properties": {"name": "Consulting in Applied Psychology Research and Innovation bvba", "spot_type": null, "is_eatery": false, "is_gastro": false, "is_retail": false, "is_transit": false, "is_office": true, "diet_vegan": false, "diet_vegetarian": false, "diet_glutenfree": false, "diet_halal": false, "unit_id": "24062A05-"}}, {"type": "Feature", "geometry": {"type": "Point", "coordinates": [4.6951947, 50.885158]}, "properties": {"name": "De Dochteronderneming vof", "spot_type": null, "is_eatery": false, "is_gastro": false, "is_retail": false, "is_transit": false, "is_office": true, "diet_vegan": false, "diet_vegetarian": false, "diet_glutenfree": false, "diet_halal": false, "unit_id": "24062A05-"}}, {"type": "Feature", "geometry": {"type": "Point", "coordinates": [4.6974874, 50.8851863]}, "properties": {"name": "Ja-Lukoty vzw", "spot_type": null, "is_eatery": false, "is_gastro": false, "is_retail": false, "is_transit": false, "is_office": true, "diet_vegan": false, "diet_vegetarian": false, "diet_glutenfree": false, "diet_halal": false, "unit_id": "24062A05-"}}, {"type": "Feature", "geometry": {"type": "Point", "coordinates": [4.6945393, 50.8851639]}, "properties": {"name": "Nera bvba", "spot_type": null, "is_eatery": false, "is_gastro": false, "is_retail": false, "is_transit": false, "is_office": true, "diet_vegan": false, "diet_vegetarian": false, "diet_glutenfree": false, "diet_halal": false, "unit_id": "24062A05-"}}, {"type": "Feature", "geometry": {"type": "Point", "coordinates": [4.6968585, 50.8861174]}, "properties": {"name": "Smog (Sport maakt ons Gezond) vzw", "spot_type": null, "is_eatery": false, "is_gastro": false, "is_retail": false, "is_transit": false, "is_office": true, "diet_vegan": false, "diet_vegetarian": false, "diet_glutenfree": false, "diet_halal": false, "unit_id": "24062A05-"}}, {"type": "Feature", "geometry": {"type": "Point", "coordinates": [4.6966346, 50.8864886]}, "properties": {"name": "Terclavers gcv", "spot_type": null, "is_eatery": false, "is_gastro": false, "is_retail": false, "is_transit": false, "is_office": true, "diet_vegan": false, "diet_vegetarian": false, "diet_glutenfree": false, "diet_halal": false, "unit_id": "24062A05-"}}, {"type": "Feature", "geometry": {"type": "Point", "coordinates": [4.69676, 50.885054]}, "properties": {"name": "Mekka bvba", "spot_type": null, "is_eatery": false, "is_gastro": false, "is_retail": false, "is_transit": false, "is_office": true, "diet_vegan": false, "diet_vegetarian": false, "diet_glutenfree": false, "diet_halal": false, "unit_id": "24062A05-"}}, {"type": "Feature", "geometry": {"type": "Point", "coordinates": [4.6814016, 50.8613116]}, "properties": {"name": "FabLab-Leuven", "spot_type": null, "is_eatery": false, "is_gastro": false, "is_retail": false, "is_transit": false, "is_office": true, "diet_vegan": false, "diet_vegetarian": false, "diet_glutenfree": false, "diet_halal": false, "unit_id": "24062D410"}}, {"type": "Feature", "geometry": {"type": "Point", "coordinates": [4.6947984, 50.8868162]}, "properties": {"name": "Coraprimex bvba", "spot_type": null, "is_eatery": false, "is_gastro": false, "is_retail": false, "is_transit": false, "is_office": true, "diet_vegan": false, "diet_vegetarian": false, "diet_glutenfree": false, "diet_halal": false, "unit_id": "24062A55-"}}, {"type": "Feature", "geometry": {"type": "Point", "coordinates": [4.6931293, 50.8859522]}, "properties": {"name": "De Lage Drempel vzw", "spot_type": null, "is_eatery": false, "is_gastro": false, "is_retail": false, "is_transit": false, "is_office": true, "diet_vegan": false, "diet_vegetarian": false, "diet_glutenfree": false, "diet_halal": false, "unit_id": "24062A55-"}}, {"type": "Feature", "geometry": {"type": "Point", "coordinates": [4.695061, 50.8868934]}, "properties": {"name": "Ishaka vzw", "spot_type": null, "is_eatery": false, "is_gastro": false, "is_retail": false, "is_transit": false, "is_office": true, "diet_vegan": false, "diet_vegetarian": false, "diet_glutenfree": false, "diet_halal": false, "unit_id": "24062A55-"}}, {"type": "Feature", "geometry": {"type": "Point", "coordinates": [4.6926477, 50.8851568]}, "properties": {"name": "Link in de Kabel vzw", "spot_type": null, "is_eatery": false, "is_gastro": false, "is_retail": false, "is_transit": false, "is_office": true, "diet_vegan": false, "diet_vegetarian": false, "diet_glutenfree": false, "diet_halal": false, "unit_id": "24062A55-"}}, {"type": "Feature", "geometry": {"type": "Point", "coordinates": [4.6929514, 50.8858389]}, "properties": {"name": "Osmose bvba", "spot_type": null, "is_eatery": false, "is_gastro": false, "is_retail": false, "is_transit": false, "is_office": true, "diet_vegan": false, "diet_vegetarian": false, "diet_glutenfree": false, "diet_halal": false, "unit_id": "24062A55-"}}, {"type": "Feature", "geometry": {"type": "Point", "coordinates": [4.6929556, 50.8858559]}, "properties": {"name": "Refocus ebvba", "spot_type": null, "is_eatery": false, "is_gastro": false, "is_retail": false, "is_transit": false, "is_office": true, "diet_vegan": false, "diet_vegetarian": false, "diet_glutenfree": false, "diet_halal": false, "unit_id": "24062A55-"}}, {"type": "Feature", "geometry": {"type": "Point", "coordinates": [4.6959839, 50.887187]}, "properties": {"name": "The Mylord vzw", "spot_type": null, "is_eatery": false, "is_gastro": false, "is_retail": false, "is_transit": false, "is_office": true, "diet_vegan": false, "diet_vegetarian": false, "diet_glutenfree": false, "diet_halal": false, "unit_id": "24062A55-"}}, {"type": "Feature", "geometry": {"type": "Point", "coordinates": [4.6941086, 50.8864948]}, "properties": {"name": "Tonka vzw", "spot_type": null, "is_eatery": false, "is_gastro": false, "is_retail": false, "is_transit": false, "is_office": true, "diet_vegan": false, "diet_vegetarian": false, "diet_glutenfree": false, "diet_halal": false, "unit_id": "24062A55-"}}, {"type": "Feature", "geometry": {"type": "Point", "coordinates": [4.6925924, 50.8850392]}, "properties": {"name": "Van Langendonck Vleesgroothandel", "spot_type": null, "is_eatery": false, "is_gastro": false, "is_retail": true, "is_transit": false, "is_office": false, "diet_vegan": false, "diet_vegetarian": false, "diet_glutenfree": false, "diet_halal": false, "unit_id": "24062A55-"}}, {"type": "Feature", "geometry": {"type": "Point", "coordinates": [4.6926276, 50.8851042]}, "properties": {"name": "Van Langendonck nv", "spot_type": null, "is_eatery": false, "is_gastro": false, "is_retail": false, "is_transit": false, "is_office": true, "diet_vegan": false, "diet_vegetarian": false, "diet_glutenfree": false, "diet_halal": false, "unit_id": "24062A55-"}}, {"type": "Feature", "geometry": {"type": "Point", "coordinates": [4.6926816, 50.8852046]}, "properties": {"name": "Vankerckhoven bvba", "spot_type": null, "is_eatery": false, "is_gastro": false, "is_retail": false, "is_transit": false, "is_office": true, "diet_vegan": false, "diet_vegetarian": false, "diet_glutenfree": false, "diet_halal": false, "unit_id": "24062A55-"}}, {"type": "Feature", "geometry": {"type": "Point", "coordinates": [4.6954089, 50.8869927]}, "properties": {"name": "2Rivers nv", "spot_type": null, "is_eatery": false, "is_gastro": false, "is_retail": false, "is_transit": false, "is_office": true, "diet_vegan": false, "diet_vegetarian": false, "diet_glutenfree": false, "diet_halal": false, "unit_id": "24062A55-"}}, {"type": "Feature", "geometry": {"type": "Point", "coordinates": [4.6902016, 50.8874234]}, "properties": {"name": "HR Incubator bvba", "spot_type": null, "is_eatery": false, "is_gastro": false, "is_retail": false, "is_transit": false, "is_office": true, "diet_vegan": false, "diet_vegetarian": false, "diet_glutenfree": false, "diet_halal": false, "unit_id": "24062A55-"}}, {"type": "Feature", "geometry": {"type": "Point", "coordinates": [4.6911494, 50.8880436]}, "properties": {"name": "Harmonieorkest Panta Rei Leuven vzw", "spot_type": null, "is_eatery": false, "is_gastro": false, "is_retail": false, "is_transit": false, "is_office": true, "diet_vegan": false, "diet_vegetarian": false, "diet_glutenfree": false, "diet_halal": false, "unit_id": "24062A55-"}}, {"type": "Feature", "geometry": {"type": "Point", "coordinates": [4.6916033, 50.8882826]}, "properties": {"name": "L Francken Consulting gcv", "spot_type": null, "is_eatery": false, "is_gastro": false, "is_retail": false, "is_transit": false, "is_office": true, "diet_vegan": false, "diet_vegetarian": false, "diet_glutenfree": false, "diet_halal": false, "unit_id": "24062A55-"}}, {"type": "Feature", "geometry": {"type": "Point", "coordinates": [4.6902227, 50.8873995]}, "properties": {"name": "Obelisk nv", "spot_type": null, "is_eatery": false, "is_gastro": false, "is_retail": false, "is_transit": false, "is_office": true, "diet_vegan": false, "diet_vegetarian": false, "diet_glutenfree": false, "diet_halal": false, "unit_id": "24062A55-"}}, {"type": "Feature", "geometry": {"type": "Point", "coordinates": [4.6864417, 50.8853132]}, "properties": {"name": "Floripa vof", "spot_type": null, "is_eatery": false, "is_gastro": false, "is_retail": false, "is_transit": false, "is_office": true, "diet_vegan": false, "diet_vegetarian": false, "diet_glutenfree": false, "diet_halal": false, "unit_id": "24062A54-"}}, {"type": "Feature", "geometry": {"type": "Point", "coordinates": [4.6866886, 50.885401]}, "properties": {"name": "Schrevens ebvbva", "spot_type": null, "is_eatery": false, "is_gastro": false, "is_retail": false, "is_transit": false, "is_office": true, "diet_vegan": false, "diet_vegetarian": false, "diet_glutenfree": false, "diet_halal": false, "unit_id": "24062A54-"}}, {"type": "Feature", "geometry": {"type": "Point", "coordinates": [4.687132, 50.8859561]}, "properties": {"name": "Vereniging van Mede-Eigenaars Residentie Lovenhof", "spot_type": null, "is_eatery": false, "is_gastro": false, "is_retail": false, "is_transit": false, "is_office": true, "diet_vegan": false, "diet_vegetarian": false, "diet_glutenfree": false, "diet_halal": false, "unit_id": "24062A54-"}}, {"type": "Feature", "geometry": {"type": "Point", "coordinates": [4.688874, 50.8838132]}, "properties": {"name": "Fundamentals gcv", "spot_type": null, "is_eatery": false, "is_gastro": false, "is_retail": false, "is_transit": false, "is_office": true, "diet_vegan": false, "diet_vegetarian": false, "diet_glutenfree": false, "diet_halal": false, "unit_id": "24062A54-"}}, {"type": "Feature", "geometry": {"type": "Point", "coordinates": [4.6894735, 50.8835158]}, "properties": {"name": "Vanmeenen Piet BV", "spot_type": null, "is_eatery": false, "is_gastro": false, "is_retail": false, "is_transit": false, "is_office": true, "diet_vegan": false, "diet_vegetarian": false, "diet_glutenfree": false, "diet_halal": false, "unit_id": "24062A54-"}}, {"type": "Feature", "geometry": {"type": "Point", "coordinates": [4.7014475, 50.9227354]}, "properties": {"name": "Wijgmaal", "spot_type": null, "is_eatery": false, "is_gastro": false, "is_retail": false, "is_transit": true, "is_office": false, "diet_vegan": false, "diet_vegetarian": false, "diet_glutenfree": false, "diet_halal": false, "unit_id": "24062F40-"}}, {"type": "Feature", "geometry": {"type": "Point", "coordinates": [4.6996574, 50.8800909]}, "properties": {"name": "Nepali House", "spot_type": null, "is_eatery": true, "is_gastro": true, "is_retail": false, "is_transit": false, "is_office": false, "diet_vegan": false, "diet_vegetarian": false, "diet_glutenfree": false, "diet_halal": false, "unit_id": "24062A01-"}}, {"type": "Feature", "geometry": {"type": "Point", "coordinates": [4.6909711, 50.8848618]}, "properties": {"name": "Melissa Lambrecht", "spot_type": null, "is_eatery": false, "is_gastro": false, "is_retail": false, "is_transit": false, "is_office": true, "diet_vegan": false, "diet_vegetarian": false, "diet_glutenfree": false, "diet_halal": false, "unit_id": "24062A54-"}}, {"type": "Feature", "geometry": {"type": "Point", "coordinates": [4.6914199, 50.8847885]}, "properties": {"name": "Mercurial Invest bvba", "spot_type": null, "is_eatery": false, "is_gastro": false, "is_retail": false, "is_transit": false, "is_office": true, "diet_vegan": false, "diet_vegetarian": false, "diet_glutenfree": false, "diet_halal": false, "unit_id": "24062A54-"}}, {"type": "Feature", "geometry": {"type": "Point", "coordinates": [4.6912937, 50.882557]}, "properties": {"name": "FiFo De Fruittoren", "spot_type": null, "is_eatery": false, "is_gastro": false, "is_retail": true, "is_transit": false, "is_office": false, "diet_vegan": false, "diet_vegetarian": false, "diet_glutenfree": false, "diet_halal": false, "unit_id": "24062A54-"}}, {"type": "Feature", "geometry": {"type": "Point", "coordinates": [4.6885122, 50.8820567]}, "properties": {"name": "Belgian Medical Students Association vzw", "spot_type": null, "is_eatery": false, "is_gastro": false, "is_retail": false, "is_transit": false, "is_office": true, "diet_vegan": false, "diet_vegetarian": false, "diet_glutenfree": false, "diet_halal": false, "unit_id": "24062A54-"}}, {"type": "Feature", "geometry": {"type": "Point", "coordinates": [4.6885095, 50.882046]}, "properties": {"name": "Medica vzw", "spot_type": null, "is_eatery": false, "is_gastro": false, "is_retail": false, "is_transit": false, "is_office": true, "diet_vegan": false, "diet_vegetarian": false, "diet_glutenfree": false, "diet_halal": false, "unit_id": "24062A54-"}}, {"type": "Feature", "geometry": {"type": "Point", "coordinates": [4.7013983, 50.8879939]}, "properties": {"name": null, "spot_type": null, "is_eatery": false, "is_gastro": false, "is_retail": false, "is_transit": false, "is_office": true, "diet_vegan": false, "diet_vegetarian": false, "diet_glutenfree": false, "diet_halal": false, "unit_id": "24062A07-"}}, {"type": "Feature", "geometry": {"type": "Point", "coordinates": [4.70139, 50.8879358]}, "properties": {"name": "Boobird gcv", "spot_type": null, "is_eatery": false, "is_gastro": false, "is_retail": false, "is_transit": false, "is_office": true, "diet_vegan": false, "diet_vegetarian": false, "diet_glutenfree": false, "diet_halal": false, "unit_id": "24062A07-"}}, {"type": "Feature", "geometry": {"type": "Point", "coordinates": [4.7001786, 50.8877048]}, "properties": {"name": "Entrepot", "spot_type": "cafe", "is_eatery": true, "is_gastro": false, "is_retail": false, "is_transit": false, "is_office": false, "diet_vegan": false, "diet_vegetarian": false, "diet_glutenfree": false, "diet_halal": false, "unit_id": "24062A07-"}}, {"type": "Feature", "geometry": {"type": "Point", "coordinates": [4.7013942, 50.8879649]}, "properties": {"name": "Small Business Information Technology ebvba", "spot_type": null, "is_eatery": false, "is_gastro": false, "is_retail": false, "is_transit": false, "is_office": true, "diet_vegan": false, "diet_vegetarian": false, "diet_glutenfree": false, "diet_halal": false, "unit_id": "24062A07-"}}, {"type": "Feature", "geometry": {"type": "Point", "coordinates": [4.7013822, 50.8878815]}, "properties": {"name": "Uniglobe Axon Travel", "spot_type": null, "is_eatery": false, "is_gastro": false, "is_retail": false, "is_transit": false, "is_office": true, "diet_vegan": false, "diet_vegetarian": false, "diet_glutenfree": false, "diet_halal": false, "unit_id": "24062A07-"}}, {"type": "Feature", "geometry": {"type": "Point", "coordinates": [4.701789, 50.8878749]}, "properties": {"name": "Vereniging van Mede-Eigenaars Residentie Waterside", "spot_type": null, "is_eatery": false, "is_gastro": false, "is_retail": false, "is_transit": false, "is_office": true, "diet_vegan": false, "diet_vegetarian": false, "diet_glutenfree": false, "diet_halal": false, "unit_id": "24062A07-"}}, {"type": "Feature", "geometry": {"type": "Point", "coordinates": [4.7001179, 50.8875537]}, "properties": {"name": "vzw Artforum", "spot_type": null, "is_eatery": false, "is_gastro": false, "is_retail": false, "is_transit": false, "is_office": true, "diet_vegan": false, "diet_vegetarian": false, "diet_glutenfree": false, "diet_halal": false, "unit_id": "24062A07-"}}, {"type": "Feature", "geometry": {"type": "Point", "coordinates": [4.7001241, 50.8876019]}, "properties": {"name": "vzw Mooss", "spot_type": null, "is_eatery": false, "is_gastro": false, "is_retail": false, "is_transit": false, "is_office": true, "diet_vegan": false, "diet_vegetarian": false, "diet_glutenfree": false, "diet_halal": false, "unit_id": "24062A07-"}}, {"type": "Feature", "geometry": {"type": "Point", "coordinates": [4.7001272, 50.887626]}, "properties": {"name": "vzw Openbaar Entrepot voor de Kunsten", "spot_type": null, "is_eatery": false, "is_gastro": false, "is_retail": false, "is_transit": false, "is_office": true, "diet_vegan": false, "diet_vegetarian": false, "diet_glutenfree": false, "diet_halal": false, "unit_id": "24062A07-"}}, {"type": "Feature", "geometry": {"type": "Point", "coordinates": [4.7001303, 50.8876501]}, "properties": {"name": "vzw Tpakt-Infra", "spot_type": null, "is_eatery": false, "is_gastro": false, "is_retail": false, "is_transit": false, "is_office": true, "diet_vegan": false, "diet_vegetarian": false, "diet_glutenfree": false, "diet_halal": false, "unit_id": "24062A07-"}}, {"type": "Feature", "geometry": {"type": "Point", "coordinates": [4.7001334, 50.8876742]}, "properties": {"name": "vzw Wisper", "spot_type": null, "is_eatery": false, "is_gastro": false, "is_retail": false, "is_transit": false, "is_office": true, "diet_vegan": false, "diet_vegetarian": false, "diet_glutenfree": false, "diet_halal": false, "unit_id": "24062A07-"}}, {"type": "Feature", "geometry": {"type": "Point", "coordinates": [4.700121, 50.8875778]}, "properties": {"name": "vzw fABULEUS", "spot_type": null, "is_eatery": false, "is_gastro": false, "is_retail": false, "is_transit": false, "is_office": true, "diet_vegan": false, "diet_vegetarian": false, "diet_glutenfree": false, "diet_halal": false, "unit_id": "24062A07-"}}, {"type": "Feature", "geometry": {"type": "Point", "coordinates": [4.7071841, 50.8868661]}, "properties": {"name": "Ampar bvba", "spot_type": null, "is_eatery": false, "is_gastro": false, "is_retail": false, "is_transit": false, "is_office": true, "diet_vegan": false, "diet_vegetarian": false, "diet_glutenfree": false, "diet_halal": false, "unit_id": "24062A07-"}}, {"type": "Feature", "geometry": {"type": "Point", "coordinates": [4.7070451, 50.8869198]}, "properties": {"name": "Anheuser-Busch Inbev nv", "spot_type": null, "is_eatery": false, "is_gastro": false, "is_retail": false, "is_transit": false, "is_office": true, "diet_vegan": false, "diet_vegetarian": false, "diet_glutenfree": false, "diet_halal": false, "unit_id": "24062A07-"}}, {"type": "Feature", "geometry": {"type": "Point", "coordinates": [4.707167, 50.8868089]}, "properties": {"name": "Cobrew nv", "spot_type": null, "is_eatery": false, "is_gastro": false, "is_retail": false, "is_transit": false, "is_office": true, "diet_vegan": false, "diet_vegetarian": false, "diet_glutenfree": false, "diet_halal": false, "unit_id": "24062A07-"}}, {"type": "Feature", "geometry": {"type": "Point", "coordinates": [4.7071614, 50.8867516]}, "properties": {"name": "Fonds Verhelst bvba", "spot_type": null, "is_eatery": false, "is_gastro": false, "is_retail": false, "is_transit": false, "is_office": true, "diet_vegan": false, "diet_vegetarian": false, "diet_glutenfree": false, "diet_halal": false, "unit_id": "24062A07-"}}, {"type": "Feature", "geometry": {"type": "Point", "coordinates": [4.7071529, 50.8866854]}, "properties": {"name": "Fonds Voorzitter Verhelst bvba", "spot_type": null, "is_eatery": false, "is_gastro": false, "is_retail": false, "is_transit": false, "is_office": true, "diet_vegan": false, "diet_vegetarian": false, "diet_glutenfree": false, "diet_halal": false, "unit_id": "24062A07-"}}, {"type": "Feature", "geometry": {"type": "Point", "coordinates": [4.7069202, 50.8869664]}, "properties": {"name": "Inbev Belgium nv", "spot_type": null, "is_eatery": false, "is_gastro": false, "is_retail": false, "is_transit": false, "is_office": true, "diet_vegan": false, "diet_vegetarian": false, "diet_glutenfree": false, "diet_halal": false, "unit_id": "24062A07-"}}, {"type": "Feature", "geometry": {"type": "Point", "coordinates": [4.7028962, 50.8799939]}, "properties": {"name": "Camaïeu", "spot_type": null, "is_eatery": false, "is_gastro": false, "is_retail": true, "is_transit": false, "is_office": false, "diet_vegan": false, "diet_vegetarian": false, "diet_glutenfree": false, "diet_halal": false, "unit_id": "24062A10-"}}, {"type": "Feature", "geometry": {"type": "Point", "coordinates": [4.7027892, 50.8799644]}, "properties": {"name": "Cassis", "spot_type": null, "is_eatery": false, "is_gastro": false, "is_retail": true, "is_transit": false, "is_office": false, "diet_vegan": false, "diet_vegetarian": false, "diet_glutenfree": false, "diet_halal": false, "unit_id": "24062A10-"}}, {"type": "Feature", "geometry": {"type": "Point", "coordinates": [4.7035985, 50.8800201]}, "properties": {"name": "Celio", "spot_type": null, "is_eatery": false, "is_gastro": false, "is_retail": true, "is_transit": false, "is_office": false, "diet_vegan": false, "diet_vegetarian": false, "diet_glutenfree": false, "diet_halal": false, "unit_id": "24062A10-"}}, {"type": "Feature", "geometry": {"type": "Point", "coordinates": [4.7036622, 50.8795713]}, "properties": {"name": "Essentiel Menstore", "spot_type": null, "is_eatery": false, "is_gastro": false, "is_retail": true, "is_transit": false, "is_office": false, "diet_vegan": false, "diet_vegetarian": false, "diet_glutenfree": false, "diet_halal": false, "unit_id": "24062A20-"}}, {"type": "Feature", "geometry": {"type": "Point", "coordinates": [4.7037584, 50.879484]}, "properties": {"name": "Essentiel Womenstore", "spot_type": null, "is_eatery": false, "is_gastro": false, "is_retail": true, "is_transit": false, "is_office": false, "diet_vegan": false, "diet_vegetarian": false, "diet_glutenfree": false, "diet_halal": false, "unit_id": "24062A20-"}}, {"type": "Feature", "geometry": {"type": "Point", "coordinates": [4.7031309, 50.8794548]}, "properties": {"name": "Exki", "spot_type": null, "is_eatery": true, "is_gastro": true, "is_retail": false, "is_transit": false, "is_office": false, "diet_vegan": false, "diet_vegetarian": true, "diet_glutenfree": false, "diet_halal": false, "unit_id": "24062A20-"}}, {"type": "Feature", "geometry": {"type": "Point", "coordinates": [4.7020623, 50.8796938]}, "properties": {"name": "Fen's Shop", "spot_type": null, "is_eatery": false, "is_gastro": false, "is_retail": true, "is_transit": false, "is_office": false, "diet_vegan": false, "diet_vegetarian": false, "diet_glutenfree": false, "diet_halal": false, "unit_id": "24062A10-"}}, {"type": "Feature", "geometry": {"type": "Point", "coordinates": [4.7036439, 50.8798622]}, "properties": {"name": "Oh'Fresh", "spot_type": null, "is_eatery": true, "is_gastro": true, "is_retail": false, "is_transit": false, "is_office": false, "diet_vegan": false, "diet_vegetarian": false, "diet_glutenfree": false, "diet_halal": false, "unit_id": "24062A20-"}}, {"type": "Feature", "geometry": {"type": "Point", "coordinates": [4.7031183, 50.8798803]}, "properties": {"name": "Formen", "spot_type": null, "is_eatery": false, "is_gastro": false, "is_retail": true, "is_transit": false, "is_office": false, "diet_vegan": false, "diet_vegetarian": false, "diet_glutenfree": false, "diet_halal": false, "unit_id": "24062A10-"}}, {"type": "Feature", "geometry": {"type": "Point", "coordinates": [4.7037053, 50.8798158]}, "properties": {"name": "Frizzante", "spot_type": null, "is_eatery": false, "is_gastro": false, "is_retail": true, "is_transit": false, "is_office": false, "diet_vegan": false, "diet_vegetarian": false, "diet_glutenfree": false, "diet_halal": false, "unit_id": "24062A20-"}}, {"type": "Feature", "geometry": {"type": "Point", "coordinates": [4.7026493, 50.8799174]}, "properties": {"name": "Hearts & Flowers Candy Shop", "spot_type": "confectionery", "is_eatery": true, "is_gastro": false, "is_retail": false, "is_transit": false, "is_office": false, "diet_vegan": false, "diet_vegetarian": false, "diet_glutenfree": false, "diet_halal": false, "unit_id": "24062A10-"}}, {"type": "Feature", "geometry": {"type": "Point", "coordinates": [4.7035596, 50.879623]}, "properties": {"name": "Hugo Boss Menstore", "spot_type": null, "is_eatery": false, "is_gastro": false, "is_retail": true, "is_transit": false, "is_office": false, "diet_vegan": false, "diet_vegetarian": false, "diet_glutenfree": false, "diet_halal": false, "unit_id": "24062A20-"}}, {"type": "Feature", "geometry": {"type": "Point", "coordinates": [4.703481, 50.8796715]}, "properties": {"name": "Hugo Boss Womenstore", "spot_type": null, "is_eatery": false, "is_gastro": false, "is_retail": true, "is_transit": false, "is_office": false, "diet_vegan": false, "diet_vegetarian": false, "diet_glutenfree": false, "diet_halal": false, "unit_id": "24062A20-"}}, {"type": "Feature", "geometry": {"type": "Point", "coordinates": [4.7034392, 50.8797137]}, "properties": {"name": "Hugo Boss", "spot_type": null, "is_eatery": false, "is_gastro": false, "is_retail": true, "is_transit": false, "is_office": false, "diet_vegan": false, "diet_vegetarian": false, "diet_glutenfree": false, "diet_halal": false, "unit_id": "24062A20-"}}, {"type": "Feature", "geometry": {"type": "Point", "coordinates": [4.7037253, 50.8800556]}, "properties": {"name": "Jack & Jones", "spot_type": null, "is_eatery": false, "is_gastro": false, "is_retail": true, "is_transit": false, "is_office": false, "diet_vegan": false, "diet_vegetarian": false, "diet_glutenfree": false, "diet_halal": false, "unit_id": "24062A10-"}}, {"type": "Feature", "geometry": {"type": "Point", "coordinates": [4.7048687, 50.8802671]}, "properties": {"name": "Jules", "spot_type": null, "is_eatery": false, "is_gastro": false, "is_retail": true, "is_transit": false, "is_office": false, "diet_vegan": false, "diet_vegetarian": false, "diet_glutenfree": false, "diet_halal": false, "unit_id": "24062A10-"}}, {"type": "Feature", "geometry": {"type": "Point", "coordinates": [4.7020149, 50.8796746]}, "properties": {"name": "Normandische Hoeve nv", "spot_type": null, "is_eatery": false, "is_gastro": false, "is_retail": false, "is_transit": false, "is_office": true, "diet_vegan": false, "diet_vegetarian": false, "diet_glutenfree": false, "diet_halal": false, "unit_id": "24062A10-"}}, {"type": "Feature", "geometry": {"type": "Point", "coordinates": [4.7032123, 50.8794428]}, "properties": {"name": "Pane & Vita", "spot_type": null, "is_eatery": true, "is_gastro": true, "is_retail": false, "is_transit": false, "is_office": false, "diet_vegan": false, "diet_vegetarian": false, "diet_glutenfree": false, "diet_halal": false, "unit_id": "24062A20-"}}, {"type": "Feature", "geometry": {"type": "Point", "coordinates": [4.7029391, 50.8794792]}, "properties": {"name": "Subway", "spot_type": null, "is_eatery": true, "is_gastro": true, "is_retail": false, "is_transit": false, "is_office": false, "diet_vegan": false, "diet_vegetarian": false, "diet_glutenfree": false, "diet_halal": false, "unit_id": "24062A20-"}}, {"type": "Feature", "geometry": {"type": "Point", "coordinates": [4.7022612, 50.8797668]}, "properties": {"name": "Paprika", "spot_type": null, "is_eatery": false, "is_gastro": false, "is_retail": true, "is_transit": false, "is_office": false, "diet_vegan": false, "diet_vegetarian": false, "diet_glutenfree": false, "diet_halal": false, "unit_id": "24062A10-"}}, {"type": "Feature", "geometry": {"type": "Point", "coordinates": [4.7042354, 50.880196]}, "properties": {"name": "Hawaiian Poké Bowl", "spot_type": null, "is_eatery": true, "is_gastro": true, "is_retail": false, "is_transit": false, "is_office": false, "diet_vegan": true, "diet_vegetarian": true, "diet_glutenfree": false, "diet_halal": false, "unit_id": "24062A10-"}}, {"type": "Feature", "geometry": {"type": "Point", "coordinates": [4.7019086, 50.8796088]}, "properties": {"name": "Pinocchio", "spot_type": null, "is_eatery": true, "is_gastro": true, "is_retail": false, "is_transit": false, "is_office": false, "diet_vegan": false, "diet_vegetarian": false, "diet_glutenfree": false, "diet_halal": false, "unit_id": "24062A10-"}}, {"type": "Feature", "geometry": {"type": "Point", "coordinates": [4.7029892, 50.8800097]}, "properties": {"name": "RougeGorge", "spot_type": null, "is_eatery": false, "is_gastro": false, "is_retail": true, "is_transit": false, "is_office": false, "diet_vegan": false, "diet_vegetarian": false, "diet_glutenfree": false, "diet_halal": false, "unit_id": "24062A10-"}}, {"type": "Feature", "geometry": {"type": "Point", "coordinates": [4.7022159, 50.8797491]}, "properties": {"name": "Samenspel Leuven, Duivenliefhebbersvereniging Saleu vzw", "spot_type": null, "is_eatery": false, "is_gastro": false, "is_retail": false, "is_transit": false, "is_office": true, "diet_vegan": false, "diet_vegetarian": false, "diet_glutenfree": false, "diet_halal": false, "unit_id": "24062A10-"}}, {"type": "Feature", "geometry": {"type": "Point", "coordinates": [4.7043653, 50.8802166]}, "properties": {"name": "Taverne Memling", "spot_type": "cafe", "is_eatery": true, "is_gastro": false, "is_retail": false, "is_transit": false, "is_office": false, "diet_vegan": false, "diet_vegetarian": false, "diet_glutenfree": false, "diet_halal": false, "unit_id": "24062A10-"}}, {"type": "Feature", "geometry": {"type": "Point", "coordinates": [4.704044, 50.8795612]}, "properties": {"name": "Vereniging van Mede-Eigenaars Atlantic Building", "spot_type": null, "is_eatery": false, "is_gastro": false, "is_retail": false, "is_transit": false, "is_office": true, "diet_vegan": false, "diet_vegetarian": false, "diet_glutenfree": false, "diet_halal": false, "unit_id": "24062A20-"}}, {"type": "Feature", "geometry": {"type": "Point", "coordinates": [4.7028842, 50.8797274]}, "properties": {"name": "Vereniging van Mede-Eigenaars Diestsestraat 10-12", "spot_type": null, "is_eatery": false, "is_gastro": false, "is_retail": false, "is_transit": false, "is_office": true, "diet_vegan": false, "diet_vegetarian": false, "diet_glutenfree": false, "diet_halal": false, "unit_id": "24062A20-"}}, {"type": "Feature", "geometry": {"type": "Point", "coordinates": [4.7030029, 50.8797632]}, "properties": {"name": "Vereniging van Mede-Eigenaars Diestsestraat 14", "spot_type": null, "is_eatery": false, "is_gastro": false, "is_retail": false, "is_transit": false, "is_office": true, "diet_vegan": false, "diet_vegetarian": false, "diet_glutenfree": false, "diet_halal": false, "unit_id": "24062A20-"}}, {"type": "Feature", "geometry": {"type": "Point", "coordinates": [4.7042164, 50.8800952]}, "properties": {"name": "Vereniging van mede-eigenaars Diestsestraat 34", "spot_type": null, "is_eatery": false, "is_gastro": false, "is_retail": false, "is_transit": false, "is_office": true, "diet_vegan": false, "diet_vegetarian": false, "diet_glutenfree": false, "diet_halal": false, "unit_id": "24062A20-"}}, {"type": "Feature", "geometry": {"type": "Point", "coordinates": [4.7019598, 50.8796516]}, "properties": {"name": "Weyn's Honing", "spot_type": null, "is_eatery": false, "is_gastro": false, "is_retail": true, "is_transit": false, "is_office": false, "diet_vegan": false, "diet_vegetarian": false, "diet_glutenfree": false, "diet_halal": false, "unit_id": "24062A10-"}}, {"type": "Feature", "geometry": {"type": "Point", "coordinates": [4.7031886, 50.8798454]}, "properties": {"name": "Wim Woittiez bvba", "spot_type": null, "is_eatery": false, "is_gastro": false, "is_retail": false, "is_transit": false, "is_office": true, "diet_vegan": false, "diet_vegetarian": false, "diet_glutenfree": false, "diet_halal": false, "unit_id": "24062A20-"}}, {"type": "Feature", "geometry": {"type": "Point", "coordinates": [4.7038731, 50.8801012]}, "properties": {"name": "123", "spot_type": null, "is_eatery": false, "is_gastro": false, "is_retail": true, "is_transit": false, "is_office": false, "diet_vegan": false, "diet_vegetarian": false, "diet_glutenfree": false, "diet_halal": false, "unit_id": "24062A10-"}}, {"type": "Feature", "geometry": {"type": "Point", "coordinates": [4.7034705, 50.880159]}, "properties": {"name": "Etam", "spot_type": null, "is_eatery": false, "is_gastro": false, "is_retail": true, "is_transit": false, "is_office": false, "diet_vegan": false, "diet_vegetarian": false, "diet_glutenfree": false, "diet_halal": false, "unit_id": "24062A10-"}}, {"type": "Feature", "geometry": {"type": "Point", "coordinates": [4.7029947, 50.8803354]}, "properties": {"name": "Essentiel Outlet Store", "spot_type": null, "is_eatery": false, "is_gastro": false, "is_retail": true, "is_transit": false, "is_office": false, "diet_vegan": false, "diet_vegetarian": false, "diet_glutenfree": false, "diet_halal": false, "unit_id": "24062A11-"}}, {"type": "Feature", "geometry": {"type": "Point", "coordinates": [4.7050151, 50.8804292]}, "properties": {"name": "Notarissen Jean-Pierre en Lauranne Rooman", "spot_type": null, "is_eatery": false, "is_gastro": false, "is_retail": false, "is_transit": false, "is_office": true, "diet_vegan": false, "diet_vegetarian": false, "diet_glutenfree": false, "diet_halal": false, "unit_id": "24062A10-"}}, {"type": "Feature", "geometry": {"type": "Point", "coordinates": [4.7039361, 50.8802998]}, "properties": {"name": "Pull & Bear", "spot_type": null, "is_eatery": false, "is_gastro": false, "is_retail": true, "is_transit": false, "is_office": false, "diet_vegan": false, "diet_vegetarian": false, "diet_glutenfree": false, "diet_halal": false, "unit_id": "24062A10-"}}, {"type": "Feature", "geometry": {"type": "Point", "coordinates": [4.7041616, 50.8803624]}, "properties": {"name": "Springfield", "spot_type": null, "is_eatery": false, "is_gastro": false, "is_retail": true, "is_transit": false, "is_office": false, "diet_vegan": false, "diet_vegetarian": false, "diet_glutenfree": false, "diet_halal": false, "unit_id": "24062A10-"}}, {"type": "Feature", "geometry": {"type": "Point", "coordinates": [4.7048154, 50.8805702]}, "properties": {"name": "Vereniging van mede-eigenaars Diestsestraat 77", "spot_type": null, "is_eatery": false, "is_gastro": false, "is_retail": false, "is_transit": false, "is_office": true, "diet_vegan": false, "diet_vegetarian": false, "diet_glutenfree": false, "diet_halal": false, "unit_id": "24062A11-"}}, {"type": "Feature", "geometry": {"type": "Point", "coordinates": [4.7030224, 50.8810261]}, "properties": {"name": "Werkwinkel", "spot_type": null, "is_eatery": false, "is_gastro": false, "is_retail": false, "is_transit": false, "is_office": true, "diet_vegan": false, "diet_vegetarian": false, "diet_glutenfree": false, "diet_halal": false, "unit_id": "24062A11-"}}, {"type": "Feature", "geometry": {"type": "Point", "coordinates": [4.7028976, 50.8809691]}, "properties": {"name": "30CC vzw", "spot_type": null, "is_eatery": false, "is_gastro": false, "is_retail": false, "is_transit": false, "is_office": true, "diet_vegan": false, "diet_vegetarian": false, "diet_glutenfree": false, "diet_halal": false, "unit_id": "24062A11-"}}, {"type": "Feature", "geometry": {"type": "Point", "coordinates": [4.7000895, 50.8810415]}, "properties": {"name": "Oh, My Kimchi", "spot_type": null, "is_eatery": true, "is_gastro": true, "is_retail": false, "is_transit": false, "is_office": false, "diet_vegan": false, "diet_vegetarian": false, "diet_glutenfree": false, "diet_halal": false, "unit_id": "24062A01-"}}, {"type": "Feature", "geometry": {"type": "Point", "coordinates": [4.7002196, 50.8805064]}, "properties": {"name": "Barba", "spot_type": null, "is_eatery": true, "is_gastro": true, "is_retail": false, "is_transit": false, "is_office": false, "diet_vegan": false, "diet_vegetarian": false, "diet_glutenfree": false, "diet_halal": false, "unit_id": "24062A01-"}}, {"type": "Feature", "geometry": {"type": "Point", "coordinates": [4.6998586, 50.8807166]}, "properties": {"name": "De Kapstok", "spot_type": null, "is_eatery": false, "is_gastro": false, "is_retail": true, "is_transit": false, "is_office": false, "diet_vegan": false, "diet_vegetarian": false, "diet_glutenfree": false, "diet_halal": false, "unit_id": "24062A01-"}}, {"type": "Feature", "geometry": {"type": "Point", "coordinates": [4.7001089, 50.8814198]}, "properties": {"name": "De Optimist", "spot_type": "cafe", "is_eatery": true, "is_gastro": false, "is_retail": false, "is_transit": false, "is_office": false, "diet_vegan": false, "diet_vegetarian": false, "diet_glutenfree": false, "diet_halal": false, "unit_id": "24062A01-"}}, {"type": "Feature", "geometry": {"type": "Point", "coordinates": [4.6995222, 50.8810103]}, "properties": {"name": "Topwijf", "spot_type": null, "is_eatery": false, "is_gastro": false, "is_retail": true, "is_transit": false, "is_office": false, "diet_vegan": false, "diet_vegetarian": false, "diet_glutenfree": false, "diet_halal": false, "unit_id": "24062A01-"}}, {"type": "Feature", "geometry": {"type": "Point", "coordinates": [4.6997982, 50.8807518]}, "properties": {"name": "Gigi by Zoff", "spot_type": null, "is_eatery": false, "is_gastro": false, "is_retail": true, "is_transit": false, "is_office": false, "diet_vegan": false, "diet_vegetarian": false, "diet_glutenfree": false, "diet_halal": false, "unit_id": "24062A01-"}}, {"type": "Feature", "geometry": {"type": "Point", "coordinates": [4.7018491, 50.880936]}, "properties": {"name": "KOT LEuVEN", "spot_type": null, "is_eatery": false, "is_gastro": false, "is_retail": false, "is_transit": false, "is_office": true, "diet_vegan": false, "diet_vegetarian": false, "diet_glutenfree": false, "diet_halal": false, "unit_id": "24062A00-"}}, {"type": "Feature", "geometry": {"type": "Point", "coordinates": [4.7002115, 50.8814768]}, "properties": {"name": "Liliane Versluys", "spot_type": null, "is_eatery": false, "is_gastro": false, "is_retail": false, "is_transit": false, "is_office": true, "diet_vegan": false, "diet_vegetarian": false, "diet_glutenfree": false, "diet_halal": false, "unit_id": "24062A01-"}}, {"type": "Feature", "geometry": {"type": "Point", "coordinates": [4.699896, 50.8813001]}, "properties": {"name": "Louise & Co.", "spot_type": null, "is_eatery": false, "is_gastro": false, "is_retail": true, "is_transit": false, "is_office": false, "diet_vegan": false, "diet_vegetarian": false, "diet_glutenfree": false, "diet_halal": false, "unit_id": "24062A01-"}}, {"type": "Feature", "geometry": {"type": "Point", "coordinates": [4.6999241, 50.8806784]}, "properties": {"name": "Les Tartes de Françoise", "spot_type": "bakery", "is_eatery": true, "is_gastro": false, "is_retail": false, "is_transit": false, "is_office": false, "diet_vegan": false, "diet_vegetarian": false, "diet_glutenfree": false, "diet_halal": false, "unit_id": "24062A01-"}}, {"type": "Feature", "geometry": {"type": "Point", "coordinates": [4.700354, 50.8804281]}, "properties": {"name": "Petit Bateau", "spot_type": null, "is_eatery": false, "is_gastro": false, "is_retail": true, "is_transit": false, "is_office": false, "diet_vegan": false, "diet_vegetarian": false, "diet_glutenfree": false, "diet_halal": false, "unit_id": "24062A01-"}}, {"type": "Feature", "geometry": {"type": "Point", "coordinates": [4.7003149, 50.881542]}, "properties": {"name": "Queens", "spot_type": null, "is_eatery": false, "is_gastro": false, "is_retail": true, "is_transit": false, "is_office": false, "diet_vegan": false, "diet_vegetarian": false, "diet_glutenfree": false, "diet_halal": false, "unit_id": "24062A01-"}}, {"type": "Feature", "geometry": {"type": "Point", "coordinates": [4.7002432, 50.8814598]}, "properties": {"name": "Ria Convents", "spot_type": null, "is_eatery": false, "is_gastro": false, "is_retail": false, "is_transit": false, "is_office": true, "diet_vegan": false, "diet_vegetarian": false, "diet_glutenfree": false, "diet_halal": false, "unit_id": "24062A01-"}}, {"type": "Feature", "geometry": {"type": "Point", "coordinates": [4.6996381, 50.880845]}, "properties": {"name": "Sento", "spot_type": null, "is_eatery": false, "is_gastro": false, "is_retail": true, "is_transit": false, "is_office": false, "diet_vegan": false, "diet_vegetarian": false, "diet_glutenfree": false, "diet_halal": false, "unit_id": "24062A01-"}}, {"type": "Feature", "geometry": {"type": "Point", "coordinates": [4.6996662, 50.8811541]}, "properties": {"name": "Tiffany", "spot_type": null, "is_eatery": false, "is_gastro": false, "is_retail": true, "is_transit": false, "is_office": false, "diet_vegan": false, "diet_vegetarian": false, "diet_glutenfree": false, "diet_halal": false, "unit_id": "24062A01-"}}, {"type": "Feature", "geometry": {"type": "Point", "coordinates": [4.7002748, 50.8814427]}, "properties": {"name": "Veerle Monard", "spot_type": null, "is_eatery": false, "is_gastro": false, "is_retail": false, "is_transit": false, "is_office": true, "diet_vegan": false, "diet_vegetarian": false, "diet_glutenfree": false, "diet_halal": false, "unit_id": "24062A01-"}}, {"type": "Feature", "geometry": {"type": "Point", "coordinates": [4.7000579, 50.881177]}, "properties": {"name": "Vennerworks bvba", "spot_type": null, "is_eatery": false, "is_gastro": false, "is_retail": false, "is_transit": false, "is_office": true, "diet_vegan": false, "diet_vegetarian": false, "diet_glutenfree": false, "diet_halal": false, "unit_id": "24062A01-"}}, {"type": "Feature", "geometry": {"type": "Point", "coordinates": [4.7004079, 50.8805596]}, "properties": {"name": "Vereniging van mede-eigenaars Residentie Pietershof", "spot_type": null, "is_eatery": false, "is_gastro": false, "is_retail": false, "is_transit": false, "is_office": true, "diet_vegan": false, "diet_vegetarian": false, "diet_glutenfree": false, "diet_halal": false, "unit_id": "24062A01-"}}, {"type": "Feature", "geometry": {"type": "Point", "coordinates": [4.7003089, 50.881209]}, "properties": {"name": "Vismarktkomitee vzw", "spot_type": null, "is_eatery": false, "is_gastro": false, "is_retail": false, "is_transit": false, "is_office": true, "diet_vegan": false, "diet_vegetarian": false, "diet_glutenfree": false, "diet_halal": false, "unit_id": "24062A01-"}}, {"type": "Feature", "geometry": {"type": "Point", "coordinates": [4.7002638, 50.8815057]}, "properties": {"name": "ZIN Fashion", "spot_type": null, "is_eatery": false, "is_gastro": false, "is_retail": true, "is_transit": false, "is_office": false, "diet_vegan": false, "diet_vegetarian": false, "diet_glutenfree": false, "diet_halal": false, "unit_id": "24062A01-"}}, {"type": "Feature", "geometry": {"type": "Point", "coordinates": [4.6933784, 50.8792672]}, "properties": {"name": "UZRN 01.21", "spot_type": null, "is_eatery": false, "is_gastro": false, "is_retail": false, "is_transit": false, "is_office": true, "diet_vegan": false, "diet_vegetarian": false, "diet_glutenfree": false, "diet_halal": false, "unit_id": "24062A04-"}}, {"type": "Feature", "geometry": {"type": "Point", "coordinates": [4.7022147, 50.8808918]}, "properties": {"name": "Advocatenkantoor Depré, Vanden Boer & Matthijs", "spot_type": null, "is_eatery": false, "is_gastro": false, "is_retail": false, "is_transit": false, "is_office": true, "diet_vegan": false, "diet_vegetarian": false, "diet_glutenfree": false, "diet_halal": false, "unit_id": "24062A11-"}}, {"type": "Feature", "geometry": {"type": "Point", "coordinates": [4.7022147, 50.8809135]}, "properties": {"name": "Advocatenkantoor Hugo Jacobs en Carine Thijs", "spot_type": null, "is_eatery": false, "is_gastro": false, "is_retail": false, "is_transit": false, "is_office": true, "diet_vegan": false, "diet_vegetarian": false, "diet_glutenfree": false, "diet_halal": false, "unit_id": "24062A11-"}}, {"type": "Feature", "geometry": {"type": "Point", "coordinates": [4.7014989, 50.8813099]}, "properties": {"name": "In Den Boule", "spot_type": "cafe", "is_eatery": true, "is_gastro": false, "is_retail": false, "is_transit": false, "is_office": false, "diet_vegan": false, "diet_vegetarian": false, "diet_glutenfree": false, "diet_halal": false, "unit_id": "24062A11-"}}, {"type": "Feature", "geometry": {"type": "Point", "coordinates": [4.7020837, 50.8810031]}, "properties": {"name": "Familiekunde Vlaanderen Regio Leuven", "spot_type": null, "is_eatery": false, "is_gastro": false, "is_retail": false, "is_transit": false, "is_office": true, "diet_vegan": false, "diet_vegetarian": false, "diet_glutenfree": false, "diet_halal": false, "unit_id": "24062A11-"}}, {"type": "Feature", "geometry": {"type": "Point", "coordinates": [4.7022147, 50.8809571]}, "properties": {"name": "Fink-Jensen bvba", "spot_type": null, "is_eatery": false, "is_gastro": false, "is_retail": false, "is_transit": false, "is_office": true, "diet_vegan": false, "diet_vegetarian": false, "diet_glutenfree": false, "diet_halal": false, "unit_id": "24062A11-"}}, {"type": "Feature", "geometry": {"type": "Point", "coordinates": [4.7022147, 50.88087]}, "properties": {"name": "Ilse Jaspaert", "spot_type": null, "is_eatery": false, "is_gastro": false, "is_retail": false, "is_transit": false, "is_office": true, "diet_vegan": false, "diet_vegetarian": false, "diet_glutenfree": false, "diet_halal": false, "unit_id": "24062A11-"}}, {"type": "Feature", "geometry": {"type": "Point", "coordinates": [4.7028321, 50.8811537]}, "properties": {"name": "Layers nv", "spot_type": null, "is_eatery": false, "is_gastro": false, "is_retail": false, "is_transit": false, "is_office": true, "diet_vegan": false, "diet_vegetarian": false, "diet_glutenfree": false, "diet_halal": false, "unit_id": "24062A11-"}}, {"type": "Feature", "geometry": {"type": "Point", "coordinates": [4.7022147, 50.8809353]}, "properties": {"name": "Michel Coryn", "spot_type": null, "is_eatery": false, "is_gastro": false, "is_retail": false, "is_transit": false, "is_office": true, "diet_vegan": false, "diet_vegetarian": false, "diet_glutenfree": false, "diet_halal": false, "unit_id": "24062A11-"}}, {"type": "Feature", "geometry": {"type": "Point", "coordinates": [4.7014285, 50.8815178]}, "properties": {"name": "Soetemone vzw", "spot_type": null, "is_eatery": false, "is_gastro": false, "is_retail": false, "is_transit": false, "is_office": true, "diet_vegan": false, "diet_vegetarian": false, "diet_glutenfree": false, "diet_halal": false, "unit_id": "24062A11-"}}, {"type": "Feature", "geometry": {"type": "Point", "coordinates": [4.7020867, 50.8809703]}, "properties": {"name": "Tom De Schuyteneer", "spot_type": null, "is_eatery": false, "is_gastro": false, "is_retail": false, "is_transit": false, "is_office": true, "diet_vegan": false, "diet_vegetarian": false, "diet_glutenfree": false, "diet_halal": false, "unit_id": "24062A11-"}}, {"type": "Feature", "geometry": {"type": "Point", "coordinates": [4.7026266, 50.8823405]}, "properties": {"name": "Vectris cvba", "spot_type": null, "is_eatery": false, "is_gastro": false, "is_retail": false, "is_transit": false, "is_office": true, "diet_vegan": false, "diet_vegetarian": false, "diet_glutenfree": false, "diet_halal": false, "unit_id": "24062A11-"}}, {"type": "Feature", "geometry": {"type": "Point", "coordinates": [4.7006768, 50.8816671]}, "properties": {"name": "Vereniging der mede-eigenaars van het Gebouw Carpe Diem", "spot_type": null, "is_eatery": false, "is_gastro": false, "is_retail": false, "is_transit": false, "is_office": true, "diet_vegan": false, "diet_vegetarian": false, "diet_glutenfree": false, "diet_halal": false, "unit_id": "24062A11-"}}, {"type": "Feature", "geometry": {"type": "Point", "coordinates": [4.7020847, 50.8809921]}, "properties": {"name": "Vereniging van mede-eigenaars Vaartstraat 22", "spot_type": null, "is_eatery": false, "is_gastro": false, "is_retail": false, "is_transit": false, "is_office": true, "diet_vegan": false, "diet_vegetarian": false, "diet_glutenfree": false, "diet_halal": false, "unit_id": "24062A11-"}}, {"type": "Feature", "geometry": {"type": "Point", "coordinates": [4.7020857, 50.8809812]}, "properties": {"name": "Wim Tobback", "spot_type": null, "is_eatery": false, "is_gastro": false, "is_retail": false, "is_transit": false, "is_office": true, "diet_vegan": false, "diet_vegetarian": false, "diet_glutenfree": false, "diet_halal": false, "unit_id": "24062A11-"}}, {"type": "Feature", "geometry": {"type": "Point", "coordinates": [4.7015813, 50.8821071]}, "properties": {"name": "Davert bvba", "spot_type": null, "is_eatery": false, "is_gastro": false, "is_retail": false, "is_transit": false, "is_office": true, "diet_vegan": false, "diet_vegetarian": false, "diet_glutenfree": false, "diet_halal": false, "unit_id": "24062A11-"}}, {"type": "Feature", "geometry": {"type": "Point", "coordinates": [4.7014533, 50.8820904]}, "properties": {"name": "Gerechtsdeurwaarderkantoren Leuven-Diest", "spot_type": null, "is_eatery": false, "is_gastro": false, "is_retail": false, "is_transit": false, "is_office": true, "diet_vegan": false, "diet_vegetarian": false, "diet_glutenfree": false, "diet_halal": false, "unit_id": "24062A11-"}}, {"type": "Feature", "geometry": {"type": "Point", "coordinates": [4.6999812, 50.8818656]}, "properties": {"name": "dataminded", "spot_type": null, "is_eatery": false, "is_gastro": false, "is_retail": false, "is_transit": false, "is_office": true, "diet_vegan": false, "diet_vegetarian": false, "diet_glutenfree": false, "diet_halal": false, "unit_id": "24062A01-"}}, {"type": "Feature", "geometry": {"type": "Point", "coordinates": [4.7012116, 50.8829098]}, "properties": {"name": "Neutraal Ziekenfonds Brabant en Limburg", "spot_type": null, "is_eatery": false, "is_gastro": false, "is_retail": false, "is_transit": false, "is_office": true, "diet_vegan": false, "diet_vegetarian": false, "diet_glutenfree": false, "diet_halal": false, "unit_id": "24062A11-"}}, {"type": "Feature", "geometry": {"type": "Point", "coordinates": [4.699126, 50.8819905]}, "properties": {"name": "De Maekerij", "spot_type": "cafe", "is_eatery": true, "is_gastro": false, "is_retail": false, "is_transit": false, "is_office": false, "diet_vegan": false, "diet_vegetarian": false, "diet_glutenfree": false, "diet_halal": false, "unit_id": "24062A01-"}}, {"type": "Feature", "geometry": {"type": "Point", "coordinates": [4.6996916, 50.8817522]}, "properties": {"name": "Proximus", "spot_type": null, "is_eatery": false, "is_gastro": false, "is_retail": false, "is_transit": false, "is_office": true, "diet_vegan": false, "diet_vegetarian": false, "diet_glutenfree": false, "diet_halal": false, "unit_id": "24062A01-"}}, {"type": "Feature", "geometry": {"type": "Point", "coordinates": [4.7013882, 50.8822655]}, "properties": {"name": "RSVZ Vlaams-Brabant", "spot_type": null, "is_eatery": false, "is_gastro": false, "is_retail": false, "is_transit": false, "is_office": true, "diet_vegan": false, "diet_vegetarian": false, "diet_glutenfree": false, "diet_halal": false, "unit_id": "24062A11-"}}, {"type": "Feature", "geometry": {"type": "Point", "coordinates": [4.698856, 50.882333]}, "properties": {"name": "Socialistische Mutualiteit", "spot_type": null, "is_eatery": false, "is_gastro": false, "is_retail": false, "is_transit": false, "is_office": true, "diet_vegan": false, "diet_vegetarian": false, "diet_glutenfree": false, "diet_halal": false, "unit_id": "24062A01-"}}, {"type": "Feature", "geometry": {"type": "Point", "coordinates": [4.7023386, 50.8825084]}, "properties": {"name": "Vangrinsven & Partners gcv", "spot_type": null, "is_eatery": false, "is_gastro": false, "is_retail": false, "is_transit": false, "is_office": true, "diet_vegan": false, "diet_vegetarian": false, "diet_glutenfree": false, "diet_halal": false, "unit_id": "24062A11-"}}, {"type": "Feature", "geometry": {"type": "Point", "coordinates": [4.7013488, 50.8823711]}, "properties": {"name": "Vereniging der mede-eigenaars van de Residentie Bredero", "spot_type": null, "is_eatery": false, "is_gastro": false, "is_retail": false, "is_transit": false, "is_office": true, "diet_vegan": false, "diet_vegetarian": false, "diet_glutenfree": false, "diet_halal": false, "unit_id": "24062A11-"}}, {"type": "Feature", "geometry": {"type": "Point", "coordinates": [4.7015354, 50.8818947]}, "properties": {"name": "Vereniging van mede-eigenaars Vaartstraat 34", "spot_type": null, "is_eatery": false, "is_gastro": false, "is_retail": false, "is_transit": false, "is_office": true, "diet_vegan": false, "diet_vegetarian": false, "diet_glutenfree": false, "diet_halal": false, "unit_id": "24062A11-"}}, {"type": "Feature", "geometry": {"type": "Point", "coordinates": [4.7015034, 50.8819807]}, "properties": {"name": "Vereniging van mede-eigenaars Vaartstraat 36", "spot_type": null, "is_eatery": false, "is_gastro": false, "is_retail": false, "is_transit": false, "is_office": true, "diet_vegan": false, "diet_vegetarian": false, "diet_glutenfree": false, "diet_halal": false, "unit_id": "24062A11-"}}, {"type": "Feature", "geometry": {"type": "Point", "coordinates": [4.7013469, 50.8823853]}, "properties": {"name": "Ziekenfonds Interneutralia", "spot_type": null, "is_eatery": false, "is_gastro": false, "is_retail": false, "is_transit": false, "is_office": true, "diet_vegan": false, "diet_vegetarian": false, "diet_glutenfree": false, "diet_halal": false, "unit_id": "24062A11-"}}, {"type": "Feature", "geometry": {"type": "Point", "coordinates": [4.70248, 50.8836052]}, "properties": {"name": "Colruyt", "spot_type": null, "is_eatery": false, "is_gastro": false, "is_retail": true, "is_transit": false, "is_office": false, "diet_vegan": false, "diet_vegetarian": false, "diet_glutenfree": false, "diet_halal": false, "unit_id": "24062A15-"}}, {"type": "Feature", "geometry": {"type": "Point", "coordinates": [4.6927598, 50.8919658]}, "properties": {"name": "Topinamboer", "spot_type": null, "is_eatery": true, "is_gastro": true, "is_retail": false, "is_transit": false, "is_office": false, "diet_vegan": false, "diet_vegetarian": false, "diet_glutenfree": false, "diet_halal": false, "unit_id": "24062B34-"}}, {"type": "Feature", "geometry": {"type": "Point", "coordinates": [4.7098793, 50.8815273]}, "properties": {"name": "Spar Express", "spot_type": null, "is_eatery": false, "is_gastro": false, "is_retail": true, "is_transit": false, "is_office": false, "diet_vegan": false, "diet_vegetarian": false, "diet_glutenfree": false, "diet_halal": false, "unit_id": "24062A10-"}}, {"type": "Feature", "geometry": {"type": "Point", "coordinates": [4.6977556, 50.8801027]}, "properties": {"name": "Circle Asian Supermarket", "spot_type": null, "is_eatery": false, "is_gastro": false, "is_retail": true, "is_transit": false, "is_office": false, "diet_vegan": false, "diet_vegetarian": false, "diet_glutenfree": false, "diet_halal": false, "unit_id": "24062A01-"}}, {"type": "Feature", "geometry": {"type": "Point", "coordinates": [4.7009302, 50.8828926]}, "properties": {"name": "Articanalix nv", "spot_type": null, "is_eatery": false, "is_gastro": false, "is_retail": false, "is_transit": false, "is_office": true, "diet_vegan": false, "diet_vegetarian": false, "diet_glutenfree": false, "diet_halal": false, "unit_id": "24062A11-"}}, {"type": "Feature", "geometry": {"type": "Point", "coordinates": [4.6998625, 50.8825783]}, "properties": {"name": "Caveca bvba", "spot_type": null, "is_eatery": false, "is_gastro": false, "is_retail": false, "is_transit": false, "is_office": true, "diet_vegan": false, "diet_vegetarian": false, "diet_glutenfree": false, "diet_halal": false, "unit_id": "24062A11-"}}, {"type": "Feature", "geometry": {"type": "Point", "coordinates": [4.6998628, 50.8825184]}, "properties": {"name": "Co-Libro cvba", "spot_type": null, "is_eatery": false, "is_gastro": false, "is_retail": false, "is_transit": false, "is_office": true, "diet_vegan": false, "diet_vegetarian": false, "diet_glutenfree": false, "diet_halal": false, "unit_id": "24062A11-"}}, {"type": "Feature", "geometry": {"type": "Point", "coordinates": [4.7003557, 50.8818791]}, "properties": {"name": "tumbzup", "spot_type": null, "is_eatery": false, "is_gastro": false, "is_retail": false, "is_transit": false, "is_office": true, "diet_vegan": false, "diet_vegetarian": false, "diet_glutenfree": false, "diet_halal": false, "unit_id": "24062A11-"}}, {"type": "Feature", "geometry": {"type": "Point", "coordinates": [4.7009242, 50.882916]}, "properties": {"name": "Haasl bvba", "spot_type": null, "is_eatery": false, "is_gastro": false, "is_retail": false, "is_transit": false, "is_office": true, "diet_vegan": false, "diet_vegetarian": false, "diet_glutenfree": false, "diet_halal": false, "unit_id": "24062A11-"}}, {"type": "Feature", "geometry": {"type": "Point", "coordinates": [4.7009258, 50.8829047]}, "properties": {"name": "Jansen, Wallays & de Meutter", "spot_type": null, "is_eatery": false, "is_gastro": false, "is_retail": false, "is_transit": false, "is_office": true, "diet_vegan": false, "diet_vegetarian": false, "diet_glutenfree": false, "diet_halal": false, "unit_id": "24062A11-"}}, {"type": "Feature", "geometry": {"type": "Point", "coordinates": [4.6998631, 50.8824584]}, "properties": {"name": "Studiebureau P. Casier bvba", "spot_type": null, "is_eatery": false, "is_gastro": false, "is_retail": false, "is_transit": false, "is_office": true, "diet_vegan": false, "diet_vegetarian": false, "diet_glutenfree": false, "diet_halal": false, "unit_id": "24062A11-"}}, {"type": "Feature", "geometry": {"type": "Point", "coordinates": [4.6998638, 50.8823386]}, "properties": {"name": "Syntra Vlaanderen", "spot_type": null, "is_eatery": false, "is_gastro": false, "is_retail": false, "is_transit": false, "is_office": true, "diet_vegan": false, "diet_vegetarian": false, "diet_glutenfree": false, "diet_halal": false, "unit_id": "24062A11-"}}, {"type": "Feature", "geometry": {"type": "Point", "coordinates": [4.6998635, 50.8823985]}, "properties": {"name": "T.INC bvba", "spot_type": null, "is_eatery": false, "is_gastro": false, "is_retail": false, "is_transit": false, "is_office": true, "diet_vegan": false, "diet_vegetarian": false, "diet_glutenfree": false, "diet_halal": false, "unit_id": "24062A11-"}}, {"type": "Feature", "geometry": {"type": "Point", "coordinates": [4.6998697, 50.8826799]}, "properties": {"name": "U-Sentric bvba", "spot_type": null, "is_eatery": false, "is_gastro": false, "is_retail": false, "is_transit": false, "is_office": true, "diet_vegan": false, "diet_vegetarian": false, "diet_glutenfree": false, "diet_halal": false, "unit_id": "24062A11-"}}, {"type": "Feature", "geometry": {"type": "Point", "coordinates": [4.6999759, 50.8824303]}, "properties": {"name": "Vereniging der mede-eigenaars van het Gebouw Metalo", "spot_type": null, "is_eatery": false, "is_gastro": false, "is_retail": false, "is_transit": false, "is_office": true, "diet_vegan": false, "diet_vegetarian": false, "diet_glutenfree": false, "diet_halal": false, "unit_id": "24062A11-"}}, {"type": "Feature", "geometry": {"type": "Point", "coordinates": [4.6984573, 50.8834907]}, "properties": {"name": "Kring Mont Martre", "spot_type": null, "is_eatery": false, "is_gastro": false, "is_retail": false, "is_transit": false, "is_office": true, "diet_vegan": false, "diet_vegetarian": false, "diet_glutenfree": false, "diet_halal": false, "unit_id": "24062A01-"}}, {"type": "Feature", "geometry": {"type": "Point", "coordinates": [4.6984211, 50.8839771]}, "properties": {"name": "Lienex vof", "spot_type": null, "is_eatery": false, "is_gastro": false, "is_retail": false, "is_transit": false, "is_office": true, "diet_vegan": false, "diet_vegetarian": false, "diet_glutenfree": false, "diet_halal": false, "unit_id": "24062A01-"}}, {"type": "Feature", "geometry": {"type": "Point", "coordinates": [4.6984513, 50.8836431]}, "properties": {"name": "MELA Engineering bvba", "spot_type": null, "is_eatery": false, "is_gastro": false, "is_retail": false, "is_transit": false, "is_office": true, "diet_vegan": false, "diet_vegetarian": false, "diet_glutenfree": false, "diet_halal": false, "unit_id": "24062A01-"}}, {"type": "Feature", "geometry": {"type": "Point", "coordinates": [4.6986309, 50.8840673]}, "properties": {"name": "Mamaye", "spot_type": null, "is_eatery": true, "is_gastro": true, "is_retail": false, "is_transit": false, "is_office": false, "diet_vegan": false, "diet_vegetarian": false, "diet_glutenfree": false, "diet_halal": false, "unit_id": "24062A01-"}}, {"type": "Feature", "geometry": {"type": "Point", "coordinates": [4.7593496, 50.9201804]}, "properties": {"name": null, "spot_type": null, "is_eatery": false, "is_gastro": false, "is_retail": false, "is_transit": true, "is_office": false, "diet_vegan": false, "diet_vegetarian": false, "diet_glutenfree": false, "diet_halal": false, "unit_id": "24043A00-"}}, {"type": "Feature", "geometry": {"type": "Point", "coordinates": [4.7169373, 50.9169484]}, "properties": {"name": "Kaaswinkel JODI", "spot_type": null, "is_eatery": false, "is_gastro": false, "is_retail": true, "is_transit": false, "is_office": false, "diet_vegan": false, "diet_vegetarian": false, "diet_glutenfree": false, "diet_halal": false, "unit_id": "24062B100"}}, {"type": "Feature", "geometry": {"type": "Point", "coordinates": [4.7193004, 50.9202222]}, "properties": {"name": null, "spot_type": null, "is_eatery": false, "is_gastro": false, "is_retail": true, "is_transit": false, "is_office": false, "diet_vegan": false, "diet_vegetarian": false, "diet_glutenfree": false, "diet_halal": false, "unit_id": "24062B100"}}, {"type": "Feature", "geometry": {"type": "Point", "coordinates": [4.6955072, 50.8480848]}, "properties": {"name": null, "spot_type": null, "is_eatery": false, "is_gastro": false, "is_retail": false, "is_transit": true, "is_office": false, "diet_vegan": false, "diet_vegetarian": false, "diet_glutenfree": false, "diet_halal": false, "unit_id": "24062D310"}}, {"type": "Feature", "geometry": {"type": "Point", "coordinates": [4.695606, 50.8485519]}, "properties": {"name": null, "spot_type": null, "is_eatery": false, "is_gastro": false, "is_retail": false, "is_transit": true, "is_office": false, "diet_vegan": false, "diet_vegetarian": false, "diet_glutenfree": false, "diet_halal": false, "unit_id": "24062D310"}}, {"type": "Feature", "geometry": {"type": "Point", "coordinates": [4.6958175, 50.858577]}, "properties": {"name": null, "spot_type": null, "is_eatery": false, "is_gastro": false, "is_retail": false, "is_transit": true, "is_office": false, "diet_vegan": false, "diet_vegetarian": false, "diet_glutenfree": false, "diet_halal": false, "unit_id": "24062D03-"}}, {"type": "Feature", "geometry": {"type": "Point", "coordinates": [4.7240222, 50.9106554]}, "properties": {"name": null, "spot_type": null, "is_eatery": false, "is_gastro": false, "is_retail": false, "is_transit": true, "is_office": false, "diet_vegan": false, "diet_vegetarian": false, "diet_glutenfree": false, "diet_halal": false, "unit_id": "24043A10-"}}, {"type": "Feature", "geometry": {"type": "Point", "coordinates": [4.7253976, 50.9113523]}, "properties": {"name": null, "spot_type": null, "is_eatery": false, "is_gastro": false, "is_retail": false, "is_transit": true, "is_office": false, "diet_vegan": false, "diet_vegetarian": false, "diet_glutenfree": false, "diet_halal": false, "unit_id": "24043A10-"}}, {"type": "Feature", "geometry": {"type": "Point", "coordinates": [4.7425166, 50.9153642]}, "properties": {"name": null, "spot_type": null, "is_eatery": false, "is_gastro": false, "is_retail": false, "is_transit": true, "is_office": false, "diet_vegan": false, "diet_vegetarian": false, "diet_glutenfree": false, "diet_halal": false, "unit_id": "24043A122"}}, {"type": "Feature", "geometry": {"type": "Point", "coordinates": [4.7513135, 50.919591]}, "properties": {"name": null, "spot_type": null, "is_eatery": false, "is_gastro": false, "is_retail": false, "is_transit": true, "is_office": false, "diet_vegan": false, "diet_vegetarian": false, "diet_glutenfree": false, "diet_halal": false, "unit_id": "24043A00-"}}, {"type": "Feature", "geometry": {"type": "Point", "coordinates": [4.7514515, 50.9196333]}, "properties": {"name": null, "spot_type": null, "is_eatery": false, "is_gastro": false, "is_retail": false, "is_transit": true, "is_office": false, "diet_vegan": false, "diet_vegetarian": false, "diet_glutenfree": false, "diet_halal": false, "unit_id": "24043A00-"}}, {"type": "Feature", "geometry": {"type": "Point", "coordinates": [4.7094201, 50.9028274]}, "properties": {"name": null, "spot_type": null, "is_eatery": false, "is_gastro": false, "is_retail": false, "is_transit": true, "is_office": false, "diet_vegan": false, "diet_vegetarian": false, "diet_glutenfree": false, "diet_halal": false, "unit_id": "24062B08-"}}, {"type": "Feature", "geometry": {"type": "Point", "coordinates": [4.7064164, 50.8799054]}, "properties": {"name": "De Slegte", "spot_type": null, "is_eatery": false, "is_gastro": false, "is_retail": true, "is_transit": false, "is_office": false, "diet_vegan": false, "diet_vegetarian": false, "diet_glutenfree": false, "diet_halal": false, "unit_id": "24062A20-"}}, {"type": "Feature", "geometry": {"type": "Point", "coordinates": [4.7056302, 50.8803309]}, "properties": {"name": "Kebab Leuven", "spot_type": null, "is_eatery": true, "is_gastro": true, "is_retail": false, "is_transit": false, "is_office": false, "diet_vegan": false, "diet_vegetarian": false, "diet_glutenfree": false, "diet_halal": false, "unit_id": "24062A10-"}}, {"type": "Feature", "geometry": {"type": "Point", "coordinates": [4.7055572, 50.8801418]}, "properties": {"name": "The Rolling Dogs", "spot_type": null, "is_eatery": true, "is_gastro": true, "is_retail": false, "is_transit": false, "is_office": false, "diet_vegan": false, "diet_vegetarian": false, "diet_glutenfree": false, "diet_halal": false, "unit_id": "24062A20-"}}, {"type": "Feature", "geometry": {"type": "Point", "coordinates": [4.7055086, 50.8803154]}, "properties": {"name": "Panos", "spot_type": "bakery", "is_eatery": true, "is_gastro": true, "is_retail": false, "is_transit": false, "is_office": false, "diet_vegan": false, "diet_vegetarian": false, "diet_glutenfree": false, "diet_halal": false, "unit_id": "24062A10-"}}, {"type": "Feature", "geometry": {"type": "Point", "coordinates": [4.7067964, 50.8804949]}, "properties": {"name": "JOTT", "spot_type": null, "is_eatery": false, "is_gastro": false, "is_retail": true, "is_transit": false, "is_office": false, "diet_vegan": false, "diet_vegetarian": false, "diet_glutenfree": false, "diet_halal": false, "unit_id": "24062A10-"}}, {"type": "Feature", "geometry": {"type": "Point", "coordinates": [4.7056646, 50.8800065]}, "properties": {"name": "Stuffed", "spot_type": null, "is_eatery": true, "is_gastro": true, "is_retail": false, "is_transit": false, "is_office": false, "diet_vegan": false, "diet_vegetarian": false, "diet_glutenfree": false, "diet_halal": false, "unit_id": "24062A20-"}}, {"type": "Feature", "geometry": {"type": "Point", "coordinates": [4.7041328, 50.8795467]}, "properties": {"name": null, "spot_type": null, "is_eatery": true, "is_gastro": true, "is_retail": false, "is_transit": false, "is_office": false, "diet_vegan": false, "diet_vegetarian": false, "diet_glutenfree": false, "diet_halal": false, "unit_id": "24062A20-"}}, {"type": "Feature", "geometry": {"type": "Point", "coordinates": [4.7069135, 50.8799905]}, "properties": {"name": "Juttu", "spot_type": null, "is_eatery": false, "is_gastro": false, "is_retail": true, "is_transit": false, "is_office": false, "diet_vegan": false, "diet_vegetarian": false, "diet_glutenfree": false, "diet_halal": false, "unit_id": "24062A20-"}}, {"type": "Feature", "geometry": {"type": "Point", "coordinates": [4.7061201, 50.8805353]}, "properties": {"name": "PME Legend", "spot_type": null, "is_eatery": false, "is_gastro": false, "is_retail": true, "is_transit": false, "is_office": false, "diet_vegan": false, "diet_vegetarian": false, "diet_glutenfree": false, "diet_halal": false, "unit_id": "24062A10-"}}, {"type": "Feature", "geometry": {"type": "Point", "coordinates": [4.7054453, 50.880447]}, "properties": {"name": "State of Art", "spot_type": null, "is_eatery": false, "is_gastro": false, "is_retail": true, "is_transit": false, "is_office": false, "diet_vegan": false, "diet_vegetarian": false, "diet_glutenfree": false, "diet_halal": false, "unit_id": "24062A10-"}}, {"type": "Feature", "geometry": {"type": "Point", "coordinates": [4.7055382, 50.8804595]}, "properties": {"name": "Veritas", "spot_type": null, "is_eatery": false, "is_gastro": false, "is_retail": true, "is_transit": false, "is_office": false, "diet_vegan": false, "diet_vegetarian": false, "diet_glutenfree": false, "diet_halal": false, "unit_id": "24062A10-"}}, {"type": "Feature", "geometry": {"type": "Point", "coordinates": [4.7057085, 50.8804823]}, "properties": {"name": "Calzedonia", "spot_type": null, "is_eatery": false, "is_gastro": false, "is_retail": true, "is_transit": false, "is_office": false, "diet_vegan": false, "diet_vegetarian": false, "diet_glutenfree": false, "diet_halal": false, "unit_id": "24062A10-"}}, {"type": "Feature", "geometry": {"type": "Point", "coordinates": [4.7062664, 50.8805571]}, "properties": {"name": "Mayerline", "spot_type": null, "is_eatery": false, "is_gastro": false, "is_retail": true, "is_transit": false, "is_office": false, "diet_vegan": false, "diet_vegetarian": false, "diet_glutenfree": false, "diet_halal": false, "unit_id": "24062A10-"}}, {"type": "Feature", "geometry": {"type": "Point", "coordinates": [4.7019182, 50.8831119]}, "properties": {"name": "Instituut voor Bacteriologie", "spot_type": null, "is_eatery": false, "is_gastro": false, "is_retail": false, "is_transit": false, "is_office": true, "diet_vegan": false, "diet_vegetarian": false, "diet_glutenfree": false, "diet_halal": false, "unit_id": "24062A11-"}}, {"type": "Feature", "geometry": {"type": "Point", "coordinates": [4.7018862, 50.8831552]}, "properties": {"name": "Instituut voor Land- en waterbeheer", "spot_type": null, "is_eatery": false, "is_gastro": false, "is_retail": false, "is_transit": false, "is_office": true, "diet_vegan": false, "diet_vegetarian": false, "diet_glutenfree": false, "diet_halal": false, "unit_id": "24062A11-"}}, {"type": "Feature", "geometry": {"type": "Point", "coordinates": [4.7019503, 50.8830686]}, "properties": {"name": "Laboratorium voor Bos, natuur en landschap", "spot_type": null, "is_eatery": false, "is_gastro": false, "is_retail": false, "is_transit": false, "is_office": true, "diet_vegan": false, "diet_vegetarian": false, "diet_glutenfree": false, "diet_halal": false, "unit_id": "24062A11-"}}, {"type": "Feature", "geometry": {"type": "Point", "coordinates": [4.7026838, 50.8825233]}, "properties": {"name": "Liberale Mutaliteit van Brabant", "spot_type": null, "is_eatery": false, "is_gastro": false, "is_retail": false, "is_transit": false, "is_office": true, "diet_vegan": false, "diet_vegetarian": false, "diet_glutenfree": false, "diet_halal": false, "unit_id": "24062A11-"}}, {"type": "Feature", "geometry": {"type": "Point", "coordinates": [4.7040023, 50.8826694]}, "properties": {"name": "Stefanie Hermans", "spot_type": null, "is_eatery": false, "is_gastro": false, "is_retail": false, "is_transit": false, "is_office": true, "diet_vegan": false, "diet_vegetarian": false, "diet_glutenfree": false, "diet_halal": false, "unit_id": "24062A11-"}}, {"type": "Feature", "geometry": {"type": "Point", "coordinates": [4.7039903, 50.8826614]}, "properties": {"name": "Thierry Hoschet", "spot_type": null, "is_eatery": false, "is_gastro": false, "is_retail": false, "is_transit": false, "is_office": true, "diet_vegan": false, "diet_vegetarian": false, "diet_glutenfree": false, "diet_halal": false, "unit_id": "24062A11-"}}, {"type": "Feature", "geometry": {"type": "Point", "coordinates": [4.7141794, 50.9120533]}, "properties": {"name": "Luc's Friet", "spot_type": null, "is_eatery": true, "is_gastro": true, "is_retail": false, "is_transit": false, "is_office": false, "diet_vegan": false, "diet_vegetarian": false, "diet_glutenfree": false, "diet_halal": false, "unit_id": "24062B00-"}}, {"type": "Feature", "geometry": {"type": "Point", "coordinates": [4.7075875, 50.8800932]}, "properties": {"name": "H&M", "spot_type": null, "is_eatery": false, "is_gastro": false, "is_retail": true, "is_transit": false, "is_office": false, "diet_vegan": false, "diet_vegetarian": false, "diet_glutenfree": false, "diet_halal": false, "unit_id": "24062A20-"}}, {"type": "Feature", "geometry": {"type": "Point", "coordinates": [4.7085975, 50.8802517]}, "properties": {"name": "Piccolo", "spot_type": null, "is_eatery": true, "is_gastro": true, "is_retail": false, "is_transit": false, "is_office": false, "diet_vegan": false, "diet_vegetarian": false, "diet_glutenfree": false, "diet_halal": false, "unit_id": "24062A20-"}}, {"type": "Feature", "geometry": {"type": "Point", "coordinates": [4.7090024, 50.8803153]}, "properties": {"name": "Les Petits Riens Spullenhulp", "spot_type": null, "is_eatery": false, "is_gastro": false, "is_retail": true, "is_transit": false, "is_office": false, "diet_vegan": false, "diet_vegetarian": false, "diet_glutenfree": false, "diet_halal": false, "unit_id": "24062A20-"}}, {"type": "Feature", "geometry": {"type": "Point", "coordinates": [4.7086819, 50.8802636]}, "properties": {"name": "Kaya Bakkerij", "spot_type": "bakery", "is_eatery": true, "is_gastro": false, "is_retail": false, "is_transit": false, "is_office": false, "diet_vegan": false, "diet_vegetarian": false, "diet_glutenfree": false, "diet_halal": false, "unit_id": "24062A20-"}}, {"type": "Feature", "geometry": {"type": "Point", "coordinates": [4.7083796, 50.8802181]}, "properties": {"name": "Doka", "spot_type": "cafe", "is_eatery": true, "is_gastro": false, "is_retail": false, "is_transit": false, "is_office": false, "diet_vegan": false, "diet_vegetarian": false, "diet_glutenfree": false, "diet_halal": false, "unit_id": "24062A20-"}}, {"type": "Feature", "geometry": {"type": "Point", "coordinates": [4.7085189, 50.8802401]}, "properties": {"name": "Beximp", "spot_type": null, "is_eatery": false, "is_gastro": false, "is_retail": true, "is_transit": false, "is_office": false, "diet_vegan": false, "diet_vegetarian": false, "diet_glutenfree": false, "diet_halal": false, "unit_id": "24062A20-"}}, {"type": "Feature", "geometry": {"type": "Point", "coordinates": [4.7094295, 50.8803905]}, "properties": {"name": "Planet Group Interim", "spot_type": null, "is_eatery": false, "is_gastro": false, "is_retail": false, "is_transit": false, "is_office": true, "diet_vegan": false, "diet_vegetarian": false, "diet_glutenfree": false, "diet_halal": false, "unit_id": "24062A20-"}}, {"type": "Feature", "geometry": {"type": "Point", "coordinates": [4.7079736, 50.8801541]}, "properties": {"name": "Zara", "spot_type": null, "is_eatery": false, "is_gastro": false, "is_retail": true, "is_transit": false, "is_office": false, "diet_vegan": false, "diet_vegetarian": false, "diet_glutenfree": false, "diet_halal": false, "unit_id": "24062A20-"}}, {"type": "Feature", "geometry": {"type": "Point", "coordinates": [4.7067198, 50.8803133]}, "properties": {"name": "Basic Blue Jeans Factory", "spot_type": null, "is_eatery": false, "is_gastro": false, "is_retail": true, "is_transit": false, "is_office": false, "diet_vegan": false, "diet_vegetarian": false, "diet_glutenfree": false, "diet_halal": false, "unit_id": "24062A21-"}}, {"type": "Feature", "geometry": {"type": "Point", "coordinates": [4.7084459, 50.8810185]}, "properties": {"name": "Josephine", "spot_type": "cafe", "is_eatery": true, "is_gastro": false, "is_retail": false, "is_transit": false, "is_office": false, "diet_vegan": false, "diet_vegetarian": false, "diet_glutenfree": false, "diet_halal": false, "unit_id": "24062A10-"}}, {"type": "Feature", "geometry": {"type": "Point", "coordinates": [4.7075967, 50.8807255]}, "properties": {"name": "HEMA", "spot_type": null, "is_eatery": false, "is_gastro": false, "is_retail": true, "is_transit": false, "is_office": false, "diet_vegan": false, "diet_vegetarian": false, "diet_glutenfree": false, "diet_halal": false, "unit_id": "24062A10-"}}, {"type": "Feature", "geometry": {"type": "Point", "coordinates": [4.7086882, 50.8809484]}, "properties": {"name": "Immo Verimass", "spot_type": null, "is_eatery": false, "is_gastro": false, "is_retail": false, "is_transit": false, "is_office": true, "diet_vegan": false, "diet_vegetarian": false, "diet_glutenfree": false, "diet_halal": false, "unit_id": "24062A21-"}}, {"type": "Feature", "geometry": {"type": "Point", "coordinates": [4.708196, 50.8809247]}, "properties": {"name": "Jobconnection", "spot_type": null, "is_eatery": false, "is_gastro": false, "is_retail": false, "is_transit": false, "is_office": true, "diet_vegan": false, "diet_vegetarian": false, "diet_glutenfree": false, "diet_halal": false, "unit_id": "24062A10-"}}, {"type": "Feature", "geometry": {"type": "Point", "coordinates": [4.7069241, 50.8805195]}, "properties": {"name": "LolaLiza", "spot_type": null, "is_eatery": false, "is_gastro": false, "is_retail": true, "is_transit": false, "is_office": false, "diet_vegan": false, "diet_vegetarian": false, "diet_glutenfree": false, "diet_halal": false, "unit_id": "24062A10-"}}, {"type": "Feature", "geometry": {"type": "Point", "coordinates": [4.7077204, 50.8807649]}, "properties": {"name": "Weekday", "spot_type": null, "is_eatery": false, "is_gastro": false, "is_retail": true, "is_transit": false, "is_office": false, "diet_vegan": false, "diet_vegetarian": false, "diet_glutenfree": false, "diet_halal": false, "unit_id": "24062A10-"}}, {"type": "Feature", "geometry": {"type": "Point", "coordinates": [4.707424, 50.8819787]}, "properties": {"name": "'t Fritwinkeltje", "spot_type": null, "is_eatery": true, "is_gastro": true, "is_retail": false, "is_transit": false, "is_office": false, "diet_vegan": false, "diet_vegetarian": false, "diet_glutenfree": false, "diet_halal": false, "unit_id": "24062A12-"}}, {"type": "Feature", "geometry": {"type": "Point", "coordinates": [4.7072939, 50.8808103]}, "properties": {"name": "BRAX", "spot_type": null, "is_eatery": false, "is_gastro": false, "is_retail": true, "is_transit": false, "is_office": false, "diet_vegan": false, "diet_vegetarian": false, "diet_glutenfree": false, "diet_halal": false, "unit_id": "24062A10-"}}, {"type": "Feature", "geometry": {"type": "Point", "coordinates": [4.7078764, 50.8816156]}, "properties": {"name": "Ganesha", "spot_type": null, "is_eatery": false, "is_gastro": false, "is_retail": true, "is_transit": false, "is_office": false, "diet_vegan": false, "diet_vegetarian": false, "diet_glutenfree": false, "diet_halal": false, "unit_id": "24062A12-"}}, {"type": "Feature", "geometry": {"type": "Point", "coordinates": [4.707684, 50.8817793]}, "properties": {"name": "Michael Vandebroek", "spot_type": null, "is_eatery": false, "is_gastro": false, "is_retail": false, "is_transit": false, "is_office": true, "diet_vegan": false, "diet_vegetarian": false, "diet_glutenfree": false, "diet_halal": false, "unit_id": "24062A12-"}}, {"type": "Feature", "geometry": {"type": "Point", "coordinates": [4.7081614, 50.8813733]}, "properties": {"name": "Nachtwinkel Friend's Shop", "spot_type": null, "is_eatery": false, "is_gastro": false, "is_retail": true, "is_transit": false, "is_office": false, "diet_vegan": false, "diet_vegetarian": false, "diet_glutenfree": false, "diet_halal": false, "unit_id": "24062A12-"}}, {"type": "Feature", "geometry": {"type": "Point", "coordinates": [4.7061231, 50.8809999]}, "properties": {"name": "Rudy's Fondueshuisje", "spot_type": null, "is_eatery": true, "is_gastro": true, "is_retail": false, "is_transit": false, "is_office": false, "diet_vegan": false, "diet_vegetarian": false, "diet_glutenfree": false, "diet_halal": false, "unit_id": "24062A12-"}}, {"type": "Feature", "geometry": {"type": "Point", "coordinates": [4.707155, 50.8807677]}, "properties": {"name": "America Today", "spot_type": null, "is_eatery": false, "is_gastro": false, "is_retail": true, "is_transit": false, "is_office": false, "diet_vegan": false, "diet_vegetarian": false, "diet_glutenfree": false, "diet_halal": false, "unit_id": "24062A10-"}}, {"type": "Feature", "geometry": {"type": "Point", "coordinates": [4.7097189, 50.8814959]}, "properties": {"name": "Zeeman", "spot_type": null, "is_eatery": false, "is_gastro": false, "is_retail": true, "is_transit": false, "is_office": false, "diet_vegan": false, "diet_vegetarian": false, "diet_glutenfree": false, "diet_halal": false, "unit_id": "24062A10-"}}, {"type": "Feature", "geometry": {"type": "Point", "coordinates": [4.6919383, 50.8706452]}, "properties": {"name": "Carrefour Market", "spot_type": null, "is_eatery": false, "is_gastro": false, "is_retail": true, "is_transit": false, "is_office": false, "diet_vegan": false, "diet_vegetarian": false, "diet_glutenfree": false, "diet_halal": false, "unit_id": "24062D410"}}, {"type": "Feature", "geometry": {"type": "Point", "coordinates": [4.6965164, 50.8687732]}, "properties": {"name": "Delhaize Heverlee", "spot_type": null, "is_eatery": false, "is_gastro": false, "is_retail": true, "is_transit": false, "is_office": false, "diet_vegan": false, "diet_vegetarian": false, "diet_glutenfree": false, "diet_halal": false, "unit_id": "24062D02-"}}, {"type": "Feature", "geometry": {"type": "Point", "coordinates": [4.6993003, 50.8844999]}, "properties": {"name": "Apostolische Visitatuur voor de Oekraïeners in België", "spot_type": null, "is_eatery": false, "is_gastro": false, "is_retail": false, "is_transit": false, "is_office": true, "diet_vegan": false, "diet_vegetarian": false, "diet_glutenfree": false, "diet_halal": false, "unit_id": "24062A05-"}}, {"type": "Feature", "geometry": {"type": "Point", "coordinates": [4.6997309, 50.8849988]}, "properties": {"name": "Belima nv", "spot_type": null, "is_eatery": false, "is_gastro": false, "is_retail": false, "is_transit": false, "is_office": true, "diet_vegan": false, "diet_vegetarian": false, "diet_glutenfree": false, "diet_halal": false, "unit_id": "24062A05-"}}, {"type": "Feature", "geometry": {"type": "Point", "coordinates": [4.6998204, 50.8871553]}, "properties": {"name": "Grand Café De Hoorn", "spot_type": "cafe", "is_eatery": true, "is_gastro": false, "is_retail": false, "is_transit": false, "is_office": false, "diet_vegan": false, "diet_vegetarian": false, "diet_glutenfree": false, "diet_halal": false, "unit_id": "24062A07-"}}, {"type": "Feature", "geometry": {"type": "Point", "coordinates": [4.7057158, 50.885918]}, "properties": {"name": "Adsomenoise", "spot_type": null, "is_eatery": false, "is_gastro": false, "is_retail": false, "is_transit": false, "is_office": true, "diet_vegan": false, "diet_vegetarian": false, "diet_glutenfree": false, "diet_halal": false, "unit_id": "24062A07-"}}, {"type": "Feature", "geometry": {"type": "Point", "coordinates": [4.7074232, 50.8830069]}, "properties": {"name": "Studio van de Verbreder", "spot_type": null, "is_eatery": false, "is_gastro": false, "is_retail": false, "is_transit": false, "is_office": true, "diet_vegan": false, "diet_vegetarian": false, "diet_glutenfree": false, "diet_halal": false, "unit_id": "24062A13-"}}, {"type": "Feature", "geometry": {"type": "Point", "coordinates": [4.7064564, 50.8831451]}, "properties": {"name": "Zaytouna Market Halal", "spot_type": null, "is_eatery": false, "is_gastro": false, "is_retail": true, "is_transit": false, "is_office": false, "diet_vegan": false, "diet_vegetarian": false, "diet_glutenfree": false, "diet_halal": false, "unit_id": "24062A13-"}}, {"type": "Feature", "geometry": {"type": "Point", "coordinates": [4.7101357, 50.8841131]}, "properties": {"name": "CD&V Arrondissement Leuven", "spot_type": null, "is_eatery": false, "is_gastro": false, "is_retail": false, "is_transit": false, "is_office": true, "diet_vegan": false, "diet_vegetarian": false, "diet_glutenfree": false, "diet_halal": false, "unit_id": "24062A13-"}}, {"type": "Feature", "geometry": {"type": "Point", "coordinates": [4.6905936, 50.8933781]}, "properties": {"name": "De Broodjesbar", "spot_type": null, "is_eatery": true, "is_gastro": true, "is_retail": false, "is_transit": false, "is_office": false, "diet_vegan": false, "diet_vegetarian": false, "diet_glutenfree": false, "diet_halal": false, "unit_id": "24062A61-"}}, {"type": "Feature", "geometry": {"type": "Point", "coordinates": [4.7089916, 50.8813472]}, "properties": {"name": "Falafel TOP", "spot_type": null, "is_eatery": true, "is_gastro": true, "is_retail": false, "is_transit": false, "is_office": false, "diet_vegan": true, "diet_vegetarian": true, "diet_glutenfree": false, "diet_halal": false, "unit_id": "24062A10-"}}, {"type": "Feature", "geometry": {"type": "Point", "coordinates": [4.7116664, 50.8818528]}, "properties": {"name": "Cyaankali", "spot_type": null, "is_eatery": false, "is_gastro": false, "is_retail": true, "is_transit": false, "is_office": false, "diet_vegan": false, "diet_vegetarian": false, "diet_glutenfree": false, "diet_halal": false, "unit_id": "24062A10-"}}, {"type": "Feature", "geometry": {"type": "Point", "coordinates": [4.708914, 50.8813326]}, "properties": {"name": "Domestic Services", "spot_type": null, "is_eatery": false, "is_gastro": false, "is_retail": false, "is_transit": false, "is_office": true, "diet_vegan": false, "diet_vegetarian": false, "diet_glutenfree": false, "diet_halal": false, "unit_id": "24062A10-"}}, {"type": "Feature", "geometry": {"type": "Point", "coordinates": [4.7088672, 50.8833058]}, "properties": {"name": "Kalliope", "spot_type": null, "is_eatery": false, "is_gastro": false, "is_retail": false, "is_transit": false, "is_office": true, "diet_vegan": false, "diet_vegetarian": false, "diet_glutenfree": false, "diet_halal": false, "unit_id": "24062A13-"}}, {"type": "Feature", "geometry": {"type": "Point", "coordinates": [4.7103996, 50.8816187]}, "properties": {"name": null, "spot_type": null, "is_eatery": false, "is_gastro": false, "is_retail": true, "is_transit": false, "is_office": false, "diet_vegan": false, "diet_vegetarian": false, "diet_glutenfree": false, "diet_halal": false, "unit_id": "24062A10-"}}, {"type": "Feature", "geometry": {"type": "Point", "coordinates": [4.7096187, 50.8814776]}, "properties": {"name": "Mok", "spot_type": "cafe", "is_eatery": true, "is_gastro": false, "is_retail": false, "is_transit": false, "is_office": false, "diet_vegan": false, "diet_vegetarian": false, "diet_glutenfree": false, "diet_halal": false, "unit_id": "24062A10-"}}, {"type": "Feature", "geometry": {"type": "Point", "coordinates": [4.708014, 50.8810536]}, "properties": {"name": "Bershka", "spot_type": null, "is_eatery": false, "is_gastro": false, "is_retail": true, "is_transit": false, "is_office": false, "diet_vegan": false, "diet_vegetarian": false, "diet_glutenfree": false, "diet_halal": false, "unit_id": "24062A10-"}}, {"type": "Feature", "geometry": {"type": "Point", "coordinates": [4.6950172, 50.8623295]}, "properties": {"name": "Heverlee", "spot_type": null, "is_eatery": false, "is_gastro": false, "is_retail": false, "is_transit": true, "is_office": false, "diet_vegan": false, "diet_vegetarian": false, "diet_glutenfree": false, "diet_halal": false, "unit_id": "24062D03-"}}, {"type": "Feature", "geometry": {"type": "Point", "coordinates": [4.7092527, 50.8812739]}, "properties": {"name": "Accent Industry Services", "spot_type": null, "is_eatery": false, "is_gastro": false, "is_retail": false, "is_transit": false, "is_office": true, "diet_vegan": false, "diet_vegetarian": false, "diet_glutenfree": false, "diet_halal": false, "unit_id": "24062A10-"}}, {"type": "Feature", "geometry": {"type": "Point", "coordinates": [4.7096738, 50.8813507]}, "properties": {"name": "Anders Getint", "spot_type": null, "is_eatery": false, "is_gastro": false, "is_retail": true, "is_transit": false, "is_office": false, "diet_vegan": false, "diet_vegetarian": false, "diet_glutenfree": false, "diet_halal": false, "unit_id": "24062A10-"}}, {"type": "Feature", "geometry": {"type": "Point", "coordinates": [4.7088378, 50.8811743]}, "properties": {"name": "Habibi", "spot_type": null, "is_eatery": true, "is_gastro": true, "is_retail": false, "is_transit": false, "is_office": false, "diet_vegan": true, "diet_vegetarian": false, "diet_glutenfree": false, "diet_halal": false, "unit_id": "24062A10-"}}, {"type": "Feature", "geometry": {"type": "Point", "coordinates": [4.7111855, 50.8817702]}, "properties": {"name": "Riot", "spot_type": null, "is_eatery": false, "is_gastro": false, "is_retail": true, "is_transit": false, "is_office": false, "diet_vegan": false, "diet_vegetarian": false, "diet_glutenfree": false, "diet_halal": false, "unit_id": "24062A10-"}}, {"type": "Feature", "geometry": {"type": "Point", "coordinates": [4.7097866, 50.8813735]}, "properties": {"name": "The Bake Off", "spot_type": null, "is_eatery": true, "is_gastro": true, "is_retail": false, "is_transit": false, "is_office": false, "diet_vegan": false, "diet_vegetarian": false, "diet_glutenfree": false, "diet_halal": false, "unit_id": "24062A10-"}}, {"type": "Feature", "geometry": {"type": "Point", "coordinates": [4.7091366, 50.8812545]}, "properties": {"name": "Habesha Cafe", "spot_type": "cafe", "is_eatery": true, "is_gastro": false, "is_retail": false, "is_transit": false, "is_office": false, "diet_vegan": false, "diet_vegetarian": false, "diet_glutenfree": false, "diet_halal": false, "unit_id": "24062A10-"}}, {"type": "Feature", "geometry": {"type": "Point", "coordinates": [4.708945, 50.8809836]}, "properties": {"name": "Kabab Sahtain", "spot_type": null, "is_eatery": true, "is_gastro": true, "is_retail": false, "is_transit": false, "is_office": false, "diet_vegan": false, "diet_vegetarian": false, "diet_glutenfree": false, "diet_halal": false, "unit_id": "24062A21-"}}, {"type": "Feature", "geometry": {"type": "Point", "coordinates": [4.7102293, 50.8805239]}, "properties": {"name": "Immo Anthonis", "spot_type": null, "is_eatery": false, "is_gastro": false, "is_retail": false, "is_transit": false, "is_office": true, "diet_vegan": false, "diet_vegetarian": false, "diet_glutenfree": false, "diet_halal": false, "unit_id": "24062A20-"}}, {"type": "Feature", "geometry": {"type": "Point", "coordinates": [4.7094935, 50.8805744]}, "properties": {"name": "Multi Croc", "spot_type": null, "is_eatery": true, "is_gastro": true, "is_retail": false, "is_transit": false, "is_office": false, "diet_vegan": false, "diet_vegetarian": false, "diet_glutenfree": false, "diet_halal": false, "unit_id": "24062A20-"}}, {"type": "Feature", "geometry": {"type": "Point", "coordinates": [4.6855698, 50.9161191]}, "properties": {"name": null, "spot_type": null, "is_eatery": false, "is_gastro": false, "is_retail": false, "is_transit": true, "is_office": false, "diet_vegan": false, "diet_vegetarian": false, "diet_glutenfree": false, "diet_halal": false, "unit_id": "24038A39-"}}, {"type": "Feature", "geometry": {"type": "Point", "coordinates": [4.7117293, 50.8807664]}, "properties": {"name": "itzi Interim", "spot_type": null, "is_eatery": false, "is_gastro": false, "is_retail": false, "is_transit": false, "is_office": true, "diet_vegan": false, "diet_vegetarian": false, "diet_glutenfree": false, "diet_halal": false, "unit_id": "24062A20-"}}, {"type": "Feature", "geometry": {"type": "Point", "coordinates": [4.7109016, 50.8815845]}, "properties": {"name": "In 't Profijtelijk Boeksken", "spot_type": null, "is_eatery": false, "is_gastro": false, "is_retail": true, "is_transit": false, "is_office": false, "diet_vegan": false, "diet_vegetarian": false, "diet_glutenfree": false, "diet_halal": false, "unit_id": "24062A10-"}}, {"type": "Feature", "geometry": {"type": "Point", "coordinates": [4.7118053, 50.8807789]}, "properties": {"name": "Jobtalent", "spot_type": null, "is_eatery": false, "is_gastro": false, "is_retail": false, "is_transit": false, "is_office": true, "diet_vegan": false, "diet_vegetarian": false, "diet_glutenfree": false, "diet_halal": false, "unit_id": "24062A20-"}}, {"type": "Feature", "geometry": {"type": "Point", "coordinates": [4.7107116, 50.8815489]}, "properties": {"name": "Mini Istanbul", "spot_type": null, "is_eatery": false, "is_gastro": false, "is_retail": true, "is_transit": false, "is_office": false, "diet_vegan": false, "diet_vegetarian": false, "diet_glutenfree": false, "diet_halal": false, "unit_id": "24062A10-"}}, {"type": "Feature", "geometry": {"type": "Point", "coordinates": [4.7114435, 50.8807241]}, "properties": {"name": "Manpower", "spot_type": null, "is_eatery": false, "is_gastro": false, "is_retail": false, "is_transit": false, "is_office": true, "diet_vegan": false, "diet_vegetarian": false, "diet_glutenfree": false, "diet_halal": false, "unit_id": "24062A20-"}}, {"type": "Feature", "geometry": {"type": "Point", "coordinates": [4.7116099, 50.8807479]}, "properties": {"name": "Patio", "spot_type": null, "is_eatery": false, "is_gastro": false, "is_retail": true, "is_transit": false, "is_office": false, "diet_vegan": false, "diet_vegetarian": false, "diet_glutenfree": false, "diet_halal": false, "unit_id": "24062A20-"}}, {"type": "Feature", "geometry": {"type": "Point", "coordinates": [4.7108149, 50.8806177]}, "properties": {"name": "Rue Blanche", "spot_type": null, "is_eatery": false, "is_gastro": false, "is_retail": true, "is_transit": false, "is_office": false, "diet_vegan": false, "diet_vegetarian": false, "diet_glutenfree": false, "diet_halal": false, "unit_id": "24062A20-"}}, {"type": "Feature", "geometry": {"type": "Point", "coordinates": [4.6725955, 50.8800238]}, "properties": {"name": "Lab Molecular and Cellular Singaling", "spot_type": null, "is_eatery": false, "is_gastro": false, "is_retail": false, "is_transit": false, "is_office": true, "diet_vegan": false, "diet_vegetarian": false, "diet_glutenfree": false, "diet_halal": false, "unit_id": "24062D633"}}, {"type": "Feature", "geometry": {"type": "Point", "coordinates": [4.6690728, 50.8649664]}, "properties": {"name": "Luciad", "spot_type": null, "is_eatery": false, "is_gastro": false, "is_retail": false, "is_transit": false, "is_office": true, "diet_vegan": false, "diet_vegetarian": false, "diet_glutenfree": false, "diet_halal": false, "unit_id": "24062D591"}}, {"type": "Feature", "geometry": {"type": "Point", "coordinates": [4.7131299, 50.8819541]}, "properties": {"name": "Alexandre", "spot_type": "bakery", "is_eatery": true, "is_gastro": false, "is_retail": false, "is_transit": false, "is_office": false, "diet_vegan": false, "diet_vegetarian": false, "diet_glutenfree": false, "diet_halal": false, "unit_id": "24062A10-"}}, {"type": "Feature", "geometry": {"type": "Point", "coordinates": [4.7136561, 50.8821444]}, "properties": {"name": "Frituur Smullende Heks", "spot_type": null, "is_eatery": true, "is_gastro": true, "is_retail": false, "is_transit": false, "is_office": false, "diet_vegan": false, "diet_vegetarian": false, "diet_glutenfree": false, "diet_halal": false, "unit_id": "24062A10-"}}, {"type": "Feature", "geometry": {"type": "Point", "coordinates": [4.7137453, 50.8821785]}, "properties": {"name": "BLACK&WHITE", "spot_type": null, "is_eatery": true, "is_gastro": true, "is_retail": false, "is_transit": false, "is_office": false, "diet_vegan": false, "diet_vegetarian": false, "diet_glutenfree": false, "diet_halal": false, "unit_id": "24062A10-"}}, {"type": "Feature", "geometry": {"type": "Point", "coordinates": [4.7137967, 50.8821296]}, "properties": {"name": "Pinky", "spot_type": null, "is_eatery": true, "is_gastro": true, "is_retail": false, "is_transit": false, "is_office": false, "diet_vegan": false, "diet_vegetarian": false, "diet_glutenfree": false, "diet_halal": false, "unit_id": "24062A10-"}}, {"type": "Feature", "geometry": {"type": "Point", "coordinates": [4.7132045, 50.8819719]}, "properties": {"name": "Puuur", "spot_type": null, "is_eatery": false, "is_gastro": false, "is_retail": false, "is_transit": false, "is_office": true, "diet_vegan": false, "diet_vegetarian": false, "diet_glutenfree": false, "diet_halal": false, "unit_id": "24062A10-"}}, {"type": "Feature", "geometry": {"type": "Point", "coordinates": [4.7134956, 50.8820831]}, "properties": {"name": "Sheikh & Sons", "spot_type": null, "is_eatery": false, "is_gastro": false, "is_retail": true, "is_transit": false, "is_office": false, "diet_vegan": false, "diet_vegetarian": false, "diet_glutenfree": false, "diet_halal": false, "unit_id": "24062A10-"}}, {"type": "Feature", "geometry": {"type": "Point", "coordinates": [4.7135636, 50.8821091]}, "properties": {"name": "Workzone", "spot_type": null, "is_eatery": false, "is_gastro": false, "is_retail": true, "is_transit": false, "is_office": false, "diet_vegan": false, "diet_vegetarian": false, "diet_glutenfree": false, "diet_halal": false, "unit_id": "24062A10-"}}, {"type": "Feature", "geometry": {"type": "Point", "coordinates": [4.7106054, 50.8815325]}, "properties": {"name": "We Love Coffee", "spot_type": "cafe", "is_eatery": true, "is_gastro": false, "is_retail": false, "is_transit": false, "is_office": false, "diet_vegan": false, "diet_vegetarian": false, "diet_glutenfree": false, "diet_halal": false, "unit_id": "24062A10-"}}, {"type": "Feature", "geometry": {"type": "Point", "coordinates": [4.713602, 50.8810837]}, "properties": {"name": "Corfou", "spot_type": null, "is_eatery": true, "is_gastro": true, "is_retail": false, "is_transit": false, "is_office": false, "diet_vegan": false, "diet_vegetarian": false, "diet_glutenfree": false, "diet_halal": false, "unit_id": "24062A20-"}}, {"type": "Feature", "geometry": {"type": "Point", "coordinates": [4.7139744, 50.8819607]}, "properties": {"name": "In Oud-Leuven", "spot_type": "cafe", "is_eatery": true, "is_gastro": false, "is_retail": false, "is_transit": false, "is_office": false, "diet_vegan": false, "diet_vegetarian": false, "diet_glutenfree": false, "diet_halal": false, "unit_id": "24062A10-"}}, {"type": "Feature", "geometry": {"type": "Point", "coordinates": [4.7139147, 50.8812476]}, "properties": {"name": "La Vignette", "spot_type": null, "is_eatery": true, "is_gastro": true, "is_retail": false, "is_transit": false, "is_office": false, "diet_vegan": false, "diet_vegetarian": false, "diet_glutenfree": false, "diet_halal": false, "unit_id": "24062A20-"}}, {"type": "Feature", "geometry": {"type": "Point", "coordinates": [4.7125184, 50.8809073]}, "properties": {"name": "Peeters", "spot_type": null, "is_eatery": false, "is_gastro": false, "is_retail": true, "is_transit": false, "is_office": false, "diet_vegan": false, "diet_vegetarian": false, "diet_glutenfree": false, "diet_halal": false, "unit_id": "24062A20-"}}, {"type": "Feature", "geometry": {"type": "Point", "coordinates": [4.6676021, 50.9043064]}, "properties": {"name": "Thau BVBA", "spot_type": null, "is_eatery": false, "is_gastro": false, "is_retail": false, "is_transit": false, "is_office": true, "diet_vegan": false, "diet_vegetarian": false, "diet_glutenfree": false, "diet_halal": false, "unit_id": "24038A00-"}}, {"type": "Feature", "geometry": {"type": "Point", "coordinates": [4.7093044, 50.8796012]}, "properties": {"name": "Christelijke Mutualiteit", "spot_type": null, "is_eatery": false, "is_gastro": false, "is_retail": false, "is_transit": false, "is_office": true, "diet_vegan": false, "diet_vegetarian": false, "diet_glutenfree": false, "diet_halal": false, "unit_id": "24062A32-"}}, {"type": "Feature", "geometry": {"type": "Point", "coordinates": [4.6693882, 50.9040227]}, "properties": {"name": "Brasserie De Persil", "spot_type": null, "is_eatery": true, "is_gastro": true, "is_retail": false, "is_transit": false, "is_office": false, "diet_vegan": false, "diet_vegetarian": false, "diet_glutenfree": false, "diet_halal": false, "unit_id": "24038A00-"}}, {"type": "Feature", "geometry": {"type": "Point", "coordinates": [4.7373904, 50.8856127]}, "properties": {"name": "Bakkerij Het Brood", "spot_type": "bakery", "is_eatery": true, "is_gastro": false, "is_retail": false, "is_transit": false, "is_office": false, "diet_vegan": false, "diet_vegetarian": false, "diet_glutenfree": false, "diet_halal": false, "unit_id": "24062C13-"}}, {"type": "Feature", "geometry": {"type": "Point", "coordinates": [4.740294, 50.886063]}, "properties": {"name": "Jose Ruelens", "spot_type": null, "is_eatery": false, "is_gastro": false, "is_retail": false, "is_transit": false, "is_office": true, "diet_vegan": false, "diet_vegetarian": false, "diet_glutenfree": false, "diet_halal": false, "unit_id": "24062C13-"}}, {"type": "Feature", "geometry": {"type": "Point", "coordinates": [4.7382968, 50.8767588]}, "properties": {"name": "Oliveera White Couture", "spot_type": null, "is_eatery": false, "is_gastro": false, "is_retail": true, "is_transit": false, "is_office": false, "diet_vegan": false, "diet_vegetarian": false, "diet_glutenfree": false, "diet_halal": false, "unit_id": "24062C43-"}}, {"type": "Feature", "geometry": {"type": "Point", "coordinates": [4.7045005, 50.8884623]}, "properties": {"name": null, "spot_type": null, "is_eatery": false, "is_gastro": false, "is_retail": false, "is_transit": true, "is_office": false, "diet_vegan": false, "diet_vegetarian": false, "diet_glutenfree": false, "diet_halal": false, "unit_id": "24062B37-"}}, {"type": "Feature", "geometry": {"type": "Point", "coordinates": [4.7055798, 50.8881691]}, "properties": {"name": "Leuven Engels Plein", "spot_type": null, "is_eatery": false, "is_gastro": false, "is_retail": false, "is_transit": true, "is_office": false, "diet_vegan": false, "diet_vegetarian": false, "diet_glutenfree": false, "diet_halal": false, "unit_id": "24062B37-"}}, {"type": "Feature", "geometry": {"type": "Point", "coordinates": [4.705569, 50.8877778]}, "properties": {"name": "Leuven Engels Plein", "spot_type": null, "is_eatery": false, "is_gastro": false, "is_retail": false, "is_transit": true, "is_office": false, "diet_vegan": false, "diet_vegetarian": false, "diet_glutenfree": false, "diet_halal": false, "unit_id": "24062A07-"}}, {"type": "Feature", "geometry": {"type": "Point", "coordinates": [4.7525448, 50.8648152]}, "properties": {"name": null, "spot_type": null, "is_eatery": false, "is_gastro": false, "is_retail": false, "is_transit": true, "is_office": false, "diet_vegan": false, "diet_vegetarian": false, "diet_glutenfree": false, "diet_halal": false, "unit_id": "24011B221"}}, {"type": "Feature", "geometry": {"type": "Point", "coordinates": [4.75234, 50.8648624]}, "properties": {"name": null, "spot_type": null, "is_eatery": false, "is_gastro": false, "is_retail": false, "is_transit": true, "is_office": false, "diet_vegan": false, "diet_vegetarian": false, "diet_glutenfree": false, "diet_halal": false, "unit_id": "24011B221"}}, {"type": "Feature", "geometry": {"type": "Point", "coordinates": [4.713267, 50.9099399]}, "properties": {"name": null, "spot_type": null, "is_eatery": false, "is_gastro": false, "is_retail": false, "is_transit": true, "is_office": false, "diet_vegan": false, "diet_vegetarian": false, "diet_glutenfree": false, "diet_halal": false, "unit_id": "24062B00-"}}, {"type": "Feature", "geometry": {"type": "Point", "coordinates": [4.7137177, 50.9107647]}, "properties": {"name": null, "spot_type": null, "is_eatery": false, "is_gastro": false, "is_retail": false, "is_transit": true, "is_office": false, "diet_vegan": false, "diet_vegetarian": false, "diet_glutenfree": false, "diet_halal": false, "unit_id": "24062B00-"}}, {"type": "Feature", "geometry": {"type": "Point", "coordinates": [4.7196001, 50.9213753]}, "properties": {"name": null, "spot_type": null, "is_eatery": false, "is_gastro": false, "is_retail": false, "is_transit": true, "is_office": false, "diet_vegan": false, "diet_vegetarian": false, "diet_glutenfree": false, "diet_halal": false, "unit_id": "24062B100"}}, {"type": "Feature", "geometry": {"type": "Point", "coordinates": [4.7196823, 50.9215261]}, "properties": {"name": null, "spot_type": null, "is_eatery": false, "is_gastro": false, "is_retail": false, "is_transit": true, "is_office": false, "diet_vegan": false, "diet_vegetarian": false, "diet_glutenfree": false, "diet_halal": false, "unit_id": "24062B100"}}, {"type": "Feature", "geometry": {"type": "Point", "coordinates": [4.7209496, 50.9238091]}, "properties": {"name": null, "spot_type": null, "is_eatery": false, "is_gastro": false, "is_retail": false, "is_transit": true, "is_office": false, "diet_vegan": false, "diet_vegetarian": false, "diet_glutenfree": false, "diet_halal": false, "unit_id": "24062B100"}}, {"type": "Feature", "geometry": {"type": "Point", "coordinates": [4.7052656, 50.8563867]}, "properties": {"name": null, "spot_type": null, "is_eatery": false, "is_gastro": false, "is_retail": false, "is_transit": true, "is_office": false, "diet_vegan": false, "diet_vegetarian": false, "diet_glutenfree": false, "diet_halal": false, "unit_id": "24062D22-"}}, {"type": "Feature", "geometry": {"type": "Point", "coordinates": [4.7304523, 50.8951069]}, "properties": {"name": "Huis Noppen", "spot_type": null, "is_eatery": false, "is_gastro": false, "is_retail": true, "is_transit": false, "is_office": false, "diet_vegan": false, "diet_vegetarian": false, "diet_glutenfree": false, "diet_halal": false, "unit_id": "24062C52-"}}, {"type": "Feature", "geometry": {"type": "Point", "coordinates": [4.7006735, 50.8784217]}, "properties": {"name": "Den Angelus", "spot_type": null, "is_eatery": true, "is_gastro": true, "is_retail": false, "is_transit": false, "is_office": false, "diet_vegan": false, "diet_vegetarian": false, "diet_glutenfree": false, "diet_halal": false, "unit_id": "24062A00-"}}, {"type": "Feature", "geometry": {"type": "Point", "coordinates": [4.693821, 50.8829479]}, "properties": {"name": "Villa de Friet", "spot_type": null, "is_eatery": true, "is_gastro": true, "is_retail": false, "is_transit": false, "is_office": false, "diet_vegan": false, "diet_vegetarian": false, "diet_glutenfree": false, "diet_halal": false, "unit_id": "24062A51-"}}, {"type": "Feature", "geometry": {"type": "Point", "coordinates": [4.699967, 50.8797902]}, "properties": {"name": "Brasserie Foyer", "spot_type": null, "is_eatery": true, "is_gastro": true, "is_retail": false, "is_transit": false, "is_office": false, "diet_vegan": false, "diet_vegetarian": false, "diet_glutenfree": false, "diet_halal": false, "unit_id": "24062A00-"}}, {"type": "Feature", "geometry": {"type": "Point", "coordinates": [4.7139582, 50.8811435]}, "properties": {"name": "Grand Café Industrie", "spot_type": null, "is_eatery": true, "is_gastro": true, "is_retail": false, "is_transit": false, "is_office": false, "diet_vegan": false, "diet_vegetarian": false, "diet_glutenfree": false, "diet_halal": false, "unit_id": "24062A20-"}}, {"type": "Feature", "geometry": {"type": "Point", "coordinates": [4.7139719, 50.8815382]}, "properties": {"name": "Café Sport", "spot_type": null, "is_eatery": true, "is_gastro": true, "is_retail": false, "is_transit": false, "is_office": false, "diet_vegan": false, "diet_vegetarian": false, "diet_glutenfree": false, "diet_halal": false, "unit_id": "24062A20-"}}, {"type": "Feature", "geometry": {"type": "Point", "coordinates": [4.6997128, 50.8802928]}, "properties": {"name": "Koffie en Staal", "spot_type": "cafe", "is_eatery": true, "is_gastro": false, "is_retail": false, "is_transit": false, "is_office": false, "diet_vegan": true, "diet_vegetarian": true, "diet_glutenfree": true, "diet_halal": false, "unit_id": "24062A01-"}}, {"type": "Feature", "geometry": {"type": "Point", "coordinates": [4.7138802, 50.8813292]}, "properties": {"name": "Kosmopol", "spot_type": "cafe", "is_eatery": true, "is_gastro": false, "is_retail": false, "is_transit": false, "is_office": false, "diet_vegan": false, "diet_vegetarian": false, "diet_glutenfree": false, "diet_halal": false, "unit_id": "24062A20-"}}, {"type": "Feature", "geometry": {"type": "Point", "coordinates": [4.7133599, 50.8822156]}, "properties": {"name": "In de rapte", "spot_type": null, "is_eatery": true, "is_gastro": true, "is_retail": false, "is_transit": false, "is_office": false, "diet_vegan": false, "diet_vegetarian": false, "diet_glutenfree": false, "diet_halal": false, "unit_id": "24062A10-"}}, {"type": "Feature", "geometry": {"type": "Point", "coordinates": [4.7113513, 50.8836029]}, "properties": {"name": "Metaalbewerking Bonte", "spot_type": null, "is_eatery": false, "is_gastro": false, "is_retail": false, "is_transit": false, "is_office": true, "diet_vegan": false, "diet_vegetarian": false, "diet_glutenfree": false, "diet_halal": false, "unit_id": "24062A13-"}}, {"type": "Feature", "geometry": {"type": "Point", "coordinates": [4.7134884, 50.8822675]}, "properties": {"name": "Pizza Espressa", "spot_type": null, "is_eatery": true, "is_gastro": true, "is_retail": false, "is_transit": false, "is_office": false, "diet_vegan": false, "diet_vegetarian": false, "diet_glutenfree": false, "diet_halal": false, "unit_id": "24062A10-"}}, {"type": "Feature", "geometry": {"type": "Point", "coordinates": [4.712171, 50.8819682]}, "properties": {"name": "Nina Specialty Bar & Shop", "spot_type": "cafe", "is_eatery": true, "is_gastro": false, "is_retail": false, "is_transit": false, "is_office": false, "diet_vegan": false, "diet_vegetarian": false, "diet_glutenfree": false, "diet_halal": false, "unit_id": "24062A10-"}}, {"type": "Feature", "geometry": {"type": "Point", "coordinates": [4.7134099, 50.882242]}, "properties": {"name": "Sheikh & Sons", "spot_type": null, "is_eatery": false, "is_gastro": false, "is_retail": true, "is_transit": false, "is_office": false, "diet_vegan": false, "diet_vegetarian": false, "diet_glutenfree": false, "diet_halal": false, "unit_id": "24062A10-"}}, {"type": "Feature", "geometry": {"type": "Point", "coordinates": [4.7134643, 50.8824483]}, "properties": {"name": "Synergie Interim Leuven", "spot_type": null, "is_eatery": false, "is_gastro": false, "is_retail": false, "is_transit": false, "is_office": true, "diet_vegan": false, "diet_vegetarian": false, "diet_glutenfree": false, "diet_halal": false, "unit_id": "24062A13-"}}, {"type": "Feature", "geometry": {"type": "Point", "coordinates": [4.7132271, 50.8821711]}, "properties": {"name": "Think Twice", "spot_type": null, "is_eatery": false, "is_gastro": false, "is_retail": true, "is_transit": false, "is_office": false, "diet_vegan": false, "diet_vegetarian": false, "diet_glutenfree": false, "diet_halal": false, "unit_id": "24062A10-"}}, {"type": "Feature", "geometry": {"type": "Point", "coordinates": [4.700251, 50.878776]}, "properties": {"name": "Istanbul", "spot_type": null, "is_eatery": true, "is_gastro": true, "is_retail": false, "is_transit": false, "is_office": false, "diet_vegan": false, "diet_vegetarian": false, "diet_glutenfree": false, "diet_halal": false, "unit_id": "24062A00-"}}, {"type": "Feature", "geometry": {"type": "Point", "coordinates": [4.70027, 50.8788442]}, "properties": {"name": "McDonald's", "spot_type": null, "is_eatery": true, "is_gastro": true, "is_retail": false, "is_transit": false, "is_office": false, "diet_vegan": false, "diet_vegetarian": false, "diet_glutenfree": false, "diet_halal": false, "unit_id": "24062A00-"}}, {"type": "Feature", "geometry": {"type": "Point", "coordinates": [4.7001779, 50.8791761]}, "properties": {"name": "KFC", "spot_type": null, "is_eatery": true, "is_gastro": true, "is_retail": false, "is_transit": false, "is_office": false, "diet_vegan": false, "diet_vegetarian": false, "diet_glutenfree": false, "diet_halal": false, "unit_id": "24062A00-"}}, {"type": "Feature", "geometry": {"type": "Point", "coordinates": [4.702943, 50.8787118]}, "properties": {"name": "Foccaceria Scopa", "spot_type": null, "is_eatery": false, "is_gastro": false, "is_retail": true, "is_transit": false, "is_office": false, "diet_vegan": false, "diet_vegetarian": false, "diet_glutenfree": false, "diet_halal": false, "unit_id": "24062A00-"}}, {"type": "Feature", "geometry": {"type": "Point", "coordinates": [4.7032381, 50.8784523]}, "properties": {"name": "Umamido Leuven", "spot_type": null, "is_eatery": true, "is_gastro": true, "is_retail": false, "is_transit": false, "is_office": false, "diet_vegan": false, "diet_vegetarian": false, "diet_glutenfree": false, "diet_halal": false, "unit_id": "24062A00-"}}, {"type": "Feature", "geometry": {"type": "Point", "coordinates": [4.7030223, 50.8786302]}, "properties": {"name": "Domus", "spot_type": null, "is_eatery": true, "is_gastro": true, "is_retail": false, "is_transit": false, "is_office": false, "diet_vegan": false, "diet_vegetarian": false, "diet_glutenfree": true, "diet_halal": false, "unit_id": "24062A00-"}}, {"type": "Feature", "geometry": {"type": "Point", "coordinates": [4.7032662, 50.8784139]}, "properties": {"name": "Spoons", "spot_type": null, "is_eatery": true, "is_gastro": true, "is_retail": false, "is_transit": false, "is_office": false, "diet_vegan": false, "diet_vegetarian": false, "diet_glutenfree": false, "diet_halal": false, "unit_id": "24062A00-"}}, {"type": "Feature", "geometry": {"type": "Point", "coordinates": [4.703323, 50.8783077]}, "properties": {"name": "Manhattn's", "spot_type": null, "is_eatery": true, "is_gastro": true, "is_retail": false, "is_transit": false, "is_office": false, "diet_vegan": false, "diet_vegetarian": false, "diet_glutenfree": false, "diet_halal": false, "unit_id": "24062A00-"}}, {"type": "Feature", "geometry": {"type": "Point", "coordinates": [4.7035008, 50.8779495]}, "properties": {"name": "Madmum", "spot_type": "cafe", "is_eatery": true, "is_gastro": false, "is_retail": false, "is_transit": false, "is_office": false, "diet_vegan": false, "diet_vegetarian": true, "diet_glutenfree": false, "diet_halal": false, "unit_id": "24062A00-"}}, {"type": "Feature", "geometry": {"type": "Point", "coordinates": [4.7095721, 50.8813327]}, "properties": {"name": "Doekjes & Broekjes", "spot_type": null, "is_eatery": false, "is_gastro": false, "is_retail": true, "is_transit": false, "is_office": false, "diet_vegan": false, "diet_vegetarian": false, "diet_glutenfree": false, "diet_halal": false, "unit_id": "24062A10-"}}, {"type": "Feature", "geometry": {"type": "Point", "coordinates": [4.7065034, 50.8869888]}, "properties": {"name": "Tenforce", "spot_type": null, "is_eatery": false, "is_gastro": false, "is_retail": false, "is_transit": false, "is_office": true, "diet_vegan": false, "diet_vegetarian": false, "diet_glutenfree": false, "diet_halal": false, "unit_id": "24062A07-"}}, {"type": "Feature", "geometry": {"type": "Point", "coordinates": [4.7029522, 50.8789115]}, "properties": {"name": "Boccone", "spot_type": null, "is_eatery": true, "is_gastro": true, "is_retail": false, "is_transit": false, "is_office": false, "diet_vegan": false, "diet_vegetarian": false, "diet_glutenfree": false, "diet_halal": false, "unit_id": "24062A00-"}}, {"type": "Feature", "geometry": {"type": "Point", "coordinates": [4.7146878, 50.882438]}, "properties": {"name": "Leuven Station", "spot_type": null, "is_eatery": false, "is_gastro": false, "is_retail": false, "is_transit": true, "is_office": false, "diet_vegan": false, "diet_vegetarian": false, "diet_glutenfree": false, "diet_halal": false, "unit_id": "24062A17-"}}, {"type": "Feature", "geometry": {"type": "Point", "coordinates": [4.6763059, 50.8789195]}, "properties": {"name": null, "spot_type": null, "is_eatery": false, "is_gastro": false, "is_retail": false, "is_transit": true, "is_office": false, "diet_vegan": false, "diet_vegetarian": false, "diet_glutenfree": false, "diet_halal": false, "unit_id": "24062D633"}}, {"type": "Feature", "geometry": {"type": "Point", "coordinates": [4.7010671, 50.8809171]}, "properties": {"name": "Barboek", "spot_type": "cafe", "is_eatery": true, "is_gastro": false, "is_retail": false, "is_transit": false, "is_office": false, "diet_vegan": false, "diet_vegetarian": false, "diet_glutenfree": false, "diet_halal": false, "unit_id": "24062A01-"}}, {"type": "Feature", "geometry": {"type": "Point", "coordinates": [4.7040416, 50.879293]}, "properties": {"name": "Fatayer", "spot_type": null, "is_eatery": true, "is_gastro": true, "is_retail": false, "is_transit": false, "is_office": false, "diet_vegan": false, "diet_vegetarian": false, "diet_glutenfree": false, "diet_halal": false, "unit_id": "24062A20-"}}, {"type": "Feature", "geometry": {"type": "Point", "coordinates": [4.6996654, 50.8795878]}, "properties": {"name": "Flying tiger", "spot_type": null, "is_eatery": false, "is_gastro": false, "is_retail": true, "is_transit": false, "is_office": false, "diet_vegan": false, "diet_vegetarian": false, "diet_glutenfree": false, "diet_halal": false, "unit_id": "24062A01-"}}, {"type": "Feature", "geometry": {"type": "Point", "coordinates": [4.7034957, 50.8788985]}, "properties": {"name": "Immagine", "spot_type": null, "is_eatery": false, "is_gastro": false, "is_retail": true, "is_transit": false, "is_office": false, "diet_vegan": false, "diet_vegetarian": false, "diet_glutenfree": false, "diet_halal": false, "unit_id": "24062A23-"}}, {"type": "Feature", "geometry": {"type": "Point", "coordinates": [4.7004172, 50.8803919]}, "properties": {"name": "Liv", "spot_type": null, "is_eatery": false, "is_gastro": false, "is_retail": true, "is_transit": false, "is_office": false, "diet_vegan": false, "diet_vegetarian": false, "diet_glutenfree": false, "diet_halal": false, "unit_id": "24062A01-"}}, {"type": "Feature", "geometry": {"type": "Point", "coordinates": [4.7034399, 50.8791922]}, "properties": {"name": "Melvin", "spot_type": null, "is_eatery": false, "is_gastro": false, "is_retail": true, "is_transit": false, "is_office": false, "diet_vegan": false, "diet_vegetarian": false, "diet_glutenfree": false, "diet_halal": false, "unit_id": "24062A20-"}}, {"type": "Feature", "geometry": {"type": "Point", "coordinates": [4.7033079, 50.8791148]}, "properties": {"name": "Carrefour", "spot_type": null, "is_eatery": false, "is_gastro": false, "is_retail": true, "is_transit": false, "is_office": false, "diet_vegan": false, "diet_vegetarian": false, "diet_glutenfree": false, "diet_halal": false, "unit_id": "24062A20-"}}, {"type": "Feature", "geometry": {"type": "Point", "coordinates": [4.7043098, 50.8791245]}, "properties": {"name": "BVM Vastgoed", "spot_type": null, "is_eatery": false, "is_gastro": false, "is_retail": false, "is_transit": false, "is_office": true, "diet_vegan": false, "diet_vegetarian": false, "diet_glutenfree": false, "diet_halal": false, "unit_id": "24062A23-"}}, {"type": "Feature", "geometry": {"type": "Point", "coordinates": [4.7037566, 50.8780351]}, "properties": {"name": "Balls & Glory", "spot_type": null, "is_eatery": true, "is_gastro": true, "is_retail": false, "is_transit": false, "is_office": false, "diet_vegan": false, "diet_vegetarian": false, "diet_glutenfree": false, "diet_halal": false, "unit_id": "24062A00-"}}, {"type": "Feature", "geometry": {"type": "Point", "coordinates": [4.7043966, 50.8790577]}, "properties": {"name": "Damasco", "spot_type": null, "is_eatery": true, "is_gastro": true, "is_retail": false, "is_transit": false, "is_office": false, "diet_vegan": false, "diet_vegetarian": false, "diet_glutenfree": false, "diet_halal": false, "unit_id": "24062A23-"}}, {"type": "Feature", "geometry": {"type": "Point", "coordinates": [4.7037818, 50.8779785]}, "properties": {"name": "Otomat", "spot_type": null, "is_eatery": true, "is_gastro": true, "is_retail": false, "is_transit": false, "is_office": false, "diet_vegan": false, "diet_vegetarian": false, "diet_glutenfree": false, "diet_halal": false, "unit_id": "24062A00-"}}, {"type": "Feature", "geometry": {"type": "Point", "coordinates": [4.7036552, 50.8782207]}, "properties": {"name": "Qbo", "spot_type": null, "is_eatery": true, "is_gastro": true, "is_retail": false, "is_transit": false, "is_office": false, "diet_vegan": false, "diet_vegetarian": false, "diet_glutenfree": false, "diet_halal": false, "unit_id": "24062A00-"}}, {"type": "Feature", "geometry": {"type": "Point", "coordinates": [4.7040581, 50.8790095]}, "properties": {"name": "Museumcafé", "spot_type": "cafe", "is_eatery": true, "is_gastro": false, "is_retail": false, "is_transit": false, "is_office": false, "diet_vegan": false, "diet_vegetarian": false, "diet_glutenfree": false, "diet_halal": false, "unit_id": "24062A23-"}}, {"type": "Feature", "geometry": {"type": "Point", "coordinates": [4.7036755, 50.8781758]}, "properties": {"name": "Osteria Michele", "spot_type": null, "is_eatery": true, "is_gastro": true, "is_retail": false, "is_transit": false, "is_office": false, "diet_vegan": false, "diet_vegetarian": false, "diet_glutenfree": false, "diet_halal": false, "unit_id": "24062A00-"}}, {"type": "Feature", "geometry": {"type": "Point", "coordinates": [4.7050424, 50.8789256]}, "properties": {"name": "Ministerie van Unieke Zaken", "spot_type": null, "is_eatery": false, "is_gastro": false, "is_retail": true, "is_transit": false, "is_office": false, "diet_vegan": false, "diet_vegetarian": false, "diet_glutenfree": false, "diet_halal": false, "unit_id": "24062A23-"}}, {"type": "Feature", "geometry": {"type": "Point", "coordinates": [4.705799, 50.8789159]}, "properties": {"name": "Brasserie Toprak", "spot_type": null, "is_eatery": true, "is_gastro": true, "is_retail": false, "is_transit": false, "is_office": false, "diet_vegan": false, "diet_vegetarian": false, "diet_glutenfree": false, "diet_halal": false, "unit_id": "24062A23-"}}, {"type": "Feature", "geometry": {"type": "Point", "coordinates": [4.7049431, 50.8789828]}, "properties": {"name": "Damart", "spot_type": null, "is_eatery": false, "is_gastro": false, "is_retail": true, "is_transit": false, "is_office": false, "diet_vegan": false, "diet_vegetarian": false, "diet_glutenfree": false, "diet_halal": false, "unit_id": "24062A23-"}}, {"type": "Feature", "geometry": {"type": "Point", "coordinates": [4.7060553, 50.8790835]}, "properties": {"name": "Den Beiaard", "spot_type": "cafe", "is_eatery": true, "is_gastro": false, "is_retail": false, "is_transit": false, "is_office": false, "diet_vegan": false, "diet_vegetarian": false, "diet_glutenfree": false, "diet_halal": false, "unit_id": "24062A23-"}}, {"type": "Feature", "geometry": {"type": "Point", "coordinates": [4.705721, 50.8788461]}, "properties": {"name": "Decadenza Gelateria", "spot_type": null, "is_eatery": true, "is_gastro": true, "is_retail": false, "is_transit": false, "is_office": false, "diet_vegan": false, "diet_vegetarian": false, "diet_glutenfree": false, "diet_halal": false, "unit_id": "24062A23-"}}, {"type": "Feature", "geometry": {"type": "Point", "coordinates": [4.7045176, 50.8792308]}, "properties": {"name": "Den Artiest", "spot_type": "cafe", "is_eatery": true, "is_gastro": false, "is_retail": false, "is_transit": false, "is_office": false, "diet_vegan": false, "diet_vegetarian": false, "diet_glutenfree": false, "diet_halal": false, "unit_id": "24062A23-"}}, {"type": "Feature", "geometry": {"type": "Point", "coordinates": [4.7058623, 50.8793683]}, "properties": {"name": "Fnac", "spot_type": null, "is_eatery": false, "is_gastro": false, "is_retail": true, "is_transit": false, "is_office": false, "diet_vegan": false, "diet_vegetarian": false, "diet_glutenfree": false, "diet_halal": false, "unit_id": "24062A23-"}}, {"type": "Feature", "geometry": {"type": "Point", "coordinates": [4.7048511, 50.8790511]}, "properties": {"name": "Monstertjes", "spot_type": null, "is_eatery": false, "is_gastro": false, "is_retail": true, "is_transit": false, "is_office": false, "diet_vegan": false, "diet_vegetarian": false, "diet_glutenfree": false, "diet_halal": false, "unit_id": "24062A23-"}}, {"type": "Feature", "geometry": {"type": "Point", "coordinates": [4.7047022, 50.8794058]}, "properties": {"name": "Leffe café", "spot_type": "cafe", "is_eatery": true, "is_gastro": false, "is_retail": false, "is_transit": false, "is_office": false, "diet_vegan": false, "diet_vegetarian": false, "diet_glutenfree": false, "diet_halal": false, "unit_id": "24062A20-"}}, {"type": "Feature", "geometry": {"type": "Point", "coordinates": [4.7049641, 50.8794485]}, "properties": {"name": "Filou & Friends", "spot_type": null, "is_eatery": false, "is_gastro": false, "is_retail": true, "is_transit": false, "is_office": false, "diet_vegan": false, "diet_vegetarian": false, "diet_glutenfree": false, "diet_halal": false, "unit_id": "24062A20-"}}, {"type": "Feature", "geometry": {"type": "Point", "coordinates": [4.7054887, 50.8786784]}, "properties": {"name": "Dokteur Picasso", "spot_type": "cafe", "is_eatery": true, "is_gastro": false, "is_retail": false, "is_transit": false, "is_office": false, "diet_vegan": false, "diet_vegetarian": false, "diet_glutenfree": false, "diet_halal": false, "unit_id": "24062A23-"}}, {"type": "Feature", "geometry": {"type": "Point", "coordinates": [4.7045071, 50.8793784]}, "properties": {"name": "Portobello", "spot_type": null, "is_eatery": false, "is_gastro": false, "is_retail": true, "is_transit": false, "is_office": false, "diet_vegan": false, "diet_vegetarian": false, "diet_glutenfree": false, "diet_halal": false, "unit_id": "24062A20-"}}, {"type": "Feature", "geometry": {"type": "Point", "coordinates": [4.7048642, 50.8794339]}, "properties": {"name": "Rondou & Zoon", "spot_type": null, "is_eatery": false, "is_gastro": false, "is_retail": false, "is_transit": false, "is_office": true, "diet_vegan": false, "diet_vegetarian": false, "diet_glutenfree": false, "diet_halal": false, "unit_id": "24062A20-"}}, {"type": "Feature", "geometry": {"type": "Point", "coordinates": [4.7052634, 50.8788054]}, "properties": {"name": "Karma Koma", "spot_type": null, "is_eatery": false, "is_gastro": false, "is_retail": true, "is_transit": false, "is_office": false, "diet_vegan": false, "diet_vegetarian": false, "diet_glutenfree": false, "diet_halal": false, "unit_id": "24062A23-"}}, {"type": "Feature", "geometry": {"type": "Point", "coordinates": [4.7047627, 50.8791029]}, "properties": {"name": "Blanco", "spot_type": "cafe", "is_eatery": true, "is_gastro": false, "is_retail": false, "is_transit": false, "is_office": false, "diet_vegan": true, "diet_vegetarian": true, "diet_glutenfree": false, "diet_halal": false, "unit_id": "24062A23-"}}, {"type": "Feature", "geometry": {"type": "Point", "coordinates": [4.7058676, 50.8789727]}, "properties": {"name": "Tempo team", "spot_type": null, "is_eatery": false, "is_gastro": false, "is_retail": false, "is_transit": false, "is_office": true, "diet_vegan": false, "diet_vegetarian": false, "diet_glutenfree": false, "diet_halal": false, "unit_id": "24062A23-"}}, {"type": "Feature", "geometry": {"type": "Point", "coordinates": [4.6758569, 50.9024009]}, "properties": {"name": "Tartinne de", "spot_type": "bakery", "is_eatery": true, "is_gastro": false, "is_retail": false, "is_transit": false, "is_office": false, "diet_vegan": false, "diet_vegetarian": false, "diet_glutenfree": false, "diet_halal": false, "unit_id": "24038A10-"}}, {"type": "Feature", "geometry": {"type": "Point", "coordinates": [4.7025568, 50.8794758]}, "properties": {"name": "Le Graal", "spot_type": "cafe", "is_eatery": true, "is_gastro": false, "is_retail": false, "is_transit": false, "is_office": false, "diet_vegan": false, "diet_vegetarian": false, "diet_glutenfree": false, "diet_halal": false, "unit_id": "24062A20-"}}, {"type": "Feature", "geometry": {"type": "Point", "coordinates": [4.6737481, 50.9064392]}, "properties": {"name": "Frituur Patana", "spot_type": null, "is_eatery": true, "is_gastro": true, "is_retail": false, "is_transit": false, "is_office": false, "diet_vegan": false, "diet_vegetarian": false, "diet_glutenfree": false, "diet_halal": false, "unit_id": "24038A00-"}}, {"type": "Feature", "geometry": {"type": "Point", "coordinates": [4.6761658, 50.9068188]}, "properties": {"name": "De Open Bakker", "spot_type": "bakery", "is_eatery": true, "is_gastro": false, "is_retail": false, "is_transit": false, "is_office": false, "diet_vegan": false, "diet_vegetarian": false, "diet_glutenfree": false, "diet_halal": false, "unit_id": "24038A00-"}}, {"type": "Feature", "geometry": {"type": "Point", "coordinates": [4.7117422, 50.8818662]}, "properties": {"name": "Bolster", "spot_type": null, "is_eatery": false, "is_gastro": false, "is_retail": true, "is_transit": false, "is_office": false, "diet_vegan": false, "diet_vegetarian": false, "diet_glutenfree": false, "diet_halal": false, "unit_id": "24062A10-"}}, {"type": "Feature", "geometry": {"type": "Point", "coordinates": [4.710123, 50.8815759]}, "properties": {"name": "Deals & Deals", "spot_type": null, "is_eatery": false, "is_gastro": false, "is_retail": true, "is_transit": false, "is_office": false, "diet_vegan": false, "diet_vegetarian": false, "diet_glutenfree": false, "diet_halal": false, "unit_id": "24062A10-"}}, {"type": "Feature", "geometry": {"type": "Point", "coordinates": [4.7102229, 50.8814654]}, "properties": {"name": "Vaude Store", "spot_type": null, "is_eatery": false, "is_gastro": false, "is_retail": true, "is_transit": false, "is_office": false, "diet_vegan": false, "diet_vegetarian": false, "diet_glutenfree": false, "diet_halal": false, "unit_id": "24062A10-"}}, {"type": "Feature", "geometry": {"type": "Point", "coordinates": [4.7069601, 50.8797813]}, "properties": {"name": "Caroline Biss", "spot_type": null, "is_eatery": false, "is_gastro": false, "is_retail": true, "is_transit": false, "is_office": false, "diet_vegan": false, "diet_vegetarian": false, "diet_glutenfree": false, "diet_halal": false, "unit_id": "24062A20-"}}, {"type": "Feature", "geometry": {"type": "Point", "coordinates": [4.7062372, 50.8796526]}, "properties": {"name": "Terre Bleue", "spot_type": null, "is_eatery": false, "is_gastro": false, "is_retail": true, "is_transit": false, "is_office": false, "diet_vegan": false, "diet_vegetarian": false, "diet_glutenfree": false, "diet_halal": false, "unit_id": "24062A20-"}}, {"type": "Feature", "geometry": {"type": "Point", "coordinates": [4.706097, 50.8796334]}, "properties": {"name": "GIGUE", "spot_type": null, "is_eatery": false, "is_gastro": false, "is_retail": true, "is_transit": false, "is_office": false, "diet_vegan": false, "diet_vegetarian": false, "diet_glutenfree": false, "diet_halal": false, "unit_id": "24062A20-"}}, {"type": "Feature", "geometry": {"type": "Point", "coordinates": [4.7066344, 50.8797178]}, "properties": {"name": "WEAR", "spot_type": null, "is_eatery": false, "is_gastro": false, "is_retail": true, "is_transit": false, "is_office": false, "diet_vegan": false, "diet_vegetarian": false, "diet_glutenfree": false, "diet_halal": false, "unit_id": "24062A20-"}}, {"type": "Feature", "geometry": {"type": "Point", "coordinates": [4.7064676, 50.8796939]}, "properties": {"name": "River Woods", "spot_type": null, "is_eatery": false, "is_gastro": false, "is_retail": true, "is_transit": false, "is_office": false, "diet_vegan": false, "diet_vegetarian": false, "diet_glutenfree": false, "diet_halal": false, "unit_id": "24062A20-"}}, {"type": "Feature", "geometry": {"type": "Point", "coordinates": [4.7001597, 50.8786627]}, "properties": {"name": "Casper", "spot_type": null, "is_eatery": true, "is_gastro": true, "is_retail": false, "is_transit": false, "is_office": false, "diet_vegan": false, "diet_vegetarian": false, "diet_glutenfree": false, "diet_halal": false, "unit_id": "24062A00-"}}, {"type": "Feature", "geometry": {"type": "Point", "coordinates": [4.7003694, 50.8783159]}, "properties": {"name": "'t Zeeltje", "spot_type": null, "is_eatery": true, "is_gastro": true, "is_retail": false, "is_transit": false, "is_office": false, "diet_vegan": false, "diet_vegetarian": false, "diet_glutenfree": false, "diet_halal": false, "unit_id": "24062A00-"}}, {"type": "Feature", "geometry": {"type": "Point", "coordinates": [4.7065859, 50.8794498]}, "properties": {"name": "ACLVB Leuven", "spot_type": null, "is_eatery": false, "is_gastro": false, "is_retail": false, "is_transit": false, "is_office": true, "diet_vegan": false, "diet_vegetarian": false, "diet_glutenfree": false, "diet_halal": false, "unit_id": "24062A23-"}}, {"type": "Feature", "geometry": {"type": "Point", "coordinates": [4.7061721, 50.8793503]}, "properties": {"name": "Carissima", "spot_type": null, "is_eatery": false, "is_gastro": false, "is_retail": true, "is_transit": false, "is_office": false, "diet_vegan": false, "diet_vegetarian": false, "diet_glutenfree": false, "diet_halal": false, "unit_id": "24062A23-"}}, {"type": "Feature", "geometry": {"type": "Point", "coordinates": [4.7000953, 50.878366]}, "properties": {"name": "Chick-away", "spot_type": null, "is_eatery": true, "is_gastro": true, "is_retail": false, "is_transit": false, "is_office": false, "diet_vegan": false, "diet_vegetarian": false, "diet_glutenfree": false, "diet_halal": false, "unit_id": "24062A00-"}}, {"type": "Feature", "geometry": {"type": "Point", "coordinates": [4.7006659, 50.878365]}, "properties": {"name": "Café D'Entreprise", "spot_type": null, "is_eatery": true, "is_gastro": true, "is_retail": false, "is_transit": false, "is_office": false, "diet_vegan": false, "diet_vegetarian": false, "diet_glutenfree": false, "diet_halal": false, "unit_id": "24062A00-"}}, {"type": "Feature", "geometry": {"type": "Point", "coordinates": [4.7002397, 50.8783394]}, "properties": {"name": "Grill Room", "spot_type": null, "is_eatery": true, "is_gastro": true, "is_retail": false, "is_transit": false, "is_office": false, "diet_vegan": false, "diet_vegetarian": false, "diet_glutenfree": false, "diet_halal": false, "unit_id": "24062A00-"}}, {"type": "Feature", "geometry": {"type": "Point", "coordinates": [4.7064457, 50.8793642]}, "properties": {"name": "Immo Jan Stas", "spot_type": null, "is_eatery": false, "is_gastro": false, "is_retail": false, "is_transit": false, "is_office": true, "diet_vegan": false, "diet_vegetarian": false, "diet_glutenfree": false, "diet_halal": false, "unit_id": "24062A23-"}}, {"type": "Feature", "geometry": {"type": "Point", "coordinates": [4.7004245, 50.8783109]}, "properties": {"name": "PortoGalo", "spot_type": null, "is_eatery": true, "is_gastro": true, "is_retail": false, "is_transit": false, "is_office": false, "diet_vegan": false, "diet_vegetarian": false, "diet_glutenfree": false, "diet_halal": false, "unit_id": "24062A00-"}}, {"type": "Feature", "geometry": {"type": "Point", "coordinates": [4.7062733, 50.8792369]}, "properties": {"name": "Start People", "spot_type": null, "is_eatery": false, "is_gastro": false, "is_retail": false, "is_transit": false, "is_office": true, "diet_vegan": false, "diet_vegetarian": false, "diet_glutenfree": false, "diet_halal": false, "unit_id": "24062A23-"}}, {"type": "Feature", "geometry": {"type": "Point", "coordinates": [4.699721, 50.8811903]}, "properties": {"name": "Zuut", "spot_type": "confectionery", "is_eatery": true, "is_gastro": false, "is_retail": false, "is_transit": false, "is_office": false, "diet_vegan": false, "diet_vegetarian": false, "diet_glutenfree": false, "diet_halal": false, "unit_id": "24062A01-"}}, {"type": "Feature", "geometry": {"type": "Point", "coordinates": [4.6996641, 50.8789915]}, "properties": {"name": "Anna Corneel", "spot_type": null, "is_eatery": false, "is_gastro": false, "is_retail": true, "is_transit": false, "is_office": false, "diet_vegan": false, "diet_vegetarian": false, "diet_glutenfree": false, "diet_halal": false, "unit_id": "24062A00-"}}, {"type": "Feature", "geometry": {"type": "Point", "coordinates": [4.6999072, 50.8793168]}, "properties": {"name": "IzyCoffee", "spot_type": "cafe", "is_eatery": true, "is_gastro": false, "is_retail": false, "is_transit": false, "is_office": false, "diet_vegan": false, "diet_vegetarian": false, "diet_glutenfree": false, "diet_halal": false, "unit_id": "24062A00-"}}, {"type": "Feature", "geometry": {"type": "Point", "coordinates": [4.6998064, 50.879185]}, "properties": {"name": "Intertaste", "spot_type": null, "is_eatery": true, "is_gastro": true, "is_retail": false, "is_transit": false, "is_office": false, "diet_vegan": false, "diet_vegetarian": false, "diet_glutenfree": false, "diet_halal": false, "unit_id": "24062A00-"}}, {"type": "Feature", "geometry": {"type": "Point", "coordinates": [4.6997677, 50.8791022]}, "properties": {"name": "De Witte Duif", "spot_type": null, "is_eatery": false, "is_gastro": false, "is_retail": true, "is_transit": false, "is_office": false, "diet_vegan": false, "diet_vegetarian": false, "diet_glutenfree": false, "diet_halal": false, "unit_id": "24062A00-"}}, {"type": "Feature", "geometry": {"type": "Point", "coordinates": [4.7000365, 50.8787846]}, "properties": {"name": "Domino's", "spot_type": null, "is_eatery": true, "is_gastro": true, "is_retail": false, "is_transit": false, "is_office": false, "diet_vegan": true, "diet_vegetarian": true, "diet_glutenfree": true, "diet_halal": false, "unit_id": "24062A00-"}}, {"type": "Feature", "geometry": {"type": "Point", "coordinates": [4.6996002, 50.8789368]}, "properties": {"name": "Kalypta", "spot_type": null, "is_eatery": true, "is_gastro": true, "is_retail": false, "is_transit": false, "is_office": false, "diet_vegan": false, "diet_vegetarian": false, "diet_glutenfree": false, "diet_halal": false, "unit_id": "24062A00-"}}, {"type": "Feature", "geometry": {"type": "Point", "coordinates": [4.6995438, 50.8785193]}, "properties": {"name": "Donki", "spot_type": null, "is_eatery": true, "is_gastro": true, "is_retail": false, "is_transit": false, "is_office": false, "diet_vegan": false, "diet_vegetarian": false, "diet_glutenfree": false, "diet_halal": false, "unit_id": "24062A00-"}}, {"type": "Feature", "geometry": {"type": "Point", "coordinates": [4.6992252, 50.878521]}, "properties": {"name": "Frituur Bim Bam", "spot_type": null, "is_eatery": true, "is_gastro": true, "is_retail": false, "is_transit": false, "is_office": false, "diet_vegan": false, "diet_vegetarian": false, "diet_glutenfree": false, "diet_halal": false, "unit_id": "24062A00-"}}, {"type": "Feature", "geometry": {"type": "Point", "coordinates": [4.6993964, 50.8789604]}, "properties": {"name": "Poke House", "spot_type": null, "is_eatery": true, "is_gastro": true, "is_retail": false, "is_transit": false, "is_office": false, "diet_vegan": false, "diet_vegetarian": true, "diet_glutenfree": false, "diet_halal": false, "unit_id": "24062A00-"}}, {"type": "Feature", "geometry": {"type": "Point", "coordinates": [4.6994995, 50.8791128]}, "properties": {"name": "Bar Leuv", "spot_type": null, "is_eatery": true, "is_gastro": true, "is_retail": false, "is_transit": false, "is_office": false, "diet_vegan": false, "diet_vegetarian": false, "diet_glutenfree": false, "diet_halal": false, "unit_id": "24062A00-"}}, {"type": "Feature", "geometry": {"type": "Point", "coordinates": [4.699595, 50.8793919]}, "properties": {"name": "HEMA", "spot_type": null, "is_eatery": false, "is_gastro": false, "is_retail": true, "is_transit": false, "is_office": false, "diet_vegan": false, "diet_vegetarian": false, "diet_glutenfree": false, "diet_halal": false, "unit_id": "24062A00-"}}, {"type": "Feature", "geometry": {"type": "Point", "coordinates": [4.6993755, 50.878933]}, "properties": {"name": "Sway", "spot_type": null, "is_eatery": false, "is_gastro": false, "is_retail": true, "is_transit": false, "is_office": false, "diet_vegan": false, "diet_vegetarian": false, "diet_glutenfree": false, "diet_halal": false, "unit_id": "24062A00-"}}, {"type": "Feature", "geometry": {"type": "Point", "coordinates": [4.6993361, 50.8788966]}, "properties": {"name": "Het Besloten Land", "spot_type": null, "is_eatery": false, "is_gastro": false, "is_retail": true, "is_transit": false, "is_office": false, "diet_vegan": false, "diet_vegetarian": false, "diet_glutenfree": false, "diet_halal": false, "unit_id": "24062A00-"}}, {"type": "Feature", "geometry": {"type": "Point", "coordinates": [4.699296, 50.878491]}, "properties": {"name": "Potala Momo", "spot_type": null, "is_eatery": true, "is_gastro": true, "is_retail": false, "is_transit": false, "is_office": false, "diet_vegan": false, "diet_vegetarian": false, "diet_glutenfree": false, "diet_halal": false, "unit_id": "24062A00-"}}, {"type": "Feature", "geometry": {"type": "Point", "coordinates": [4.6992839, 50.8788483]}, "properties": {"name": "Asian Bowl", "spot_type": null, "is_eatery": true, "is_gastro": true, "is_retail": false, "is_transit": false, "is_office": false, "diet_vegan": false, "diet_vegetarian": true, "diet_glutenfree": false, "diet_halal": false, "unit_id": "24062A00-"}}, {"type": "Feature", "geometry": {"type": "Point", "coordinates": [4.6990146, 50.8795216]}, "properties": {"name": "JBC", "spot_type": null, "is_eatery": false, "is_gastro": false, "is_retail": true, "is_transit": false, "is_office": false, "diet_vegan": false, "diet_vegetarian": false, "diet_glutenfree": false, "diet_halal": false, "unit_id": "24062A00-"}}, {"type": "Feature", "geometry": {"type": "Point", "coordinates": [4.6994258, 50.879001]}, "properties": {"name": "Designed for Kids", "spot_type": null, "is_eatery": false, "is_gastro": false, "is_retail": true, "is_transit": false, "is_office": false, "diet_vegan": false, "diet_vegetarian": false, "diet_glutenfree": false, "diet_halal": false, "unit_id": "24062A00-"}}, {"type": "Feature", "geometry": {"type": "Point", "coordinates": [4.6992551, 50.8785858]}, "properties": {"name": "Le Pain Quotidien", "spot_type": "cafe", "is_eatery": true, "is_gastro": false, "is_retail": false, "is_transit": false, "is_office": false, "diet_vegan": false, "diet_vegetarian": false, "diet_glutenfree": false, "diet_halal": false, "unit_id": "24062A00-"}}, {"type": "Feature", "geometry": {"type": "Point", "coordinates": [4.6992979, 50.8786399]}, "properties": {"name": "Le Pain Quotidien", "spot_type": "cafe", "is_eatery": true, "is_gastro": false, "is_retail": false, "is_transit": false, "is_office": false, "diet_vegan": false, "diet_vegetarian": false, "diet_glutenfree": false, "diet_halal": false, "unit_id": "24062A00-"}}, {"type": "Feature", "geometry": {"type": "Point", "coordinates": [4.6995181, 50.8788586]}, "properties": {"name": "Oona", "spot_type": null, "is_eatery": true, "is_gastro": true, "is_retail": false, "is_transit": false, "is_office": false, "diet_vegan": false, "diet_vegetarian": true, "diet_glutenfree": false, "diet_halal": false, "unit_id": "24062A00-"}}, {"type": "Feature", "geometry": {"type": "Point", "coordinates": [4.6987498, 50.87958]}, "properties": {"name": "Punto Kiosk", "spot_type": "cafe", "is_eatery": true, "is_gastro": false, "is_retail": false, "is_transit": false, "is_office": false, "diet_vegan": false, "diet_vegetarian": false, "diet_glutenfree": false, "diet_halal": false, "unit_id": "24062A00-"}}, {"type": "Feature", "geometry": {"type": "Point", "coordinates": [4.6992295, 50.8794736]}, "properties": {"name": "Styleshop", "spot_type": null, "is_eatery": false, "is_gastro": false, "is_retail": true, "is_transit": false, "is_office": false, "diet_vegan": false, "diet_vegetarian": false, "diet_glutenfree": false, "diet_halal": false, "unit_id": "24062A00-"}}, {"type": "Feature", "geometry": {"type": "Point", "coordinates": [4.6731262, 50.9033511]}, "properties": {"name": null, "spot_type": null, "is_eatery": false, "is_gastro": false, "is_retail": false, "is_transit": true, "is_office": false, "diet_vegan": false, "diet_vegetarian": false, "diet_glutenfree": false, "diet_halal": false, "unit_id": "24038A133"}}, {"type": "Feature", "geometry": {"type": "Point", "coordinates": [4.6998674, 50.8826116]}, "properties": {"name": "Fugzia bvba", "spot_type": null, "is_eatery": false, "is_gastro": false, "is_retail": false, "is_transit": false, "is_office": true, "diet_vegan": false, "diet_vegetarian": false, "diet_glutenfree": false, "diet_halal": false, "unit_id": "24062A11-"}}, {"type": "Feature", "geometry": {"type": "Point", "coordinates": [4.7061028, 50.9158263]}, "properties": {"name": "Mastermail", "spot_type": null, "is_eatery": false, "is_gastro": false, "is_retail": false, "is_transit": false, "is_office": true, "diet_vegan": false, "diet_vegetarian": false, "diet_glutenfree": false, "diet_halal": false, "unit_id": "24062B08-"}}, {"type": "Feature", "geometry": {"type": "Point", "coordinates": [4.7061672, 50.9155425]}, "properties": {"name": "Optidrive", "spot_type": null, "is_eatery": false, "is_gastro": false, "is_retail": false, "is_transit": false, "is_office": true, "diet_vegan": false, "diet_vegetarian": false, "diet_glutenfree": false, "diet_halal": false, "unit_id": "24062B08-"}}, {"type": "Feature", "geometry": {"type": "Point", "coordinates": [4.7054933, 50.8884406]}, "properties": {"name": "RVA Leuven", "spot_type": null, "is_eatery": false, "is_gastro": false, "is_retail": false, "is_transit": false, "is_office": true, "diet_vegan": false, "diet_vegetarian": false, "diet_glutenfree": false, "diet_halal": false, "unit_id": "24062B37-"}}, {"type": "Feature", "geometry": {"type": "Point", "coordinates": [4.7018895, 50.8878393]}, "properties": {"name": "Noordoever", "spot_type": null, "is_eatery": true, "is_gastro": true, "is_retail": false, "is_transit": false, "is_office": false, "diet_vegan": true, "diet_vegetarian": true, "diet_glutenfree": false, "diet_halal": false, "unit_id": "24062A07-"}}, {"type": "Feature", "geometry": {"type": "Point", "coordinates": [4.7150372, 50.8645092]}, "properties": {"name": "Kerk in Nood", "spot_type": null, "is_eatery": false, "is_gastro": false, "is_retail": false, "is_transit": false, "is_office": true, "diet_vegan": false, "diet_vegetarian": false, "diet_glutenfree": false, "diet_halal": false, "unit_id": "24062D209"}}, {"type": "Feature", "geometry": {"type": "Point", "coordinates": [4.7224516, 50.8872658]}, "properties": {"name": "Bakkerij Alexandre", "spot_type": "bakery", "is_eatery": true, "is_gastro": false, "is_retail": false, "is_transit": false, "is_office": false, "diet_vegan": false, "diet_vegetarian": false, "diet_glutenfree": false, "diet_halal": false, "unit_id": "24062C03-"}}, {"type": "Feature", "geometry": {"type": "Point", "coordinates": [4.7230375, 50.8839446]}, "properties": {"name": "Carrefour Express", "spot_type": null, "is_eatery": false, "is_gastro": false, "is_retail": true, "is_transit": false, "is_office": false, "diet_vegan": false, "diet_vegetarian": false, "diet_glutenfree": false, "diet_halal": false, "unit_id": "24062C01-"}}, {"type": "Feature", "geometry": {"type": "Point", "coordinates": [4.7318399, 50.8486246]}, "properties": {"name": "Septentrio N.V.", "spot_type": null, "is_eatery": false, "is_gastro": false, "is_retail": false, "is_transit": false, "is_office": true, "diet_vegan": false, "diet_vegetarian": false, "diet_glutenfree": false, "diet_halal": false, "unit_id": "24062E774"}}, {"type": "Feature", "geometry": {"type": "Point", "coordinates": [4.6461095, 50.891376]}, "properties": {"name": null, "spot_type": null, "is_eatery": false, "is_gastro": false, "is_retail": false, "is_transit": true, "is_office": false, "diet_vegan": false, "diet_vegetarian": false, "diet_glutenfree": false, "diet_halal": false, "unit_id": "24038B091"}}, {"type": "Feature", "geometry": {"type": "Point", "coordinates": [4.7115092, 50.8781642]}, "properties": {"name": "Mediteranee", "spot_type": null, "is_eatery": false, "is_gastro": false, "is_retail": true, "is_transit": false, "is_office": false, "diet_vegan": false, "diet_vegetarian": false, "diet_glutenfree": false, "diet_halal": false, "unit_id": "24062A32-"}}, {"type": "Feature", "geometry": {"type": "Point", "coordinates": [4.6895822, 50.8843757]}, "properties": {"name": "ULYSSIS VZW", "spot_type": null, "is_eatery": false, "is_gastro": false, "is_retail": false, "is_transit": false, "is_office": true, "diet_vegan": false, "diet_vegetarian": false, "diet_glutenfree": false, "diet_halal": false, "unit_id": "24062A54-"}}, {"type": "Feature", "geometry": {"type": "Point", "coordinates": [4.7026739, 50.9228452]}, "properties": {"name": null, "spot_type": null, "is_eatery": false, "is_gastro": false, "is_retail": false, "is_transit": true, "is_office": false, "diet_vegan": false, "diet_vegetarian": false, "diet_glutenfree": false, "diet_halal": false, "unit_id": "24062F40-"}}, {"type": "Feature", "geometry": {"type": "Point", "coordinates": [4.7028155, 50.9229885]}, "properties": {"name": null, "spot_type": null, "is_eatery": false, "is_gastro": false, "is_retail": false, "is_transit": true, "is_office": false, "diet_vegan": false, "diet_vegetarian": false, "diet_glutenfree": false, "diet_halal": false, "unit_id": "24062F40-"}}, {"type": "Feature", "geometry": {"type": "Point", "coordinates": [4.7109736, 50.8678165]}, "properties": {"name": "Foodmaker", "spot_type": null, "is_eatery": true, "is_gastro": true, "is_retail": false, "is_transit": false, "is_office": false, "diet_vegan": true, "diet_vegetarian": true, "diet_glutenfree": false, "diet_halal": false, "unit_id": "24062D19-"}}, {"type": "Feature", "geometry": {"type": "Point", "coordinates": [4.7004298, 50.8771385]}, "properties": {"name": "Pepas", "spot_type": null, "is_eatery": true, "is_gastro": true, "is_retail": false, "is_transit": false, "is_office": false, "diet_vegan": true, "diet_vegetarian": false, "diet_glutenfree": false, "diet_halal": false, "unit_id": "24062A00-"}}, {"type": "Feature", "geometry": {"type": "Point", "coordinates": [4.7011031, 50.8783227]}, "properties": {"name": "Burger Folie", "spot_type": null, "is_eatery": true, "is_gastro": true, "is_retail": false, "is_transit": false, "is_office": false, "diet_vegan": false, "diet_vegetarian": false, "diet_glutenfree": false, "diet_halal": false, "unit_id": "24062A00-"}}, {"type": "Feature", "geometry": {"type": "Point", "coordinates": [4.7019168, 50.8716765]}, "properties": {"name": "Leuven H.Consciencestraat", "spot_type": null, "is_eatery": false, "is_gastro": false, "is_retail": false, "is_transit": true, "is_office": false, "diet_vegan": false, "diet_vegetarian": false, "diet_glutenfree": false, "diet_halal": false, "unit_id": "24062A42-"}}, {"type": "Feature", "geometry": {"type": "Point", "coordinates": [4.7019333, 50.8717653]}, "properties": {"name": "Leuven H.Consciencestraat", "spot_type": null, "is_eatery": false, "is_gastro": false, "is_retail": false, "is_transit": true, "is_office": false, "diet_vegan": false, "diet_vegetarian": false, "diet_glutenfree": false, "diet_halal": false, "unit_id": "24062A42-"}}, {"type": "Feature", "geometry": {"type": "Point", "coordinates": [4.7006272, 50.9212449]}, "properties": {"name": "EurAm", "spot_type": null, "is_eatery": false, "is_gastro": false, "is_retail": false, "is_transit": false, "is_office": true, "diet_vegan": false, "diet_vegetarian": false, "diet_glutenfree": false, "diet_halal": false, "unit_id": "24062F40-"}}, {"type": "Feature", "geometry": {"type": "Point", "coordinates": [4.7143497, 50.8836022]}, "properties": {"name": "Leuven Station", "spot_type": null, "is_eatery": false, "is_gastro": false, "is_retail": false, "is_transit": true, "is_office": false, "diet_vegan": false, "diet_vegetarian": false, "diet_glutenfree": false, "diet_halal": false, "unit_id": "24062A17-"}}, {"type": "Feature", "geometry": {"type": "Point", "coordinates": [4.7144342, 50.8827153]}, "properties": {"name": null, "spot_type": null, "is_eatery": false, "is_gastro": false, "is_retail": false, "is_transit": true, "is_office": false, "diet_vegan": false, "diet_vegetarian": false, "diet_glutenfree": false, "diet_halal": false, "unit_id": "24062A10-"}}, {"type": "Feature", "geometry": {"type": "Point", "coordinates": [4.7142537, 50.883645]}, "properties": {"name": null, "spot_type": null, "is_eatery": false, "is_gastro": false, "is_retail": false, "is_transit": true, "is_office": false, "diet_vegan": false, "diet_vegetarian": false, "diet_glutenfree": false, "diet_halal": false, "unit_id": "24062A14-"}}, {"type": "Feature", "geometry": {"type": "Point", "coordinates": [4.6998238, 50.880243]}, "properties": {"name": "ulla", "spot_type": null, "is_eatery": false, "is_gastro": false, "is_retail": true, "is_transit": false, "is_office": false, "diet_vegan": false, "diet_vegetarian": false, "diet_glutenfree": false, "diet_halal": false, "unit_id": "24062A01-"}}, {"type": "Feature", "geometry": {"type": "Point", "coordinates": [4.6997385, 50.8800561]}, "properties": {"name": "Harvest Club", "spot_type": null, "is_eatery": false, "is_gastro": false, "is_retail": true, "is_transit": false, "is_office": false, "diet_vegan": false, "diet_vegetarian": false, "diet_glutenfree": false, "diet_halal": false, "unit_id": "24062A01-"}}, {"type": "Feature", "geometry": {"type": "Point", "coordinates": [4.701921, 50.8789082]}, "properties": {"name": "Tafelrond", "spot_type": null, "is_eatery": true, "is_gastro": true, "is_retail": false, "is_transit": false, "is_office": false, "diet_vegan": false, "diet_vegetarian": false, "diet_glutenfree": false, "diet_halal": false, "unit_id": "24062A00-"}}, {"type": "Feature", "geometry": {"type": "Point", "coordinates": [4.69896, 50.8782108]}, "properties": {"name": "Palmyra", "spot_type": null, "is_eatery": true, "is_gastro": true, "is_retail": false, "is_transit": false, "is_office": false, "diet_vegan": false, "diet_vegetarian": true, "diet_glutenfree": false, "diet_halal": false, "unit_id": "24062A00-"}}, {"type": "Feature", "geometry": {"type": "Point", "coordinates": [4.6990751, 50.8783421]}, "properties": {"name": "L'inizio", "spot_type": null, "is_eatery": true, "is_gastro": true, "is_retail": false, "is_transit": false, "is_office": false, "diet_vegan": false, "diet_vegetarian": false, "diet_glutenfree": false, "diet_halal": false, "unit_id": "24062A00-"}}, {"type": "Feature", "geometry": {"type": "Point", "coordinates": [4.6972995, 50.8824976]}, "properties": {"name": "RES Barter System", "spot_type": null, "is_eatery": false, "is_gastro": false, "is_retail": false, "is_transit": false, "is_office": true, "diet_vegan": false, "diet_vegetarian": false, "diet_glutenfree": false, "diet_halal": false, "unit_id": "24062A01-"}}, {"type": "Feature", "geometry": {"type": "Point", "coordinates": [4.7031151, 50.8789942]}, "properties": {"name": "Belchicken", "spot_type": null, "is_eatery": true, "is_gastro": true, "is_retail": false, "is_transit": false, "is_office": false, "diet_vegan": false, "diet_vegetarian": false, "diet_glutenfree": false, "diet_halal": false, "unit_id": "24062A00-"}}, {"type": "Feature", "geometry": {"type": "Point", "coordinates": [4.7018648, 50.8782044]}, "properties": {"name": "Antico Pizza", "spot_type": null, "is_eatery": true, "is_gastro": true, "is_retail": false, "is_transit": false, "is_office": false, "diet_vegan": false, "diet_vegetarian": false, "diet_glutenfree": false, "diet_halal": false, "unit_id": "24062A00-"}}, {"type": "Feature", "geometry": {"type": "Point", "coordinates": [4.7017904, 50.8782195]}, "properties": {"name": "La Favola", "spot_type": null, "is_eatery": true, "is_gastro": true, "is_retail": false, "is_transit": false, "is_office": false, "diet_vegan": false, "diet_vegetarian": false, "diet_glutenfree": false, "diet_halal": false, "unit_id": "24062A00-"}}, {"type": "Feature", "geometry": {"type": "Point", "coordinates": [4.7016999, 50.8782373]}, "properties": {"name": "La Cantina del Coronel", "spot_type": null, "is_eatery": true, "is_gastro": true, "is_retail": false, "is_transit": false, "is_office": false, "diet_vegan": false, "diet_vegetarian": false, "diet_glutenfree": false, "diet_halal": false, "unit_id": "24062A00-"}}, {"type": "Feature", "geometry": {"type": "Point", "coordinates": [4.7015134, 50.8782678]}, "properties": {"name": "Wabi Sabi", "spot_type": null, "is_eatery": true, "is_gastro": true, "is_retail": false, "is_transit": false, "is_office": false, "diet_vegan": false, "diet_vegetarian": false, "diet_glutenfree": false, "diet_halal": false, "unit_id": "24062A00-"}}, {"type": "Feature", "geometry": {"type": "Point", "coordinates": [4.7010933, 50.8748735]}, "properties": {"name": "Faculteit Economie en Bedrijfswetenschappen", "spot_type": null, "is_eatery": false, "is_gastro": false, "is_retail": false, "is_transit": false, "is_office": true, "diet_vegan": false, "diet_vegetarian": false, "diet_glutenfree": false, "diet_halal": false, "unit_id": "24062A02-"}}, {"type": "Feature", "geometry": {"type": "Point", "coordinates": [4.6994264, 50.8772994]}, "properties": {"name": "Torox", "spot_type": null, "is_eatery": false, "is_gastro": false, "is_retail": false, "is_transit": false, "is_office": true, "diet_vegan": false, "diet_vegetarian": false, "diet_glutenfree": false, "diet_halal": false, "unit_id": "24062A00-"}}, {"type": "Feature", "geometry": {"type": "Point", "coordinates": [4.7027064, 50.8796141]}, "properties": {"name": "Standaard Boekhandel", "spot_type": null, "is_eatery": false, "is_gastro": false, "is_retail": true, "is_transit": false, "is_office": false, "diet_vegan": false, "diet_vegetarian": false, "diet_glutenfree": false, "diet_halal": false, "unit_id": "24062A20-"}}, {"type": "Feature", "geometry": {"type": "Point", "coordinates": [4.7036118, 50.8783144]}, "properties": {"name": "De Kleine Johannes", "spot_type": null, "is_eatery": false, "is_gastro": false, "is_retail": true, "is_transit": false, "is_office": false, "diet_vegan": false, "diet_vegetarian": false, "diet_glutenfree": false, "diet_halal": false, "unit_id": "24062A00-"}}, {"type": "Feature", "geometry": {"type": "Point", "coordinates": [4.6999015, 50.8777751]}, "properties": {"name": "De Nachtuil", "spot_type": null, "is_eatery": true, "is_gastro": true, "is_retail": false, "is_transit": false, "is_office": false, "diet_vegan": false, "diet_vegetarian": false, "diet_glutenfree": false, "diet_halal": false, "unit_id": "24062A00-"}}, {"type": "Feature", "geometry": {"type": "Point", "coordinates": [4.6998179, 50.8782118]}, "properties": {"name": "Meating Room", "spot_type": null, "is_eatery": true, "is_gastro": true, "is_retail": false, "is_transit": false, "is_office": false, "diet_vegan": false, "diet_vegetarian": false, "diet_glutenfree": false, "diet_halal": false, "unit_id": "24062A00-"}}, {"type": "Feature", "geometry": {"type": "Point", "coordinates": [4.6985998, 50.8777158]}, "properties": {"name": "Goddess Clothes", "spot_type": null, "is_eatery": false, "is_gastro": false, "is_retail": true, "is_transit": false, "is_office": false, "diet_vegan": false, "diet_vegetarian": false, "diet_glutenfree": false, "diet_halal": false, "unit_id": "24062A00-"}}, {"type": "Feature", "geometry": {"type": "Point", "coordinates": [4.7005511, 50.8778976]}, "properties": {"name": "Universiteitshal", "spot_type": null, "is_eatery": false, "is_gastro": false, "is_retail": false, "is_transit": false, "is_office": true, "diet_vegan": false, "diet_vegetarian": false, "diet_glutenfree": false, "diet_halal": false, "unit_id": "24062A00-"}}, {"type": "Feature", "geometry": {"type": "Point", "coordinates": [4.698791, 50.8775901]}, "properties": {"name": "Cafe Manger", "spot_type": null, "is_eatery": true, "is_gastro": true, "is_retail": false, "is_transit": false, "is_office": false, "diet_vegan": false, "diet_vegetarian": false, "diet_glutenfree": false, "diet_halal": false, "unit_id": "24062A00-"}}, {"type": "Feature", "geometry": {"type": "Point", "coordinates": [4.6988218, 50.8776741]}, "properties": {"name": "'t Katastroofke", "spot_type": null, "is_eatery": true, "is_gastro": true, "is_retail": false, "is_transit": false, "is_office": false, "diet_vegan": false, "diet_vegetarian": false, "diet_glutenfree": false, "diet_halal": false, "unit_id": "24062A00-"}}, {"type": "Feature", "geometry": {"type": "Point", "coordinates": [4.6989536, 50.8778667]}, "properties": {"name": "The Sushi Lounge", "spot_type": null, "is_eatery": true, "is_gastro": true, "is_retail": false, "is_transit": false, "is_office": false, "diet_vegan": false, "diet_vegetarian": false, "diet_glutenfree": false, "diet_halal": false, "unit_id": "24062A00-"}}, {"type": "Feature", "geometry": {"type": "Point", "coordinates": [4.7019186, 50.8778365]}, "properties": {"name": "Tijd à Tijd", "spot_type": null, "is_eatery": true, "is_gastro": true, "is_retail": false, "is_transit": false, "is_office": false, "diet_vegan": false, "diet_vegetarian": false, "diet_glutenfree": false, "diet_halal": false, "unit_id": "24062A00-"}}, {"type": "Feature", "geometry": {"type": "Point", "coordinates": [4.7008907, 50.878082]}, "properties": {"name": "Globiss", "spot_type": null, "is_eatery": false, "is_gastro": false, "is_retail": false, "is_transit": false, "is_office": true, "diet_vegan": false, "diet_vegetarian": false, "diet_glutenfree": false, "diet_halal": false, "unit_id": "24062A00-"}}, {"type": "Feature", "geometry": {"type": "Point", "coordinates": [4.7009361, 50.878221]}, "properties": {"name": "Anders Bouwen", "spot_type": null, "is_eatery": false, "is_gastro": false, "is_retail": false, "is_transit": false, "is_office": true, "diet_vegan": false, "diet_vegetarian": false, "diet_glutenfree": false, "diet_halal": false, "unit_id": "24062A00-"}}, {"type": "Feature", "geometry": {"type": "Point", "coordinates": [4.7013482, 50.8779634]}, "properties": {"name": "Taj Mahal", "spot_type": null, "is_eatery": true, "is_gastro": true, "is_retail": false, "is_transit": false, "is_office": false, "diet_vegan": false, "diet_vegetarian": false, "diet_glutenfree": false, "diet_halal": false, "unit_id": "24062A00-"}}, {"type": "Feature", "geometry": {"type": "Point", "coordinates": [4.6979612, 50.8781401]}, "properties": {"name": "Rawette", "spot_type": null, "is_eatery": false, "is_gastro": false, "is_retail": true, "is_transit": false, "is_office": false, "diet_vegan": false, "diet_vegetarian": false, "diet_glutenfree": false, "diet_halal": false, "unit_id": "24062A00-"}}, {"type": "Feature", "geometry": {"type": "Point", "coordinates": [4.6987854, 50.8781955]}, "properties": {"name": "Luz de Lux", "spot_type": null, "is_eatery": false, "is_gastro": false, "is_retail": true, "is_transit": false, "is_office": false, "diet_vegan": false, "diet_vegetarian": false, "diet_glutenfree": false, "diet_halal": false, "unit_id": "24062A00-"}}, {"type": "Feature", "geometry": {"type": "Point", "coordinates": [4.6989632, 50.8784437]}, "properties": {"name": "Brasserie De Nieuwe Tijd", "spot_type": null, "is_eatery": true, "is_gastro": true, "is_retail": false, "is_transit": false, "is_office": false, "diet_vegan": false, "diet_vegetarian": false, "diet_glutenfree": false, "diet_halal": false, "unit_id": "24062A00-"}}, {"type": "Feature", "geometry": {"type": "Point", "coordinates": [4.6982649, 50.8775308]}, "properties": {"name": "Oxfam Bookshop Leuven", "spot_type": null, "is_eatery": false, "is_gastro": false, "is_retail": true, "is_transit": false, "is_office": false, "diet_vegan": false, "diet_vegetarian": false, "diet_glutenfree": false, "diet_halal": false, "unit_id": "24062A03-"}}, {"type": "Feature", "geometry": {"type": "Point", "coordinates": [4.6983717, 50.877694]}, "properties": {"name": "Twits", "spot_type": null, "is_eatery": false, "is_gastro": false, "is_retail": true, "is_transit": false, "is_office": false, "diet_vegan": false, "diet_vegetarian": false, "diet_glutenfree": false, "diet_halal": false, "unit_id": "24062A03-"}}, {"type": "Feature", "geometry": {"type": "Point", "coordinates": [4.6983134, 50.877609]}, "properties": {"name": "Oxfam Wereldwinkel", "spot_type": null, "is_eatery": false, "is_gastro": false, "is_retail": true, "is_transit": false, "is_office": false, "diet_vegan": false, "diet_vegetarian": false, "diet_glutenfree": false, "diet_halal": false, "unit_id": "24062A03-"}}, {"type": "Feature", "geometry": {"type": "Point", "coordinates": [4.6981474, 50.8792721]}, "properties": {"name": "Bistro Lust", "spot_type": null, "is_eatery": true, "is_gastro": true, "is_retail": false, "is_transit": false, "is_office": false, "diet_vegan": false, "diet_vegetarian": false, "diet_glutenfree": false, "diet_halal": false, "unit_id": "24062A00-"}}, {"type": "Feature", "geometry": {"type": "Point", "coordinates": [4.7036364, 50.8777288]}, "properties": {"name": "'t Galetje", "spot_type": null, "is_eatery": true, "is_gastro": true, "is_retail": false, "is_transit": false, "is_office": false, "diet_vegan": false, "diet_vegetarian": false, "diet_glutenfree": false, "diet_halal": false, "unit_id": "24062A30-"}}, {"type": "Feature", "geometry": {"type": "Point", "coordinates": [4.7034514, 50.8780499]}, "properties": {"name": "Baracca", "spot_type": null, "is_eatery": true, "is_gastro": true, "is_retail": false, "is_transit": false, "is_office": false, "diet_vegan": false, "diet_vegetarian": false, "diet_glutenfree": false, "diet_halal": false, "unit_id": "24062A00-"}}, {"type": "Feature", "geometry": {"type": "Point", "coordinates": [4.703402, 50.8774024]}, "properties": {"name": "Quetzal", "spot_type": "cafe", "is_eatery": true, "is_gastro": false, "is_retail": false, "is_transit": false, "is_office": false, "diet_vegan": false, "diet_vegetarian": false, "diet_glutenfree": false, "diet_halal": false, "unit_id": "24062A02-"}}, {"type": "Feature", "geometry": {"type": "Point", "coordinates": [4.7030166, 50.8779639]}, "properties": {"name": "New Mexico", "spot_type": null, "is_eatery": true, "is_gastro": true, "is_retail": false, "is_transit": false, "is_office": false, "diet_vegan": false, "diet_vegetarian": false, "diet_glutenfree": false, "diet_halal": false, "unit_id": "24062A02-"}}, {"type": "Feature", "geometry": {"type": "Point", "coordinates": [4.7025507, 50.8779841]}, "properties": {"name": "Masalatop", "spot_type": null, "is_eatery": true, "is_gastro": true, "is_retail": false, "is_transit": false, "is_office": false, "diet_vegan": false, "diet_vegetarian": false, "diet_glutenfree": false, "diet_halal": false, "unit_id": "24062A02-"}}, {"type": "Feature", "geometry": {"type": "Point", "coordinates": [4.7024866, 50.8778903]}, "properties": {"name": "Loko", "spot_type": null, "is_eatery": false, "is_gastro": false, "is_retail": false, "is_transit": false, "is_office": true, "diet_vegan": false, "diet_vegetarian": false, "diet_glutenfree": false, "diet_halal": false, "unit_id": "24062A02-"}}, {"type": "Feature", "geometry": {"type": "Point", "coordinates": [4.7009047, 50.8774212]}, "properties": {"name": "Ristorante Rossi", "spot_type": null, "is_eatery": true, "is_gastro": true, "is_retail": false, "is_transit": false, "is_office": false, "diet_vegan": false, "diet_vegetarian": false, "diet_glutenfree": false, "diet_halal": false, "unit_id": "24062A02-"}}, {"type": "Feature", "geometry": {"type": "Point", "coordinates": [4.7005913, 50.8766488]}, "properties": {"name": "New Holy Cow", "spot_type": null, "is_eatery": true, "is_gastro": true, "is_retail": false, "is_transit": false, "is_office": false, "diet_vegan": false, "diet_vegetarian": false, "diet_glutenfree": false, "diet_halal": false, "unit_id": "24062A02-"}}, {"type": "Feature", "geometry": {"type": "Point", "coordinates": [4.7006031, 50.8766932]}, "properties": {"name": "Noir Coffeebar", "spot_type": "cafe", "is_eatery": true, "is_gastro": false, "is_retail": false, "is_transit": false, "is_office": false, "diet_vegan": false, "diet_vegetarian": false, "diet_glutenfree": false, "diet_halal": false, "unit_id": "24062A02-"}}, {"type": "Feature", "geometry": {"type": "Point", "coordinates": [4.7006284, 50.87684]}, "properties": {"name": "Saki Sushi", "spot_type": null, "is_eatery": true, "is_gastro": true, "is_retail": false, "is_transit": false, "is_office": false, "diet_vegan": false, "diet_vegetarian": false, "diet_glutenfree": false, "diet_halal": false, "unit_id": "24062A02-"}}, {"type": "Feature", "geometry": {"type": "Point", "coordinates": [4.7006996, 50.8770585]}, "properties": {"name": "Van den Bossche Stéphane", "spot_type": null, "is_eatery": false, "is_gastro": false, "is_retail": false, "is_transit": false, "is_office": true, "diet_vegan": false, "diet_vegetarian": false, "diet_glutenfree": false, "diet_halal": false, "unit_id": "24062A02-"}}, {"type": "Feature", "geometry": {"type": "Point", "coordinates": [4.7007189, 50.8774525]}, "properties": {"name": "Namaste Tandoori", "spot_type": null, "is_eatery": true, "is_gastro": true, "is_retail": false, "is_transit": false, "is_office": false, "diet_vegan": false, "diet_vegetarian": false, "diet_glutenfree": false, "diet_halal": false, "unit_id": "24062A02-"}}, {"type": "Feature", "geometry": {"type": "Point", "coordinates": [4.7110327, 50.8817406]}, "properties": {"name": "Wibra", "spot_type": null, "is_eatery": false, "is_gastro": false, "is_retail": true, "is_transit": false, "is_office": false, "diet_vegan": false, "diet_vegetarian": false, "diet_glutenfree": false, "diet_halal": false, "unit_id": "24062A10-"}}, {"type": "Feature", "geometry": {"type": "Point", "coordinates": [4.707352, 50.8800537]}, "properties": {"name": "Bellerose", "spot_type": null, "is_eatery": false, "is_gastro": false, "is_retail": true, "is_transit": false, "is_office": false, "diet_vegan": false, "diet_vegetarian": false, "diet_glutenfree": false, "diet_halal": false, "unit_id": "24062A20-"}}, {"type": "Feature", "geometry": {"type": "Point", "coordinates": [4.7067026, 50.8789851]}, "properties": {"name": "Boekarest", "spot_type": null, "is_eatery": false, "is_gastro": false, "is_retail": true, "is_transit": false, "is_office": false, "diet_vegan": false, "diet_vegetarian": false, "diet_glutenfree": false, "diet_halal": false, "unit_id": "24062A23-"}}, {"type": "Feature", "geometry": {"type": "Point", "coordinates": [4.7064479, 50.8791226]}, "properties": {"name": "Delta Vander Avort Architecten", "spot_type": null, "is_eatery": false, "is_gastro": false, "is_retail": false, "is_transit": false, "is_office": true, "diet_vegan": false, "diet_vegetarian": false, "diet_glutenfree": false, "diet_halal": false, "unit_id": "24062A23-"}}, {"type": "Feature", "geometry": {"type": "Point", "coordinates": [4.7037532, 50.8816094]}, "properties": {"name": "U.C.M.S. Bijgebouw", "spot_type": null, "is_eatery": false, "is_gastro": false, "is_retail": false, "is_transit": false, "is_office": true, "diet_vegan": false, "diet_vegetarian": false, "diet_glutenfree": false, "diet_halal": false, "unit_id": "24062A11-"}}, {"type": "Feature", "geometry": {"type": "Point", "coordinates": [4.7031722, 50.8813198]}, "properties": {"name": "U.C.M.S. Bijgebouw", "spot_type": null, "is_eatery": false, "is_gastro": false, "is_retail": false, "is_transit": false, "is_office": true, "diet_vegan": false, "diet_vegetarian": false, "diet_glutenfree": false, "diet_halal": false, "unit_id": "24062A11-"}}, {"type": "Feature", "geometry": {"type": "Point", "coordinates": [4.6887728, 50.8845587]}, "properties": {"name": "De Viking", "spot_type": null, "is_eatery": false, "is_gastro": false, "is_retail": false, "is_transit": false, "is_office": true, "diet_vegan": false, "diet_vegetarian": false, "diet_glutenfree": false, "diet_halal": false, "unit_id": "24062A54-"}}, {"type": "Feature", "geometry": {"type": "Point", "coordinates": [4.6896154, 50.8844929]}, "properties": {"name": "De Snek", "spot_type": null, "is_eatery": false, "is_gastro": false, "is_retail": false, "is_transit": false, "is_office": true, "diet_vegan": false, "diet_vegetarian": false, "diet_glutenfree": false, "diet_halal": false, "unit_id": "24062A54-"}}, {"type": "Feature", "geometry": {"type": "Point", "coordinates": [4.7033173, 50.8811559]}, "properties": {"name": "De Rijschool", "spot_type": null, "is_eatery": false, "is_gastro": false, "is_retail": false, "is_transit": false, "is_office": true, "diet_vegan": false, "diet_vegetarian": false, "diet_glutenfree": false, "diet_halal": false, "unit_id": "24062A11-"}}, {"type": "Feature", "geometry": {"type": "Point", "coordinates": [4.7039455, 50.881466]}, "properties": {"name": "U.C.M.S.", "spot_type": null, "is_eatery": false, "is_gastro": false, "is_retail": false, "is_transit": false, "is_office": true, "diet_vegan": false, "diet_vegetarian": false, "diet_glutenfree": false, "diet_halal": false, "unit_id": "24062A11-"}}, {"type": "Feature", "geometry": {"type": "Point", "coordinates": [4.700091, 50.8775968]}, "properties": {"name": "De Spoelberchinstituut", "spot_type": null, "is_eatery": false, "is_gastro": false, "is_retail": false, "is_transit": false, "is_office": true, "diet_vegan": false, "diet_vegetarian": false, "diet_glutenfree": false, "diet_halal": false, "unit_id": "24062A00-"}}, {"type": "Feature", "geometry": {"type": "Point", "coordinates": [4.7000454, 50.8771984]}, "properties": {"name": "Conciërgehuis", "spot_type": null, "is_eatery": false, "is_gastro": false, "is_retail": false, "is_transit": false, "is_office": true, "diet_vegan": false, "diet_vegetarian": false, "diet_glutenfree": false, "diet_halal": false, "unit_id": "24062A00-"}}, {"type": "Feature", "geometry": {"type": "Point", "coordinates": [4.7141428, 50.880734]}, "properties": {"name": "De Klimop", "spot_type": null, "is_eatery": true, "is_gastro": true, "is_retail": false, "is_transit": false, "is_office": false, "diet_vegan": false, "diet_vegetarian": false, "diet_glutenfree": false, "diet_halal": false, "unit_id": "24062A20-"}}, {"type": "Feature", "geometry": {"type": "Point", "coordinates": [4.7140569, 50.8809464]}, "properties": {"name": "La Royale", "spot_type": "cafe", "is_eatery": true, "is_gastro": false, "is_retail": false, "is_transit": false, "is_office": false, "diet_vegan": false, "diet_vegetarian": false, "diet_glutenfree": false, "diet_halal": false, "unit_id": "24062A20-"}}, {"type": "Feature", "geometry": {"type": "Point", "coordinates": [4.7073727, 50.8798063]}, "properties": {"name": "Koffiehuis Java", "spot_type": "cafe", "is_eatery": true, "is_gastro": false, "is_retail": false, "is_transit": false, "is_office": false, "diet_vegan": false, "diet_vegetarian": false, "diet_glutenfree": false, "diet_halal": false, "unit_id": "24062A20-"}}, {"type": "Feature", "geometry": {"type": "Point", "coordinates": [4.7072797, 50.8797388]}, "properties": {"name": "Atelier Roosen", "spot_type": null, "is_eatery": false, "is_gastro": false, "is_retail": true, "is_transit": false, "is_office": false, "diet_vegan": false, "diet_vegetarian": false, "diet_glutenfree": false, "diet_halal": false, "unit_id": "24062A23-"}}, {"type": "Feature", "geometry": {"type": "Point", "coordinates": [4.7071815, 50.8796676]}, "properties": {"name": "Immotheker", "spot_type": null, "is_eatery": false, "is_gastro": false, "is_retail": false, "is_transit": false, "is_office": true, "diet_vegan": false, "diet_vegetarian": false, "diet_glutenfree": false, "diet_halal": false, "unit_id": "24062A23-"}}, {"type": "Feature", "geometry": {"type": "Point", "coordinates": [4.7070242, 50.8795534]}, "properties": {"name": "Great at 8", "spot_type": null, "is_eatery": false, "is_gastro": false, "is_retail": true, "is_transit": false, "is_office": false, "diet_vegan": false, "diet_vegetarian": false, "diet_glutenfree": false, "diet_halal": false, "unit_id": "24062A23-"}}, {"type": "Feature", "geometry": {"type": "Point", "coordinates": [4.7095824, 50.8802265]}, "properties": {"name": "McDonald's", "spot_type": null, "is_eatery": true, "is_gastro": true, "is_retail": false, "is_transit": false, "is_office": false, "diet_vegan": false, "diet_vegetarian": false, "diet_glutenfree": false, "diet_halal": false, "unit_id": "24062A20-"}}, {"type": "Feature", "geometry": {"type": "Point", "coordinates": [4.7093893, 50.8801928]}, "properties": {"name": "NOVA", "spot_type": null, "is_eatery": false, "is_gastro": false, "is_retail": true, "is_transit": false, "is_office": false, "diet_vegan": false, "diet_vegetarian": false, "diet_glutenfree": false, "diet_halal": false, "unit_id": "24062A20-"}}, {"type": "Feature", "geometry": {"type": "Point", "coordinates": [4.7084038, 50.8800265]}, "properties": {"name": "Mana loa", "spot_type": null, "is_eatery": false, "is_gastro": false, "is_retail": true, "is_transit": false, "is_office": false, "diet_vegan": false, "diet_vegetarian": false, "diet_glutenfree": false, "diet_halal": false, "unit_id": "24062A20-"}}, {"type": "Feature", "geometry": {"type": "Point", "coordinates": [4.7083002, 50.8799989]}, "properties": {"name": "Caroll", "spot_type": null, "is_eatery": false, "is_gastro": false, "is_retail": true, "is_transit": false, "is_office": false, "diet_vegan": false, "diet_vegetarian": false, "diet_glutenfree": false, "diet_halal": false, "unit_id": "24062A20-"}}, {"type": "Feature", "geometry": {"type": "Point", "coordinates": [4.6950991, 50.8805803]}, "properties": {"name": "Activate", "spot_type": null, "is_eatery": false, "is_gastro": false, "is_retail": false, "is_transit": false, "is_office": true, "diet_vegan": false, "diet_vegetarian": false, "diet_glutenfree": false, "diet_halal": false, "unit_id": "24062A01-"}}, {"type": "Feature", "geometry": {"type": "Point", "coordinates": [4.7138121, 50.8809187]}, "properties": {"name": "Accent Horeca & Retail", "spot_type": null, "is_eatery": false, "is_gastro": false, "is_retail": false, "is_transit": false, "is_office": true, "diet_vegan": false, "diet_vegetarian": false, "diet_glutenfree": false, "diet_halal": false, "unit_id": "24062A20-"}}, {"type": "Feature", "geometry": {"type": "Point", "coordinates": [4.7137223, 50.8809069]}, "properties": {"name": "Daoust Job Center", "spot_type": null, "is_eatery": false, "is_gastro": false, "is_retail": false, "is_transit": false, "is_office": true, "diet_vegan": false, "diet_vegetarian": false, "diet_glutenfree": false, "diet_halal": false, "unit_id": "24062A20-"}}, {"type": "Feature", "geometry": {"type": "Point", "coordinates": [4.7136257, 50.8808918]}, "properties": {"name": "Accent Industry Services", "spot_type": null, "is_eatery": false, "is_gastro": false, "is_retail": false, "is_transit": false, "is_office": true, "diet_vegan": false, "diet_vegetarian": false, "diet_glutenfree": false, "diet_halal": false, "unit_id": "24062A20-"}}, {"type": "Feature", "geometry": {"type": "Point", "coordinates": [4.7133294, 50.8808493]}, "properties": {"name": "ENGEL & VÖLKERS", "spot_type": null, "is_eatery": false, "is_gastro": false, "is_retail": false, "is_transit": false, "is_office": true, "diet_vegan": false, "diet_vegetarian": false, "diet_glutenfree": false, "diet_halal": false, "unit_id": "24062A20-"}}, {"type": "Feature", "geometry": {"type": "Point", "coordinates": [4.7127034, 50.8807425]}, "properties": {"name": "Notarishuis Leuven", "spot_type": null, "is_eatery": false, "is_gastro": false, "is_retail": false, "is_transit": false, "is_office": true, "diet_vegan": false, "diet_vegetarian": false, "diet_glutenfree": false, "diet_halal": false, "unit_id": "24062A20-"}}, {"type": "Feature", "geometry": {"type": "Point", "coordinates": [4.7124951, 50.8807092]}, "properties": {"name": "Devlies & Tillemans", "spot_type": null, "is_eatery": false, "is_gastro": false, "is_retail": false, "is_transit": false, "is_office": true, "diet_vegan": false, "diet_vegetarian": false, "diet_glutenfree": false, "diet_halal": false, "unit_id": "24062A20-"}}, {"type": "Feature", "geometry": {"type": "Point", "coordinates": [4.7114136, 50.8805346]}, "properties": {"name": "Direct Result", "spot_type": null, "is_eatery": false, "is_gastro": false, "is_retail": false, "is_transit": false, "is_office": true, "diet_vegan": false, "diet_vegetarian": false, "diet_glutenfree": false, "diet_halal": false, "unit_id": "24062A20-"}}, {"type": "Feature", "geometry": {"type": "Point", "coordinates": [4.7108317, 50.8804405]}, "properties": {"name": "Advosocius", "spot_type": null, "is_eatery": false, "is_gastro": false, "is_retail": false, "is_transit": false, "is_office": true, "diet_vegan": false, "diet_vegetarian": false, "diet_glutenfree": false, "diet_halal": false, "unit_id": "24062A20-"}}, {"type": "Feature", "geometry": {"type": "Point", "coordinates": [4.714068, 50.8778103]}, "properties": {"name": "Justitiehuis Leuven", "spot_type": null, "is_eatery": false, "is_gastro": false, "is_retail": false, "is_transit": false, "is_office": true, "diet_vegan": false, "diet_vegetarian": false, "diet_glutenfree": false, "diet_halal": false, "unit_id": "24062A32-"}}, {"type": "Feature", "geometry": {"type": "Point", "coordinates": [4.7273148, 50.8486223]}, "properties": {"name": "Haasrode UCLL", "spot_type": null, "is_eatery": false, "is_gastro": false, "is_retail": false, "is_transit": true, "is_office": false, "diet_vegan": false, "diet_vegetarian": false, "diet_glutenfree": false, "diet_halal": false, "unit_id": "24062E774"}}, {"type": "Feature", "geometry": {"type": "Point", "coordinates": [4.7270862, 50.8491226]}, "properties": {"name": "Haasrode UCLL", "spot_type": null, "is_eatery": false, "is_gastro": false, "is_retail": false, "is_transit": true, "is_office": false, "diet_vegan": false, "diet_vegetarian": false, "diet_glutenfree": false, "diet_halal": false, "unit_id": "24062E774"}}, {"type": "Feature", "geometry": {"type": "Point", "coordinates": [4.7243631, 50.8511839]}, "properties": {"name": "Haasrode VDAB", "spot_type": null, "is_eatery": false, "is_gastro": false, "is_retail": false, "is_transit": true, "is_office": false, "diet_vegan": false, "diet_vegetarian": false, "diet_glutenfree": false, "diet_halal": false, "unit_id": "24062E774"}}, {"type": "Feature", "geometry": {"type": "Point", "coordinates": [4.7241842, 50.8510611]}, "properties": {"name": "Haasrode VDAB", "spot_type": null, "is_eatery": false, "is_gastro": false, "is_retail": false, "is_transit": true, "is_office": false, "diet_vegan": false, "diet_vegetarian": false, "diet_glutenfree": false, "diet_halal": false, "unit_id": "24062E774"}}, {"type": "Feature", "geometry": {"type": "Point", "coordinates": [4.6967196, 50.8625021]}, "properties": {"name": "Heverlee", "spot_type": null, "is_eatery": false, "is_gastro": false, "is_retail": false, "is_transit": true, "is_office": false, "diet_vegan": false, "diet_vegetarian": false, "diet_glutenfree": false, "diet_halal": false, "unit_id": "24062D00-"}}, {"type": "Feature", "geometry": {"type": "Point", "coordinates": [4.7137574, 50.8775561]}, "properties": {"name": "Gloria", "spot_type": null, "is_eatery": true, "is_gastro": true, "is_retail": false, "is_transit": false, "is_office": false, "diet_vegan": false, "diet_vegetarian": false, "diet_glutenfree": false, "diet_halal": false, "unit_id": "24062A32-"}}, {"type": "Feature", "geometry": {"type": "Point", "coordinates": [4.700107, 50.87896]}, "properties": {"name": "Pinguino", "spot_type": null, "is_eatery": true, "is_gastro": true, "is_retail": false, "is_transit": false, "is_office": false, "diet_vegan": false, "diet_vegetarian": false, "diet_glutenfree": false, "diet_halal": false, "unit_id": "24062A00-"}}, {"type": "Feature", "geometry": {"type": "Point", "coordinates": [4.7341169, 50.8850031]}, "properties": {"name": null, "spot_type": null, "is_eatery": false, "is_gastro": false, "is_retail": false, "is_transit": true, "is_office": false, "diet_vegan": false, "diet_vegetarian": false, "diet_glutenfree": false, "diet_halal": false, "unit_id": "24062C13-"}}, {"type": "Feature", "geometry": {"type": "Point", "coordinates": [4.734435, 50.8850283]}, "properties": {"name": null, "spot_type": null, "is_eatery": false, "is_gastro": false, "is_retail": false, "is_transit": true, "is_office": false, "diet_vegan": false, "diet_vegetarian": false, "diet_glutenfree": false, "diet_halal": false, "unit_id": "24062C13-"}}, {"type": "Feature", "geometry": {"type": "Point", "coordinates": [4.6864853, 50.8626754]}, "properties": {"name": "ESAT2", "spot_type": null, "is_eatery": true, "is_gastro": true, "is_retail": false, "is_transit": false, "is_office": false, "diet_vegan": false, "diet_vegetarian": true, "diet_glutenfree": false, "diet_halal": false, "unit_id": "24062D410"}}, {"type": "Feature", "geometry": {"type": "Point", "coordinates": [4.7144727, 50.880428]}, "properties": {"name": "Sac à Pain", "spot_type": null, "is_eatery": true, "is_gastro": true, "is_retail": false, "is_transit": false, "is_office": false, "diet_vegan": false, "diet_vegetarian": false, "diet_glutenfree": false, "diet_halal": false, "unit_id": "24062A22-"}}, {"type": "Feature", "geometry": {"type": "Point", "coordinates": [4.716137, 50.8814004]}, "properties": {"name": "Leuven", "spot_type": null, "is_eatery": false, "is_gastro": false, "is_retail": false, "is_transit": true, "is_office": false, "diet_vegan": false, "diet_vegetarian": false, "diet_glutenfree": false, "diet_halal": false, "unit_id": "24062A17-"}}, {"type": "Feature", "geometry": {"type": "Point", "coordinates": [4.7163792, 50.8814449]}, "properties": {"name": "Leuven", "spot_type": null, "is_eatery": false, "is_gastro": false, "is_retail": false, "is_transit": true, "is_office": false, "diet_vegan": false, "diet_vegetarian": false, "diet_glutenfree": false, "diet_halal": false, "unit_id": "24062A17-"}}, {"type": "Feature", "geometry": {"type": "Point", "coordinates": [4.7165214, 50.8814603]}, "properties": {"name": "Leuven", "spot_type": null, "is_eatery": false, "is_gastro": false, "is_retail": false, "is_transit": true, "is_office": false, "diet_vegan": false, "diet_vegetarian": false, "diet_glutenfree": false, "diet_halal": false, "unit_id": "24062A17-"}}, {"type": "Feature", "geometry": {"type": "Point", "coordinates": [4.7165723, 50.881469]}, "properties": {"name": "Leuven", "spot_type": null, "is_eatery": false, "is_gastro": false, "is_retail": false, "is_transit": true, "is_office": false, "diet_vegan": false, "diet_vegetarian": false, "diet_glutenfree": false, "diet_halal": false, "unit_id": "24062A17-"}}, {"type": "Feature", "geometry": {"type": "Point", "coordinates": [4.7167234, 50.8814906]}, "properties": {"name": "Leuven", "spot_type": null, "is_eatery": false, "is_gastro": false, "is_retail": false, "is_transit": true, "is_office": false, "diet_vegan": false, "diet_vegetarian": false, "diet_glutenfree": false, "diet_halal": false, "unit_id": "24062A17-"}}, {"type": "Feature", "geometry": {"type": "Point", "coordinates": [4.6980264, 50.8797911]}, "properties": {"name": "Het Beleg van Leuven", "spot_type": null, "is_eatery": true, "is_gastro": true, "is_retail": false, "is_transit": false, "is_office": false, "diet_vegan": false, "diet_vegetarian": false, "diet_glutenfree": false, "diet_halal": false, "unit_id": "24062A04-"}}, {"type": "Feature", "geometry": {"type": "Point", "coordinates": [4.6981089, 50.8797677]}, "properties": {"name": "Chop Shoy", "spot_type": null, "is_eatery": true, "is_gastro": true, "is_retail": false, "is_transit": false, "is_office": false, "diet_vegan": false, "diet_vegetarian": false, "diet_glutenfree": false, "diet_halal": false, "unit_id": "24062A04-"}}, {"type": "Feature", "geometry": {"type": "Point", "coordinates": [4.6936964, 50.8807257]}, "properties": {"name": "Boerderijtje", "spot_type": "bakery", "is_eatery": true, "is_gastro": false, "is_retail": false, "is_transit": false, "is_office": false, "diet_vegan": false, "diet_vegetarian": false, "diet_glutenfree": false, "diet_halal": false, "unit_id": "24062A51-"}}, {"type": "Feature", "geometry": {"type": "Point", "coordinates": [4.7149417, 50.8817112]}, "properties": {"name": "The Coffee Club", "spot_type": "cafe", "is_eatery": true, "is_gastro": false, "is_retail": false, "is_transit": false, "is_office": false, "diet_vegan": false, "diet_vegetarian": false, "diet_glutenfree": false, "diet_halal": false, "unit_id": "24062A17-"}}, {"type": "Feature", "geometry": {"type": "Point", "coordinates": [4.7056673, 50.8783631]}, "properties": {"name": "Studio 31", "spot_type": null, "is_eatery": true, "is_gastro": true, "is_retail": false, "is_transit": false, "is_office": false, "diet_vegan": false, "diet_vegetarian": false, "diet_glutenfree": false, "diet_halal": false, "unit_id": "24062A23-"}}, {"type": "Feature", "geometry": {"type": "Point", "coordinates": [4.7083429, 50.8781882]}, "properties": {"name": "Tokio Sushi Bar", "spot_type": null, "is_eatery": true, "is_gastro": true, "is_retail": false, "is_transit": false, "is_office": false, "diet_vegan": false, "diet_vegetarian": false, "diet_glutenfree": false, "diet_halal": false, "unit_id": "24062A31-"}}, {"type": "Feature", "geometry": {"type": "Point", "coordinates": [4.7072376, 50.8824494]}, "properties": {"name": "Alfalfa", "spot_type": null, "is_eatery": true, "is_gastro": true, "is_retail": false, "is_transit": false, "is_office": false, "diet_vegan": false, "diet_vegetarian": false, "diet_glutenfree": false, "diet_halal": false, "unit_id": "24062A13-"}}, {"type": "Feature", "geometry": {"type": "Point", "coordinates": [4.6916125, 50.8790744]}, "properties": {"name": "Brasserie Saint-Jacob", "spot_type": null, "is_eatery": true, "is_gastro": true, "is_retail": false, "is_transit": false, "is_office": false, "diet_vegan": false, "diet_vegetarian": false, "diet_glutenfree": false, "diet_halal": false, "unit_id": "24062A50-"}}, {"type": "Feature", "geometry": {"type": "Point", "coordinates": [4.6914304, 50.8745754]}, "properties": {"name": "Ti Amo", "spot_type": null, "is_eatery": true, "is_gastro": true, "is_retail": false, "is_transit": false, "is_office": false, "diet_vegan": false, "diet_vegetarian": false, "diet_glutenfree": false, "diet_halal": false, "unit_id": "24062A44-"}}, {"type": "Feature", "geometry": {"type": "Point", "coordinates": [4.6466836, 50.8687879]}, "properties": {"name": "Katrien Kookt", "spot_type": null, "is_eatery": true, "is_gastro": true, "is_retail": false, "is_transit": false, "is_office": false, "diet_vegan": false, "diet_vegetarian": true, "diet_glutenfree": false, "diet_halal": false, "unit_id": "24062D691"}}, {"type": "Feature", "geometry": {"type": "Point", "coordinates": [4.7063004, 50.8778576]}, "properties": {"name": "Century 21", "spot_type": null, "is_eatery": false, "is_gastro": false, "is_retail": false, "is_transit": false, "is_office": true, "diet_vegan": false, "diet_vegetarian": false, "diet_glutenfree": false, "diet_halal": false, "unit_id": "24062A23-"}}, {"type": "Feature", "geometry": {"type": "Point", "coordinates": [4.7063326, 50.8778968]}, "properties": {"name": "Coup de Soup", "spot_type": null, "is_eatery": true, "is_gastro": true, "is_retail": false, "is_transit": false, "is_office": false, "diet_vegan": false, "diet_vegetarian": false, "diet_glutenfree": false, "diet_halal": false, "unit_id": "24062A23-"}}, {"type": "Feature", "geometry": {"type": "Point", "coordinates": [4.7054998, 50.8784557]}, "properties": {"name": "Investeer in Leuven", "spot_type": null, "is_eatery": false, "is_gastro": false, "is_retail": false, "is_transit": false, "is_office": true, "diet_vegan": false, "diet_vegetarian": false, "diet_glutenfree": false, "diet_halal": false, "unit_id": "24062A23-"}}, {"type": "Feature", "geometry": {"type": "Point", "coordinates": [4.7078006, 50.878534]}, "properties": {"name": "Jardin d'amour", "spot_type": null, "is_eatery": false, "is_gastro": false, "is_retail": true, "is_transit": false, "is_office": false, "diet_vegan": false, "diet_vegetarian": false, "diet_glutenfree": false, "diet_halal": false, "unit_id": "24062A31-"}}, {"type": "Feature", "geometry": {"type": "Point", "coordinates": [4.7061324, 50.8798568]}, "properties": {"name": "WE", "spot_type": null, "is_eatery": false, "is_gastro": false, "is_retail": true, "is_transit": false, "is_office": false, "diet_vegan": false, "diet_vegetarian": false, "diet_glutenfree": false, "diet_halal": false, "unit_id": "24062A20-"}}, {"type": "Feature", "geometry": {"type": "Point", "coordinates": [4.7169432, 50.8823937]}, "properties": {"name": "Louis Delhaize", "spot_type": null, "is_eatery": false, "is_gastro": false, "is_retail": true, "is_transit": false, "is_office": false, "diet_vegan": false, "diet_vegetarian": false, "diet_glutenfree": false, "diet_halal": false, "unit_id": "24062C05-"}}, {"type": "Feature", "geometry": {"type": "Point", "coordinates": [4.7062857, 50.8764735]}, "properties": {"name": "New sushi palace", "spot_type": null, "is_eatery": true, "is_gastro": true, "is_retail": false, "is_transit": false, "is_office": false, "diet_vegan": false, "diet_vegetarian": false, "diet_glutenfree": false, "diet_halal": false, "unit_id": "24062A30-"}}, {"type": "Feature", "geometry": {"type": "Point", "coordinates": [4.7060905, 50.876594]}, "properties": {"name": "Wolfgang", "spot_type": null, "is_eatery": true, "is_gastro": true, "is_retail": false, "is_transit": false, "is_office": false, "diet_vegan": false, "diet_vegetarian": false, "diet_glutenfree": false, "diet_halal": false, "unit_id": "24062A30-"}}, {"type": "Feature", "geometry": {"type": "Point", "coordinates": [4.7063423, 50.8764386]}, "properties": {"name": "Nepal Delight", "spot_type": null, "is_eatery": true, "is_gastro": true, "is_retail": false, "is_transit": false, "is_office": false, "diet_vegan": false, "diet_vegetarian": false, "diet_glutenfree": false, "diet_halal": false, "unit_id": "24062A30-"}}, {"type": "Feature", "geometry": {"type": "Point", "coordinates": [4.7119841, 50.8806274]}, "properties": {"name": "Pepperminds", "spot_type": null, "is_eatery": false, "is_gastro": false, "is_retail": false, "is_transit": false, "is_office": true, "diet_vegan": false, "diet_vegetarian": false, "diet_glutenfree": false, "diet_halal": false, "unit_id": "24062A20-"}}, {"type": "Feature", "geometry": {"type": "Point", "coordinates": [4.6965995, 50.8807916]}, "properties": {"name": "Notaris Adriaens", "spot_type": null, "is_eatery": false, "is_gastro": false, "is_retail": false, "is_transit": false, "is_office": true, "diet_vegan": false, "diet_vegetarian": false, "diet_glutenfree": false, "diet_halal": false, "unit_id": "24062A01-"}}, {"type": "Feature", "geometry": {"type": "Point", "coordinates": [4.6900058, 50.8796085]}, "properties": {"name": "Memento", "spot_type": null, "is_eatery": false, "is_gastro": false, "is_retail": false, "is_transit": false, "is_office": true, "diet_vegan": false, "diet_vegetarian": false, "diet_glutenfree": false, "diet_halal": false, "unit_id": "24062A50-"}}, {"type": "Feature", "geometry": {"type": "Point", "coordinates": [4.6918123, 50.8794295]}, "properties": {"name": "Coppieters & Goukens", "spot_type": null, "is_eatery": false, "is_gastro": false, "is_retail": false, "is_transit": false, "is_office": true, "diet_vegan": false, "diet_vegetarian": false, "diet_glutenfree": false, "diet_halal": false, "unit_id": "24062A50-"}}, {"type": "Feature", "geometry": {"type": "Point", "coordinates": [4.7142672, 50.8803114]}, "properties": {"name": "acod ABVV", "spot_type": null, "is_eatery": false, "is_gastro": false, "is_retail": false, "is_transit": false, "is_office": true, "diet_vegan": false, "diet_vegetarian": false, "diet_glutenfree": false, "diet_halal": false, "unit_id": "24062A22-"}}, {"type": "Feature", "geometry": {"type": "Point", "coordinates": [4.7086002, 50.8791018]}, "properties": {"name": "Minsky", "spot_type": null, "is_eatery": false, "is_gastro": false, "is_retail": false, "is_transit": false, "is_office": true, "diet_vegan": false, "diet_vegetarian": false, "diet_glutenfree": false, "diet_halal": false, "unit_id": "24062A23-"}}, {"type": "Feature", "geometry": {"type": "Point", "coordinates": [4.7087411, 50.8792093]}, "properties": {"name": "Hamels & Partners", "spot_type": null, "is_eatery": false, "is_gastro": false, "is_retail": false, "is_transit": false, "is_office": true, "diet_vegan": false, "diet_vegetarian": false, "diet_glutenfree": false, "diet_halal": false, "unit_id": "24062A23-"}}, {"type": "Feature", "geometry": {"type": "Point", "coordinates": [4.7088859, 50.8793151]}, "properties": {"name": "Brabants Apothekers Forum", "spot_type": null, "is_eatery": false, "is_gastro": false, "is_retail": false, "is_transit": false, "is_office": true, "diet_vegan": false, "diet_vegetarian": false, "diet_glutenfree": false, "diet_halal": false, "unit_id": "24062A23-"}}, {"type": "Feature", "geometry": {"type": "Point", "coordinates": [4.7090307, 50.8794175]}, "properties": {"name": "Anouk De Vleeshouwer", "spot_type": null, "is_eatery": false, "is_gastro": false, "is_retail": false, "is_transit": false, "is_office": true, "diet_vegan": false, "diet_vegetarian": false, "diet_glutenfree": false, "diet_halal": false, "unit_id": "24062A23-"}}, {"type": "Feature", "geometry": {"type": "Point", "coordinates": [4.7098154, 50.8799768]}, "properties": {"name": "Synergy@Work", "spot_type": null, "is_eatery": false, "is_gastro": false, "is_retail": false, "is_transit": false, "is_office": true, "diet_vegan": false, "diet_vegetarian": false, "diet_glutenfree": false, "diet_halal": false, "unit_id": "24062A32-"}}, {"type": "Feature", "geometry": {"type": "Point", "coordinates": [4.7099561, 50.8800777]}, "properties": {"name": "Philip Willemyns", "spot_type": null, "is_eatery": false, "is_gastro": false, "is_retail": false, "is_transit": false, "is_office": true, "diet_vegan": false, "diet_vegetarian": false, "diet_glutenfree": false, "diet_halal": false, "unit_id": "24062A32-"}}, {"type": "Feature", "geometry": {"type": "Point", "coordinates": [4.7080658, 50.8789466]}, "properties": {"name": "Notaris Tom Wilsens", "spot_type": null, "is_eatery": false, "is_gastro": false, "is_retail": false, "is_transit": false, "is_office": true, "diet_vegan": false, "diet_vegetarian": false, "diet_glutenfree": false, "diet_halal": false, "unit_id": "24062A23-"}}, {"type": "Feature", "geometry": {"type": "Point", "coordinates": [4.7075153, 50.8785419]}, "properties": {"name": "Modero", "spot_type": null, "is_eatery": false, "is_gastro": false, "is_retail": false, "is_transit": false, "is_office": true, "diet_vegan": false, "diet_vegetarian": false, "diet_glutenfree": false, "diet_halal": false, "unit_id": "24062A23-"}}, {"type": "Feature", "geometry": {"type": "Point", "coordinates": [4.7126888, 50.8809351]}, "properties": {"name": "Advocatenkantoor De Ketelaere", "spot_type": null, "is_eatery": false, "is_gastro": false, "is_retail": false, "is_transit": false, "is_office": true, "diet_vegan": false, "diet_vegetarian": false, "diet_glutenfree": false, "diet_halal": false, "unit_id": "24062A20-"}}, {"type": "Feature", "geometry": {"type": "Point", "coordinates": [4.6949847, 50.8896167]}, "properties": {"name": "MBS Dagwinkel", "spot_type": null, "is_eatery": false, "is_gastro": false, "is_retail": true, "is_transit": false, "is_office": false, "diet_vegan": false, "diet_vegetarian": false, "diet_glutenfree": false, "diet_halal": false, "unit_id": "24062B33-"}}, {"type": "Feature", "geometry": {"type": "Point", "coordinates": [4.7113202, 50.880516]}, "properties": {"name": "IKKS", "spot_type": null, "is_eatery": false, "is_gastro": false, "is_retail": true, "is_transit": false, "is_office": false, "diet_vegan": false, "diet_vegetarian": false, "diet_glutenfree": false, "diet_halal": false, "unit_id": "24062A20-"}}, {"type": "Feature", "geometry": {"type": "Point", "coordinates": [4.7022763, 50.8878038]}, "properties": {"name": "t-Interim", "spot_type": null, "is_eatery": false, "is_gastro": false, "is_retail": false, "is_transit": false, "is_office": true, "diet_vegan": false, "diet_vegetarian": false, "diet_glutenfree": false, "diet_halal": false, "unit_id": "24062A07-"}}, {"type": "Feature", "geometry": {"type": "Point", "coordinates": [4.7150836, 50.8791404]}, "properties": {"name": "UC Leuven-Limburg Campus Comenius", "spot_type": null, "is_eatery": false, "is_gastro": false, "is_retail": false, "is_transit": false, "is_office": true, "diet_vegan": false, "diet_vegetarian": false, "diet_glutenfree": false, "diet_halal": false, "unit_id": "24062A22-"}}, {"type": "Feature", "geometry": {"type": "Point", "coordinates": [4.7061205, 50.8794297]}, "properties": {"name": "Pizza service", "spot_type": null, "is_eatery": true, "is_gastro": true, "is_retail": false, "is_transit": false, "is_office": false, "diet_vegan": false, "diet_vegetarian": false, "diet_glutenfree": false, "diet_halal": false, "unit_id": "24062A23-"}}, {"type": "Feature", "geometry": {"type": "Point", "coordinates": [4.705212, 50.8769072]}, "properties": {"name": "Tobback-Timmermans", "spot_type": null, "is_eatery": false, "is_gastro": false, "is_retail": false, "is_transit": false, "is_office": true, "diet_vegan": false, "diet_vegetarian": false, "diet_glutenfree": false, "diet_halal": false, "unit_id": "24062A30-"}}, {"type": "Feature", "geometry": {"type": "Point", "coordinates": [4.7049733, 50.8769952]}, "properties": {"name": "Coffee College", "spot_type": "cafe", "is_eatery": true, "is_gastro": false, "is_retail": false, "is_transit": false, "is_office": false, "diet_vegan": false, "diet_vegetarian": false, "diet_glutenfree": false, "diet_halal": false, "unit_id": "24062A30-"}}, {"type": "Feature", "geometry": {"type": "Point", "coordinates": [4.7044768, 50.8773765]}, "properties": {"name": "T & Ko", "spot_type": "cafe", "is_eatery": true, "is_gastro": false, "is_retail": false, "is_transit": false, "is_office": false, "diet_vegan": false, "diet_vegetarian": false, "diet_glutenfree": false, "diet_halal": false, "unit_id": "24062A30-"}}, {"type": "Feature", "geometry": {"type": "Point", "coordinates": [4.7057145, 50.8772803]}, "properties": {"name": "New York Coffee & Wine Bar", "spot_type": "cafe", "is_eatery": true, "is_gastro": false, "is_retail": false, "is_transit": false, "is_office": false, "diet_vegan": false, "diet_vegetarian": false, "diet_glutenfree": false, "diet_halal": false, "unit_id": "24062A23-"}}, {"type": "Feature", "geometry": {"type": "Point", "coordinates": [4.7052921, 50.8770483]}, "properties": {"name": "Panaché", "spot_type": null, "is_eatery": true, "is_gastro": true, "is_retail": false, "is_transit": false, "is_office": false, "diet_vegan": false, "diet_vegetarian": false, "diet_glutenfree": false, "diet_halal": false, "unit_id": "24062A30-"}}, {"type": "Feature", "geometry": {"type": "Point", "coordinates": [4.7000512, 50.8857017]}, "properties": {"name": "De Smidse", "spot_type": null, "is_eatery": true, "is_gastro": true, "is_retail": false, "is_transit": false, "is_office": false, "diet_vegan": false, "diet_vegetarian": false, "diet_glutenfree": false, "diet_halal": false, "unit_id": "24062A07-"}}, {"type": "Feature", "geometry": {"type": "Point", "coordinates": [4.711053, 50.8846062]}, "properties": {"name": "Bakkerij Vleugels", "spot_type": "bakery", "is_eatery": true, "is_gastro": false, "is_retail": false, "is_transit": false, "is_office": false, "diet_vegan": false, "diet_vegetarian": false, "diet_glutenfree": false, "diet_halal": false, "unit_id": "24062A13-"}}, {"type": "Feature", "geometry": {"type": "Point", "coordinates": [4.6839514, 50.8611892]}, "properties": {"name": "Theokot", "spot_type": "cafe", "is_eatery": true, "is_gastro": false, "is_retail": false, "is_transit": false, "is_office": false, "diet_vegan": false, "diet_vegetarian": false, "diet_glutenfree": false, "diet_halal": false, "unit_id": "24062D410"}}, {"type": "Feature", "geometry": {"type": "Point", "coordinates": [4.7018907, 50.8886599]}, "properties": {"name": "Lidl", "spot_type": null, "is_eatery": false, "is_gastro": false, "is_retail": true, "is_transit": false, "is_office": false, "diet_vegan": false, "diet_vegetarian": false, "diet_glutenfree": false, "diet_halal": false, "unit_id": "24062A07-"}}, {"type": "Feature", "geometry": {"type": "Point", "coordinates": [4.7169324, 50.9169396]}, "properties": {"name": "Jodi - Kaas- en Vleeshandel", "spot_type": null, "is_eatery": false, "is_gastro": false, "is_retail": true, "is_transit": false, "is_office": false, "diet_vegan": false, "diet_vegetarian": false, "diet_glutenfree": false, "diet_halal": false, "unit_id": "24062B100"}}, {"type": "Feature", "geometry": {"type": "Point", "coordinates": [4.7117003, 50.9066471]}, "properties": {"name": "G'Woon Lekker", "spot_type": null, "is_eatery": true, "is_gastro": true, "is_retail": false, "is_transit": false, "is_office": false, "diet_vegan": false, "diet_vegetarian": false, "diet_glutenfree": false, "diet_halal": false, "unit_id": "24062B00-"}}, {"type": "Feature", "geometry": {"type": "Point", "coordinates": [4.714552, 50.8836729]}, "properties": {"name": "Vlaams Administratief Centrum", "spot_type": null, "is_eatery": false, "is_gastro": false, "is_retail": false, "is_transit": false, "is_office": true, "diet_vegan": false, "diet_vegetarian": false, "diet_glutenfree": false, "diet_halal": false, "unit_id": "24062A17-"}}, {"type": "Feature", "geometry": {"type": "Point", "coordinates": [4.7009056, 50.9211355]}, "properties": {"name": "SoftAtHome", "spot_type": null, "is_eatery": false, "is_gastro": false, "is_retail": false, "is_transit": false, "is_office": true, "diet_vegan": false, "diet_vegetarian": false, "diet_glutenfree": false, "diet_halal": false, "unit_id": "24062F40-"}}, {"type": "Feature", "geometry": {"type": "Point", "coordinates": [4.6958297, 50.8589955]}, "properties": {"name": null, "spot_type": null, "is_eatery": false, "is_gastro": false, "is_retail": false, "is_transit": true, "is_office": false, "diet_vegan": false, "diet_vegetarian": false, "diet_glutenfree": false, "diet_halal": false, "unit_id": "24062D03-"}}, {"type": "Feature", "geometry": {"type": "Point", "coordinates": [4.6951004, 50.8636762]}, "properties": {"name": null, "spot_type": null, "is_eatery": false, "is_gastro": false, "is_retail": false, "is_transit": true, "is_office": false, "diet_vegan": false, "diet_vegetarian": false, "diet_glutenfree": false, "diet_halal": false, "unit_id": "24062D00-"}}, {"type": "Feature", "geometry": {"type": "Point", "coordinates": [4.7163851, 50.8797541]}, "properties": {"name": "Leuven", "spot_type": null, "is_eatery": false, "is_gastro": false, "is_retail": false, "is_transit": true, "is_office": false, "diet_vegan": false, "diet_vegetarian": false, "diet_glutenfree": false, "diet_halal": false, "unit_id": "24062A17-"}}, {"type": "Feature", "geometry": {"type": "Point", "coordinates": [4.7163883, 50.8813615]}, "properties": {"name": "Leuven", "spot_type": null, "is_eatery": false, "is_gastro": false, "is_retail": false, "is_transit": true, "is_office": false, "diet_vegan": false, "diet_vegetarian": false, "diet_glutenfree": false, "diet_halal": false, "unit_id": "24062A17-"}}, {"type": "Feature", "geometry": {"type": "Point", "coordinates": [4.7056652, 50.8878134]}, "properties": {"name": null, "spot_type": null, "is_eatery": false, "is_gastro": false, "is_retail": false, "is_transit": true, "is_office": false, "diet_vegan": false, "diet_vegetarian": false, "diet_glutenfree": false, "diet_halal": false, "unit_id": "24062A07-"}}, {"type": "Feature", "geometry": {"type": "Point", "coordinates": [4.6972434, 50.8609239]}, "properties": {"name": "Azalea", "spot_type": null, "is_eatery": true, "is_gastro": true, "is_retail": false, "is_transit": false, "is_office": false, "diet_vegan": false, "diet_vegetarian": false, "diet_glutenfree": false, "diet_halal": false, "unit_id": "24062D03-"}}, {"type": "Feature", "geometry": {"type": "Point", "coordinates": [4.6423943, 50.8979055]}, "properties": {"name": "De Smederij", "spot_type": null, "is_eatery": true, "is_gastro": true, "is_retail": false, "is_transit": false, "is_office": false, "diet_vegan": false, "diet_vegetarian": false, "diet_glutenfree": false, "diet_halal": false, "unit_id": "24038B00-"}}, {"type": "Feature", "geometry": {"type": "Point", "coordinates": [4.6959296, 50.8630288]}, "properties": {"name": null, "spot_type": null, "is_eatery": false, "is_gastro": false, "is_retail": false, "is_transit": true, "is_office": false, "diet_vegan": false, "diet_vegetarian": false, "diet_glutenfree": false, "diet_halal": false, "unit_id": "24062D00-"}}, {"type": "Feature", "geometry": {"type": "Point", "coordinates": [4.7281967, 50.8538108]}, "properties": {"name": "Agilent Technologies Belgium", "spot_type": null, "is_eatery": false, "is_gastro": false, "is_retail": false, "is_transit": false, "is_office": true, "diet_vegan": false, "diet_vegetarian": false, "diet_glutenfree": false, "diet_halal": false, "unit_id": "24062E774"}}, {"type": "Feature", "geometry": {"type": "Point", "coordinates": [4.7012623, 50.8799284]}, "properties": {"name": "Leuven Rector De Somerplein", "spot_type": null, "is_eatery": false, "is_gastro": false, "is_retail": false, "is_transit": true, "is_office": false, "diet_vegan": false, "diet_vegetarian": false, "diet_glutenfree": false, "diet_halal": false, "unit_id": "24062A00-"}}, {"type": "Feature", "geometry": {"type": "Point", "coordinates": [4.6753453, 50.903798]}, "properties": {"name": "Herent", "spot_type": null, "is_eatery": false, "is_gastro": false, "is_retail": false, "is_transit": true, "is_office": false, "diet_vegan": false, "diet_vegetarian": false, "diet_glutenfree": false, "diet_halal": false, "unit_id": "24038A00-"}}, {"type": "Feature", "geometry": {"type": "Point", "coordinates": [4.6753519, 50.9037619]}, "properties": {"name": "Herent", "spot_type": null, "is_eatery": false, "is_gastro": false, "is_retail": false, "is_transit": true, "is_office": false, "diet_vegan": false, "diet_vegetarian": false, "diet_glutenfree": false, "diet_halal": false, "unit_id": "24038A00-"}}, {"type": "Feature", "geometry": {"type": "Point", "coordinates": [4.6761043, 50.9038403]}, "properties": {"name": "Herent", "spot_type": null, "is_eatery": false, "is_gastro": false, "is_retail": false, "is_transit": true, "is_office": false, "diet_vegan": false, "diet_vegetarian": false, "diet_glutenfree": false, "diet_halal": false, "unit_id": "24038A00-"}}, {"type": "Feature", "geometry": {"type": "Point", "coordinates": [4.7016294, 50.922623]}, "properties": {"name": "Wijgmaal", "spot_type": null, "is_eatery": false, "is_gastro": false, "is_retail": false, "is_transit": true, "is_office": false, "diet_vegan": false, "diet_vegetarian": false, "diet_glutenfree": false, "diet_halal": false, "unit_id": "24062F40-"}}, {"type": "Feature", "geometry": {"type": "Point", "coordinates": [4.6961236, 50.8624363]}, "properties": {"name": "Heverlee", "spot_type": null, "is_eatery": false, "is_gastro": false, "is_retail": false, "is_transit": true, "is_office": false, "diet_vegan": false, "diet_vegetarian": false, "diet_glutenfree": false, "diet_halal": false, "unit_id": "24062D00-"}}, {"type": "Feature", "geometry": {"type": "Point", "coordinates": [4.7083975, 50.8750795]}, "properties": {"name": "Het Strand", "spot_type": null, "is_eatery": true, "is_gastro": true, "is_retail": false, "is_transit": false, "is_office": false, "diet_vegan": true, "diet_vegetarian": true, "diet_glutenfree": false, "diet_halal": false, "unit_id": "24062A35-"}}, {"type": "Feature", "geometry": {"type": "Point", "coordinates": [4.6992371, 50.8774301]}, "properties": {"name": "Karamna", "spot_type": null, "is_eatery": true, "is_gastro": true, "is_retail": false, "is_transit": false, "is_office": false, "diet_vegan": false, "diet_vegetarian": false, "diet_glutenfree": false, "diet_halal": false, "unit_id": "24062A00-"}}, {"type": "Feature", "geometry": {"type": "Point", "coordinates": [4.6868178, 50.8688436]}, "properties": {"name": "Winagang", "spot_type": null, "is_eatery": false, "is_gastro": false, "is_retail": false, "is_transit": false, "is_office": true, "diet_vegan": false, "diet_vegetarian": false, "diet_glutenfree": false, "diet_halal": false, "unit_id": "24062D410"}}, {"type": "Feature", "geometry": {"type": "Point", "coordinates": [4.717897, 50.8844303]}, "properties": {"name": "Chen's", "spot_type": null, "is_eatery": true, "is_gastro": true, "is_retail": false, "is_transit": false, "is_office": false, "diet_vegan": false, "diet_vegetarian": false, "diet_glutenfree": false, "diet_halal": false, "unit_id": "24062C00-"}}, {"type": "Feature", "geometry": {"type": "Point", "coordinates": [4.7057959, 50.8895023]}, "properties": {"name": "Malinka", "spot_type": null, "is_eatery": false, "is_gastro": false, "is_retail": true, "is_transit": false, "is_office": false, "diet_vegan": false, "diet_vegetarian": false, "diet_glutenfree": false, "diet_halal": false, "unit_id": "24062B37-"}}, {"type": "Feature", "geometry": {"type": "Point", "coordinates": [4.7126359, 50.9092787]}, "properties": {"name": "De Verzekeringscoach", "spot_type": null, "is_eatery": false, "is_gastro": false, "is_retail": false, "is_transit": false, "is_office": true, "diet_vegan": false, "diet_vegetarian": false, "diet_glutenfree": false, "diet_halal": false, "unit_id": "24062B00-"}}, {"type": "Feature", "geometry": {"type": "Point", "coordinates": [4.6586112, 50.854597]}, "properties": {"name": "Starbucks", "spot_type": "cafe", "is_eatery": true, "is_gastro": false, "is_retail": false, "is_transit": false, "is_office": false, "diet_vegan": false, "diet_vegetarian": false, "diet_glutenfree": false, "diet_halal": false, "unit_id": "24062D591"}}, {"type": "Feature", "geometry": {"type": "Point", "coordinates": [4.6584379, 50.8545014]}, "properties": {"name": "Burger King", "spot_type": null, "is_eatery": true, "is_gastro": true, "is_retail": false, "is_transit": false, "is_office": false, "diet_vegan": false, "diet_vegetarian": false, "diet_glutenfree": false, "diet_halal": false, "unit_id": "24062D591"}}, {"type": "Feature", "geometry": {"type": "Point", "coordinates": [4.658212, 50.8542796]}, "properties": {"name": "Louis Delhaize", "spot_type": null, "is_eatery": false, "is_gastro": false, "is_retail": true, "is_transit": false, "is_office": false, "diet_vegan": false, "diet_vegetarian": false, "diet_glutenfree": false, "diet_halal": false, "unit_id": "24062D591"}}, {"type": "Feature", "geometry": {"type": "Point", "coordinates": [4.6582082, 50.8517487]}, "properties": {"name": "Burger King", "spot_type": null, "is_eatery": true, "is_gastro": true, "is_retail": false, "is_transit": false, "is_office": false, "diet_vegan": false, "diet_vegetarian": true, "diet_glutenfree": false, "diet_halal": false, "unit_id": "24062D591"}}, {"type": "Feature", "geometry": {"type": "Point", "coordinates": [4.658077, 50.8516593]}, "properties": {"name": "Starbucks", "spot_type": "cafe", "is_eatery": true, "is_gastro": false, "is_retail": false, "is_transit": false, "is_office": false, "diet_vegan": false, "diet_vegetarian": true, "diet_glutenfree": false, "diet_halal": false, "unit_id": "24062D591"}}, {"type": "Feature", "geometry": {"type": "Point", "coordinates": [4.7133448, 50.883139]}, "properties": {"name": "Randstad", "spot_type": null, "is_eatery": false, "is_gastro": false, "is_retail": false, "is_transit": false, "is_office": true, "diet_vegan": false, "diet_vegetarian": false, "diet_glutenfree": false, "diet_halal": false, "unit_id": "24062A14-"}}, {"type": "Feature", "geometry": {"type": "Point", "coordinates": [4.7128109, 50.8836481]}, "properties": {"name": "Boerenbond", "spot_type": null, "is_eatery": false, "is_gastro": false, "is_retail": false, "is_transit": false, "is_office": true, "diet_vegan": false, "diet_vegetarian": false, "diet_glutenfree": false, "diet_halal": false, "unit_id": "24062A14-"}}, {"type": "Feature", "geometry": {"type": "Point", "coordinates": [4.7124587, 50.8839668]}, "properties": {"name": "Liantis", "spot_type": null, "is_eatery": false, "is_gastro": false, "is_retail": false, "is_transit": false, "is_office": true, "diet_vegan": false, "diet_vegetarian": false, "diet_glutenfree": false, "diet_halal": false, "unit_id": "24062A14-"}}, {"type": "Feature", "geometry": {"type": "Point", "coordinates": [4.6795879, 50.863279]}, "properties": {"name": "Scientica Cursusdienst", "spot_type": null, "is_eatery": false, "is_gastro": false, "is_retail": true, "is_transit": false, "is_office": false, "diet_vegan": false, "diet_vegetarian": false, "diet_glutenfree": false, "diet_halal": false, "unit_id": "24062D410"}}, {"type": "Feature", "geometry": {"type": "Point", "coordinates": [4.7015771, 50.8798485]}, "properties": {"name": "Susuru Ramen", "spot_type": null, "is_eatery": true, "is_gastro": true, "is_retail": false, "is_transit": false, "is_office": false, "diet_vegan": false, "diet_vegetarian": false, "diet_glutenfree": false, "diet_halal": false, "unit_id": "24062A00-"}}, {"type": "Feature", "geometry": {"type": "Point", "coordinates": [4.6690527, 50.8647559]}, "properties": {"name": "Cronos Leuven", "spot_type": null, "is_eatery": false, "is_gastro": false, "is_retail": false, "is_transit": false, "is_office": true, "diet_vegan": false, "diet_vegetarian": false, "diet_glutenfree": false, "diet_halal": false, "unit_id": "24062D591"}}, {"type": "Feature", "geometry": {"type": "Point", "coordinates": [4.6837459, 50.8612697]}, "properties": {"name": "VTK Cursusdienst", "spot_type": null, "is_eatery": false, "is_gastro": false, "is_retail": true, "is_transit": false, "is_office": false, "diet_vegan": false, "diet_vegetarian": false, "diet_glutenfree": false, "diet_halal": false, "unit_id": "24062D410"}}, {"type": "Feature", "geometry": {"type": "Point", "coordinates": [4.696001, 50.8585298]}, "properties": {"name": "Bon Hapart", "spot_type": null, "is_eatery": true, "is_gastro": true, "is_retail": false, "is_transit": false, "is_office": false, "diet_vegan": false, "diet_vegetarian": false, "diet_glutenfree": false, "diet_halal": false, "unit_id": "24062D03-"}}, {"type": "Feature", "geometry": {"type": "Point", "coordinates": [4.7087341, 50.881152]}, "properties": {"name": "Cheekofte & Wraps", "spot_type": null, "is_eatery": true, "is_gastro": true, "is_retail": false, "is_transit": false, "is_office": false, "diet_vegan": false, "diet_vegetarian": false, "diet_glutenfree": false, "diet_halal": false, "unit_id": "24062A10-"}}, {"type": "Feature", "geometry": {"type": "Point", "coordinates": [4.6788206, 50.865316]}, "properties": {"name": "RVO-Society", "spot_type": null, "is_eatery": false, "is_gastro": false, "is_retail": false, "is_transit": false, "is_office": true, "diet_vegan": false, "diet_vegetarian": false, "diet_glutenfree": false, "diet_halal": false, "unit_id": "24062D410"}}, {"type": "Feature", "geometry": {"type": "Point", "coordinates": [4.708923, 50.8807533]}, "properties": {"name": "Whisk Eight", "spot_type": "confectionery", "is_eatery": true, "is_gastro": false, "is_retail": false, "is_transit": false, "is_office": false, "diet_vegan": false, "diet_vegetarian": false, "diet_glutenfree": false, "diet_halal": false, "unit_id": "24062A21-"}}, {"type": "Feature", "geometry": {"type": "Point", "coordinates": [4.7163105, 50.9160289]}, "properties": {"name": "Carrefour Express", "spot_type": null, "is_eatery": false, "is_gastro": false, "is_retail": true, "is_transit": false, "is_office": false, "diet_vegan": false, "diet_vegetarian": false, "diet_glutenfree": false, "diet_halal": false, "unit_id": "24062B100"}}, {"type": "Feature", "geometry": {"type": "Point", "coordinates": [4.6998554, 50.8795837]}, "properties": {"name": "CHOCOlatte", "spot_type": "cafe", "is_eatery": true, "is_gastro": false, "is_retail": false, "is_transit": false, "is_office": false, "diet_vegan": true, "diet_vegetarian": true, "diet_glutenfree": false, "diet_halal": false, "unit_id": "24062A00-"}}, {"type": "Feature", "geometry": {"type": "Point", "coordinates": [4.6985976, 50.8779559]}, "properties": {"name": "Life Bar", "spot_type": null, "is_eatery": true, "is_gastro": true, "is_retail": false, "is_transit": false, "is_office": false, "diet_vegan": true, "diet_vegetarian": true, "diet_glutenfree": false, "diet_halal": false, "unit_id": "24062A00-"}}, {"type": "Feature", "geometry": {"type": "Point", "coordinates": [4.7038117, 50.8779248]}, "properties": {"name": "Croque ‘n role", "spot_type": null, "is_eatery": true, "is_gastro": true, "is_retail": false, "is_transit": false, "is_office": false, "diet_vegan": false, "diet_vegetarian": false, "diet_glutenfree": false, "diet_halal": false, "unit_id": "24062A30-"}}, {"type": "Feature", "geometry": {"type": "Point", "coordinates": [4.6998527, 50.8799996]}, "properties": {"name": "Harvest club", "spot_type": null, "is_eatery": false, "is_gastro": false, "is_retail": true, "is_transit": false, "is_office": false, "diet_vegan": false, "diet_vegetarian": false, "diet_glutenfree": false, "diet_halal": false, "unit_id": "24062A01-"}}, {"type": "Feature", "geometry": {"type": "Point", "coordinates": [4.6999144, 50.8807128]}, "properties": {"name": "Kapstok", "spot_type": null, "is_eatery": false, "is_gastro": false, "is_retail": true, "is_transit": false, "is_office": false, "diet_vegan": false, "diet_vegetarian": false, "diet_glutenfree": false, "diet_halal": false, "unit_id": "24062A01-"}}, {"type": "Feature", "geometry": {"type": "Point", "coordinates": [4.7122446, 50.8818389]}, "properties": {"name": "Macenta Express", "spot_type": null, "is_eatery": false, "is_gastro": false, "is_retail": true, "is_transit": false, "is_office": false, "diet_vegan": false, "diet_vegetarian": false, "diet_glutenfree": false, "diet_halal": false, "unit_id": "24062A10-"}}, {"type": "Feature", "geometry": {"type": "Point", "coordinates": [4.703209, 50.8784838]}, "properties": {"name": "XLBBQ", "spot_type": null, "is_eatery": true, "is_gastro": true, "is_retail": false, "is_transit": false, "is_office": false, "diet_vegan": false, "diet_vegetarian": false, "diet_glutenfree": false, "diet_halal": false, "unit_id": "24062A00-"}}, {"type": "Feature", "geometry": {"type": "Point", "coordinates": [4.6992006, 50.8773452]}, "properties": {"name": "Loco Pizza", "spot_type": null, "is_eatery": true, "is_gastro": true, "is_retail": false, "is_transit": false, "is_office": false, "diet_vegan": false, "diet_vegetarian": false, "diet_glutenfree": false, "diet_halal": false, "unit_id": "24062A00-"}}, {"type": "Feature", "geometry": {"type": "Point", "coordinates": [4.7062485, 50.8768371]}, "properties": {"name": "Alaboneur", "spot_type": null, "is_eatery": true, "is_gastro": true, "is_retail": false, "is_transit": false, "is_office": false, "diet_vegan": false, "diet_vegetarian": false, "diet_glutenfree": false, "diet_halal": false, "unit_id": "24062A30-"}}, {"type": "Feature", "geometry": {"type": "Point", "coordinates": [4.7166386, 50.9127233]}, "properties": {"name": "Gorgan Move", "spot_type": null, "is_eatery": false, "is_gastro": false, "is_retail": false, "is_transit": false, "is_office": true, "diet_vegan": false, "diet_vegetarian": false, "diet_glutenfree": false, "diet_halal": false, "unit_id": "24043A1MA"}}, {"type": "Feature", "geometry": {"type": "Point", "coordinates": [4.712864, 50.8670354]}, "properties": {"name": "Kunstmaan | Accenture Interactive", "spot_type": null, "is_eatery": false, "is_gastro": false, "is_retail": false, "is_transit": false, "is_office": true, "diet_vegan": false, "diet_vegetarian": false, "diet_glutenfree": false, "diet_halal": false, "unit_id": "24062D19-"}}, {"type": "Feature", "geometry": {"type": "Point", "coordinates": [4.6995681, 50.8801263]}, "properties": {"name": "My Thai", "spot_type": null, "is_eatery": true, "is_gastro": true, "is_retail": false, "is_transit": false, "is_office": false, "diet_vegan": false, "diet_vegetarian": false, "diet_glutenfree": false, "diet_halal": false, "unit_id": "24062A01-"}}, {"type": "Feature", "geometry": {"type": "Point", "coordinates": [4.6696489, 50.8435762]}, "properties": {"name": "Il Danio", "spot_type": null, "is_eatery": true, "is_gastro": true, "is_retail": false, "is_transit": false, "is_office": false, "diet_vegan": false, "diet_vegetarian": true, "diet_glutenfree": false, "diet_halal": false, "unit_id": "24086A000"}}, {"type": "Feature", "geometry": {"type": "Point", "coordinates": [4.6953785, 50.8784777]}, "properties": {"name": "Rode Kruis Vlaanderen Leuven", "spot_type": null, "is_eatery": false, "is_gastro": false, "is_retail": false, "is_transit": false, "is_office": true, "diet_vegan": false, "diet_vegetarian": false, "diet_glutenfree": false, "diet_halal": false, "unit_id": "24062A04-"}}, {"type": "Feature", "geometry": {"type": "Point", "coordinates": [4.7064113, 50.8770121]}, "properties": {"name": "Plato", "spot_type": null, "is_eatery": false, "is_gastro": false, "is_retail": true, "is_transit": false, "is_office": false, "diet_vegan": false, "diet_vegetarian": false, "diet_glutenfree": false, "diet_halal": false, "unit_id": "24062A31-"}}, {"type": "Feature", "geometry": {"type": "Point", "coordinates": [4.7078562, 50.9054146]}, "properties": {"name": "Turbulent NV", "spot_type": null, "is_eatery": false, "is_gastro": false, "is_retail": false, "is_transit": false, "is_office": true, "diet_vegan": false, "diet_vegetarian": false, "diet_glutenfree": false, "diet_halal": false, "unit_id": "24062B08-"}}, {"type": "Feature", "geometry": {"type": "Point", "coordinates": [4.6871522, 50.8865569]}, "properties": {"name": "Leuven Wijnpers", "spot_type": null, "is_eatery": false, "is_gastro": false, "is_retail": false, "is_transit": true, "is_office": false, "diet_vegan": false, "diet_vegetarian": false, "diet_glutenfree": false, "diet_halal": false, "unit_id": "24062A61-"}}, {"type": "Feature", "geometry": {"type": "Point", "coordinates": [4.7080114, 50.8963183]}, "properties": {"name": "Asia & More", "spot_type": null, "is_eatery": false, "is_gastro": false, "is_retail": true, "is_transit": false, "is_office": false, "diet_vegan": false, "diet_vegetarian": false, "diet_glutenfree": false, "diet_halal": false, "unit_id": "24062B27-"}}, {"type": "Feature", "geometry": {"type": "Point", "coordinates": [4.7212117, 50.8489323]}, "properties": {"name": "Bistro d'Office", "spot_type": null, "is_eatery": true, "is_gastro": true, "is_retail": false, "is_transit": false, "is_office": false, "diet_vegan": false, "diet_vegetarian": false, "diet_glutenfree": false, "diet_halal": false, "unit_id": "24062E774"}}, {"type": "Feature", "geometry": {"type": "Point", "coordinates": [4.7211328, 50.848891]}, "properties": {"name": "WE FIX IT", "spot_type": null, "is_eatery": false, "is_gastro": false, "is_retail": false, "is_transit": false, "is_office": true, "diet_vegan": false, "diet_vegetarian": false, "diet_glutenfree": false, "diet_halal": false, "unit_id": "24062E774"}}, {"type": "Feature", "geometry": {"type": "Point", "coordinates": [4.7260909, 50.8519344]}, "properties": {"name": "Ausy", "spot_type": null, "is_eatery": false, "is_gastro": false, "is_retail": false, "is_transit": false, "is_office": true, "diet_vegan": false, "diet_vegetarian": false, "diet_glutenfree": false, "diet_halal": false, "unit_id": "24062E774"}}, {"type": "Feature", "geometry": {"type": "Point", "coordinates": [4.7460925, 50.8723355]}, "properties": {"name": "Lucullus", "spot_type": null, "is_eatery": true, "is_gastro": true, "is_retail": false, "is_transit": false, "is_office": false, "diet_vegan": false, "diet_vegetarian": false, "diet_glutenfree": false, "diet_halal": false, "unit_id": "24062C39-"}}, {"type": "Feature", "geometry": {"type": "Point", "coordinates": [4.6889862, 50.8792647]}, "properties": {"name": "Lo Robost", "spot_type": null, "is_eatery": false, "is_gastro": false, "is_retail": true, "is_transit": false, "is_office": false, "diet_vegan": false, "diet_vegetarian": false, "diet_glutenfree": false, "diet_halal": false, "unit_id": "24062A53-"}}, {"type": "Feature", "geometry": {"type": "Point", "coordinates": [4.69743, 50.8898]}, "properties": {"name": "Leuven Lüdenscheid", "spot_type": null, "is_eatery": false, "is_gastro": false, "is_retail": false, "is_transit": true, "is_office": false, "diet_vegan": false, "diet_vegetarian": false, "diet_glutenfree": false, "diet_halal": false, "unit_id": "24062A55-"}}, {"type": "Feature", "geometry": {"type": "Point", "coordinates": [4.7086877, 50.8754646]}, "properties": {"name": "Au Flan Breton", "spot_type": "bakery", "is_eatery": true, "is_gastro": false, "is_retail": false, "is_transit": false, "is_office": false, "diet_vegan": false, "diet_vegetarian": false, "diet_glutenfree": false, "diet_halal": false, "unit_id": "24062A30-"}}, {"type": "Feature", "geometry": {"type": "Point", "coordinates": [4.6858487, 50.8859794]}, "properties": {"name": "Leuven Wijnpers", "spot_type": null, "is_eatery": false, "is_gastro": false, "is_retail": false, "is_transit": true, "is_office": false, "diet_vegan": false, "diet_vegetarian": false, "diet_glutenfree": false, "diet_halal": false, "unit_id": "24062A61-"}}, {"type": "Feature", "geometry": {"type": "Point", "coordinates": [4.6920592, 50.8705249]}, "properties": {"name": "Lunch Delight", "spot_type": null, "is_eatery": true, "is_gastro": true, "is_retail": false, "is_transit": false, "is_office": false, "diet_vegan": false, "diet_vegetarian": false, "diet_glutenfree": false, "diet_halal": false, "unit_id": "24062D410"}}, {"type": "Feature", "geometry": {"type": "Point", "coordinates": [4.7291762, 50.8483602]}, "properties": {"name": "Erasmushogeschool Brussel (Campus Leuven)", "spot_type": null, "is_eatery": false, "is_gastro": false, "is_retail": false, "is_transit": false, "is_office": true, "diet_vegan": false, "diet_vegetarian": false, "diet_glutenfree": false, "diet_halal": false, "unit_id": "24062E774"}}, {"type": "Feature", "geometry": {"type": "Point", "coordinates": [4.7541618, 50.8881994]}, "properties": {"name": "T Fritteke", "spot_type": null, "is_eatery": true, "is_gastro": true, "is_retail": false, "is_transit": false, "is_office": false, "diet_vegan": false, "diet_vegetarian": true, "diet_glutenfree": false, "diet_halal": false, "unit_id": "24062C2MA"}}, {"type": "Feature", "geometry": {"type": "Point", "coordinates": [4.714355, 50.8744394]}, "properties": {"name": "Voka - Kamer van Koophandel Vlaams-Brabant", "spot_type": null, "is_eatery": false, "is_gastro": false, "is_retail": false, "is_transit": false, "is_office": true, "diet_vegan": false, "diet_vegetarian": false, "diet_glutenfree": false, "diet_halal": false, "unit_id": "24062A32-"}}, {"type": "Feature", "geometry": {"type": "Point", "coordinates": [4.6584236, 50.851951]}, "properties": {"name": "Louis Delhaize", "spot_type": null, "is_eatery": false, "is_gastro": false, "is_retail": true, "is_transit": false, "is_office": false, "diet_vegan": false, "diet_vegetarian": false, "diet_glutenfree": false, "diet_halal": false, "unit_id": "24062D591"}}, {"type": "Feature", "geometry": {"type": "Point", "coordinates": [4.6995504, 50.8563209]}, "properties": {"name": "Vrij CLB Leuven", "spot_type": null, "is_eatery": false, "is_gastro": false, "is_retail": false, "is_transit": false, "is_office": true, "diet_vegan": false, "diet_vegetarian": false, "diet_glutenfree": false, "diet_halal": false, "unit_id": "24062D03-"}}, {"type": "Feature", "geometry": {"type": "Point", "coordinates": [4.7002167, 50.8762289]}, "properties": {"name": "Bar Bao", "spot_type": null, "is_eatery": true, "is_gastro": true, "is_retail": false, "is_transit": false, "is_office": false, "diet_vegan": false, "diet_vegetarian": false, "diet_glutenfree": false, "diet_halal": false, "unit_id": "24062A03-"}}, {"type": "Feature", "geometry": {"type": "Point", "coordinates": [4.6986692, 50.8809624]}, "properties": {"name": "Convento Food", "spot_type": null, "is_eatery": true, "is_gastro": true, "is_retail": false, "is_transit": false, "is_office": false, "diet_vegan": false, "diet_vegetarian": false, "diet_glutenfree": false, "diet_halal": false, "unit_id": "24062A01-"}}, {"type": "Feature", "geometry": {"type": "Point", "coordinates": [4.7550099, 50.9224317]}, "properties": {"name": "Immo Surplus", "spot_type": null, "is_eatery": false, "is_gastro": false, "is_retail": false, "is_transit": false, "is_office": true, "diet_vegan": false, "diet_vegetarian": false, "diet_glutenfree": false, "diet_halal": false, "unit_id": "24043A091"}}, {"type": "Feature", "geometry": {"type": "Point", "coordinates": [4.7196579, 50.8860802]}, "properties": {"name": "Tante Maris", "spot_type": null, "is_eatery": true, "is_gastro": true, "is_retail": false, "is_transit": false, "is_office": false, "diet_vegan": false, "diet_vegetarian": true, "diet_glutenfree": true, "diet_halal": false, "unit_id": "24062C00-"}}, {"type": "Feature", "geometry": {"type": "Point", "coordinates": [4.7063917, 50.8905343]}, "properties": {"name": "Coupe Matadi", "spot_type": null, "is_eatery": true, "is_gastro": true, "is_retail": false, "is_transit": false, "is_office": false, "diet_vegan": true, "diet_vegetarian": true, "diet_glutenfree": true, "diet_halal": false, "unit_id": "24062B37-"}}, {"type": "Feature", "geometry": {"type": "Point", "coordinates": [4.7069769, 50.8562676]}, "properties": {"name": "KHC Kantine", "spot_type": "cafe", "is_eatery": true, "is_gastro": false, "is_retail": false, "is_transit": false, "is_office": false, "diet_vegan": false, "diet_vegetarian": false, "diet_glutenfree": false, "diet_halal": false, "unit_id": "24062D290"}}, {"type": "Feature", "geometry": {"type": "Point", "coordinates": [4.7569044, 50.9191838]}, "properties": {"name": "Harald Automotive", "spot_type": null, "is_eatery": false, "is_gastro": false, "is_retail": false, "is_transit": false, "is_office": true, "diet_vegan": false, "diet_vegetarian": false, "diet_glutenfree": false, "diet_halal": false, "unit_id": "24043A023"}}, {"type": "Feature", "geometry": {"type": "Point", "coordinates": [4.6746442, 50.8623214]}, "properties": {"name": "Vlaamse Olympiades voor Natuurwetenschappen", "spot_type": null, "is_eatery": false, "is_gastro": false, "is_retail": false, "is_transit": false, "is_office": true, "diet_vegan": false, "diet_vegetarian": false, "diet_glutenfree": false, "diet_halal": false, "unit_id": "24062D410"}}, {"type": "Feature", "geometry": {"type": "Point", "coordinates": [4.6920463, 50.9235574]}, "properties": {"name": "Frituur 'De Brug'", "spot_type": null, "is_eatery": true, "is_gastro": true, "is_retail": false, "is_transit": false, "is_office": false, "diet_vegan": false, "diet_vegetarian": false, "diet_glutenfree": false, "diet_halal": false, "unit_id": "24038A41-"}}, {"type": "Feature", "geometry": {"type": "Point", "coordinates": [4.7075277, 50.8993223]}, "properties": {"name": "Eetcafé De Stordeur", "spot_type": null, "is_eatery": true, "is_gastro": true, "is_retail": false, "is_transit": false, "is_office": false, "diet_vegan": false, "diet_vegetarian": false, "diet_glutenfree": false, "diet_halal": false, "unit_id": "24062B27-"}}, {"type": "Feature", "geometry": {"type": "Point", "coordinates": [4.7494024, 50.8856883]}, "properties": {"name": "CM", "spot_type": null, "is_eatery": false, "is_gastro": false, "is_retail": false, "is_transit": false, "is_office": true, "diet_vegan": false, "diet_vegetarian": false, "diet_glutenfree": false, "diet_halal": false, "unit_id": "24062C13-"}}, {"type": "Feature", "geometry": {"type": "Point", "coordinates": [4.7318879, 50.8849821]}, "properties": {"name": "KBC Verzekeringen", "spot_type": null, "is_eatery": false, "is_gastro": false, "is_retail": false, "is_transit": false, "is_office": true, "diet_vegan": false, "diet_vegetarian": false, "diet_glutenfree": false, "diet_halal": false, "unit_id": "24062C12-"}}, {"type": "Feature", "geometry": {"type": "Point", "coordinates": [4.7581261, 50.9201645]}, "properties": {"name": "Frituur J&S", "spot_type": null, "is_eatery": true, "is_gastro": true, "is_retail": false, "is_transit": false, "is_office": false, "diet_vegan": false, "diet_vegetarian": true, "diet_glutenfree": false, "diet_halal": false, "unit_id": "24043A00-"}}, {"type": "Feature", "geometry": {"type": "Point", "coordinates": [4.6724962, 50.874638]}, "properties": {"name": "Het Goede Boek", "spot_type": null, "is_eatery": false, "is_gastro": false, "is_retail": true, "is_transit": false, "is_office": false, "diet_vegan": false, "diet_vegetarian": false, "diet_glutenfree": false, "diet_halal": false, "unit_id": "24062D60-"}}, {"type": "Feature", "geometry": {"type": "Point", "coordinates": [4.7382281, 50.914636]}, "properties": {"name": "Verzekeringen Hendrickx (Holsbeek)", "spot_type": null, "is_eatery": false, "is_gastro": false, "is_retail": false, "is_transit": false, "is_office": true, "diet_vegan": false, "diet_vegetarian": false, "diet_glutenfree": false, "diet_halal": false, "unit_id": "24043A122"}}, {"type": "Feature", "geometry": {"type": "Point", "coordinates": [4.7102501, 50.8815932]}, "properties": {"name": "Exotic Express", "spot_type": null, "is_eatery": false, "is_gastro": false, "is_retail": true, "is_transit": false, "is_office": false, "diet_vegan": false, "diet_vegetarian": false, "diet_glutenfree": false, "diet_halal": false, "unit_id": "24062A10-"}}, {"type": "Feature", "geometry": {"type": "Point", "coordinates": [4.7314443, 50.9016214]}, "properties": {"name": "DHP", "spot_type": null, "is_eatery": false, "is_gastro": false, "is_retail": false, "is_transit": false, "is_office": true, "diet_vegan": false, "diet_vegetarian": false, "diet_glutenfree": false, "diet_halal": false, "unit_id": "24062C50-"}}, {"type": "Feature", "geometry": {"type": "Point", "coordinates": [4.7058796, 50.8892161]}, "properties": {"name": "Al Taj Supermarket", "spot_type": null, "is_eatery": false, "is_gastro": false, "is_retail": true, "is_transit": false, "is_office": false, "diet_vegan": false, "diet_vegetarian": false, "diet_glutenfree": false, "diet_halal": false, "unit_id": "24062B37-"}}, {"type": "Feature", "geometry": {"type": "Point", "coordinates": [4.7455218, 50.8870028]}, "properties": {"name": "Nestor", "spot_type": null, "is_eatery": false, "is_gastro": false, "is_retail": false, "is_transit": false, "is_office": true, "diet_vegan": false, "diet_vegetarian": false, "diet_glutenfree": false, "diet_halal": false, "unit_id": "24062C13-"}}, {"type": "Feature", "geometry": {"type": "Point", "coordinates": [4.706431, 50.8766198]}, "properties": {"name": "Buddha House", "spot_type": null, "is_eatery": true, "is_gastro": true, "is_retail": false, "is_transit": false, "is_office": false, "diet_vegan": false, "diet_vegetarian": true, "diet_glutenfree": false, "diet_halal": false, "unit_id": "24062A30-"}}, {"type": "Feature", "geometry": {"type": "Point", "coordinates": [4.7330285, 50.8986151]}, "properties": {"name": "Frithoek", "spot_type": null, "is_eatery": true, "is_gastro": true, "is_retail": false, "is_transit": false, "is_office": false, "diet_vegan": false, "diet_vegetarian": false, "diet_glutenfree": false, "diet_halal": false, "unit_id": "24062C50-"}}, {"type": "Feature", "geometry": {"type": "Point", "coordinates": [4.7019518, 50.8787531]}, "properties": {"name": "麻花小屋 Ma Hua", "spot_type": null, "is_eatery": true, "is_gastro": true, "is_retail": false, "is_transit": false, "is_office": false, "diet_vegan": false, "diet_vegetarian": false, "diet_glutenfree": false, "diet_halal": false, "unit_id": "24062A00-"}}, {"type": "Feature", "geometry": {"type": "Point", "coordinates": [4.7056717, 50.8670653]}, "properties": {"name": "Avansa", "spot_type": null, "is_eatery": false, "is_gastro": false, "is_retail": false, "is_transit": false, "is_office": true, "diet_vegan": false, "diet_vegetarian": false, "diet_glutenfree": false, "diet_halal": false, "unit_id": "24062D21-"}}, {"type": "Feature", "geometry": {"type": "Point", "coordinates": [4.7058018, 50.8670916]}, "properties": {"name": "Link in de kabel", "spot_type": null, "is_eatery": false, "is_gastro": false, "is_retail": false, "is_transit": false, "is_office": true, "diet_vegan": false, "diet_vegetarian": false, "diet_glutenfree": false, "diet_halal": false, "unit_id": "24062D21-"}}, {"type": "Feature", "geometry": {"type": "Point", "coordinates": [4.6984621, 50.8610053]}, "properties": {"name": "Evin’s winkel", "spot_type": null, "is_eatery": false, "is_gastro": false, "is_retail": true, "is_transit": false, "is_office": false, "diet_vegan": false, "diet_vegetarian": false, "diet_glutenfree": false, "diet_halal": false, "unit_id": "24062D03-"}}, {"type": "Feature", "geometry": {"type": "Point", "coordinates": [4.7037933, 50.8773287]}, "properties": {"name": "Damasco", "spot_type": null, "is_eatery": true, "is_gastro": true, "is_retail": false, "is_transit": false, "is_office": false, "diet_vegan": false, "diet_vegetarian": false, "diet_glutenfree": false, "diet_halal": false, "unit_id": "24062A02-"}}, {"type": "Feature", "geometry": {"type": "Point", "coordinates": [4.7035511, 50.8771844]}, "properties": {"name": "Ah! Quy", "spot_type": null, "is_eatery": true, "is_gastro": true, "is_retail": false, "is_transit": false, "is_office": false, "diet_vegan": true, "diet_vegetarian": true, "diet_glutenfree": false, "diet_halal": false, "unit_id": "24062A02-"}}, {"type": "Feature", "geometry": {"type": "Point", "coordinates": [4.6959725, 50.8577086]}, "properties": {"name": "Welkom", "spot_type": null, "is_eatery": false, "is_gastro": false, "is_retail": true, "is_transit": false, "is_office": false, "diet_vegan": false, "diet_vegetarian": false, "diet_glutenfree": false, "diet_halal": false, "unit_id": "24062D03-"}}, {"type": "Feature", "geometry": {"type": "Point", "coordinates": [4.6742442, 50.8622425]}, "properties": {"name": "Chemlok", "spot_type": null, "is_eatery": false, "is_gastro": false, "is_retail": false, "is_transit": false, "is_office": true, "diet_vegan": false, "diet_vegetarian": false, "diet_glutenfree": false, "diet_halal": false, "unit_id": "24062D410"}}, {"type": "Feature", "geometry": {"type": "Point", "coordinates": [4.6975315, 50.8685584]}, "properties": {"name": "Mini Mix", "spot_type": null, "is_eatery": false, "is_gastro": false, "is_retail": true, "is_transit": false, "is_office": false, "diet_vegan": false, "diet_vegetarian": false, "diet_glutenfree": false, "diet_halal": false, "unit_id": "24062D02-"}}, {"type": "Feature", "geometry": {"type": "Point", "coordinates": [4.6969611, 50.868764]}, "properties": {"name": "Back to Basic", "spot_type": null, "is_eatery": true, "is_gastro": true, "is_retail": false, "is_transit": false, "is_office": false, "diet_vegan": false, "diet_vegetarian": false, "diet_glutenfree": false, "diet_halal": false, "unit_id": "24062D02-"}}, {"type": "Feature", "geometry": {"type": "Point", "coordinates": [4.7147333, 50.8615821]}, "properties": {"name": "Arend Architecten", "spot_type": null, "is_eatery": false, "is_gastro": false, "is_retail": false, "is_transit": false, "is_office": true, "diet_vegan": false, "diet_vegetarian": false, "diet_glutenfree": false, "diet_halal": false, "unit_id": "24062D209"}}, {"type": "Feature", "geometry": {"type": "Point", "coordinates": [4.6696499, 50.8646606]}, "properties": {"name": "Health House", "spot_type": null, "is_eatery": false, "is_gastro": false, "is_retail": false, "is_transit": false, "is_office": true, "diet_vegan": false, "diet_vegetarian": false, "diet_glutenfree": false, "diet_halal": false, "unit_id": "24062D591"}}, {"type": "Feature", "geometry": {"type": "Point", "coordinates": [4.7211617, 50.9245745]}, "properties": {"name": "Au Flan Breton", "spot_type": "bakery", "is_eatery": true, "is_gastro": false, "is_retail": false, "is_transit": false, "is_office": false, "diet_vegan": false, "diet_vegetarian": false, "diet_glutenfree": false, "diet_halal": false, "unit_id": "24062B100"}}, {"type": "Feature", "geometry": {"type": "Point", "coordinates": [4.6954577, 50.8667177]}, "properties": {"name": "Group S", "spot_type": null, "is_eatery": false, "is_gastro": false, "is_retail": false, "is_transit": false, "is_office": true, "diet_vegan": false, "diet_vegetarian": false, "diet_glutenfree": false, "diet_halal": false, "unit_id": "24062D02-"}}, {"type": "Feature", "geometry": {"type": "Point", "coordinates": [4.7241378, 50.8840404]}, "properties": {"name": "Dienst diversiteit en gelijke kansen Leuven", "spot_type": null, "is_eatery": false, "is_gastro": false, "is_retail": false, "is_transit": false, "is_office": true, "diet_vegan": false, "diet_vegetarian": false, "diet_glutenfree": false, "diet_halal": false, "unit_id": "24062C01-"}}, {"type": "Feature", "geometry": {"type": "Point", "coordinates": [4.6676345, 50.9024649]}, "properties": {"name": "BAR Swings", "spot_type": "cafe", "is_eatery": true, "is_gastro": false, "is_retail": false, "is_transit": false, "is_office": false, "diet_vegan": false, "diet_vegetarian": false, "diet_glutenfree": false, "diet_halal": false, "unit_id": "24038A133"}}, {"type": "Feature", "geometry": {"type": "Point", "coordinates": [4.6681462, 50.9012329]}, "properties": {"name": "Louis Delhaize", "spot_type": null, "is_eatery": false, "is_gastro": false, "is_retail": true, "is_transit": false, "is_office": false, "diet_vegan": false, "diet_vegetarian": false, "diet_glutenfree": false, "diet_halal": false, "unit_id": "24038A133"}}, {"type": "Feature", "geometry": {"type": "Point", "coordinates": [4.725378, 50.8916715]}, "properties": {"name": "Boes & Leroy BV BVBA", "spot_type": null, "is_eatery": false, "is_gastro": false, "is_retail": false, "is_transit": false, "is_office": true, "diet_vegan": false, "diet_vegetarian": false, "diet_glutenfree": false, "diet_halal": false, "unit_id": "24062C52-"}}, {"type": "Feature", "geometry": {"type": "Point", "coordinates": [4.7231213, 50.8490867]}, "properties": {"name": "Au Flan Breton", "spot_type": "bakery", "is_eatery": true, "is_gastro": false, "is_retail": false, "is_transit": false, "is_office": false, "diet_vegan": false, "diet_vegetarian": false, "diet_glutenfree": false, "diet_halal": false, "unit_id": "24062E774"}}, {"type": "Feature", "geometry": {"type": "Point", "coordinates": [4.7230823, 50.8491632]}, "properties": {"name": "De Kapblok", "spot_type": null, "is_eatery": false, "is_gastro": false, "is_retail": true, "is_transit": false, "is_office": false, "diet_vegan": false, "diet_vegetarian": false, "diet_glutenfree": false, "diet_halal": false, "unit_id": "24062E774"}}, {"type": "Feature", "geometry": {"type": "Point", "coordinates": [4.7230437, 50.849239]}, "properties": {"name": "Voituur", "spot_type": null, "is_eatery": true, "is_gastro": true, "is_retail": false, "is_transit": false, "is_office": false, "diet_vegan": false, "diet_vegetarian": false, "diet_glutenfree": false, "diet_halal": false, "unit_id": "24062E774"}}, {"type": "Feature", "geometry": {"type": "Point", "coordinates": [4.7083837, 50.8757917]}, "properties": {"name": "Fuji", "spot_type": null, "is_eatery": true, "is_gastro": true, "is_retail": false, "is_transit": false, "is_office": false, "diet_vegan": false, "diet_vegetarian": false, "diet_glutenfree": false, "diet_halal": false, "unit_id": "24062A30-"}}, {"type": "Feature", "geometry": {"type": "Point", "coordinates": [4.6956716, 50.8619217]}, "properties": {"name": "Khin", "spot_type": null, "is_eatery": true, "is_gastro": true, "is_retail": false, "is_transit": false, "is_office": false, "diet_vegan": false, "diet_vegetarian": true, "diet_glutenfree": false, "diet_halal": false, "unit_id": "24062D03-"}}, {"type": "Feature", "geometry": {"type": "Point", "coordinates": [4.70346, 50.8785662]}, "properties": {"name": "Barouche", "spot_type": null, "is_eatery": true, "is_gastro": true, "is_retail": false, "is_transit": false, "is_office": false, "diet_vegan": false, "diet_vegetarian": false, "diet_glutenfree": false, "diet_halal": false, "unit_id": "24062A00-"}}, {"type": "Feature", "geometry": {"type": "Point", "coordinates": [4.70357, 50.8783966]}, "properties": {"name": "Poule & Poulette", "spot_type": null, "is_eatery": true, "is_gastro": true, "is_retail": false, "is_transit": false, "is_office": false, "diet_vegan": false, "diet_vegetarian": false, "diet_glutenfree": false, "diet_halal": false, "unit_id": "24062A00-"}}, {"type": "Feature", "geometry": {"type": "Point", "coordinates": [4.7033984, 50.8786424]}, "properties": {"name": "Bavet", "spot_type": null, "is_eatery": true, "is_gastro": true, "is_retail": false, "is_transit": false, "is_office": false, "diet_vegan": false, "diet_vegetarian": false, "diet_glutenfree": false, "diet_halal": false, "unit_id": "24062A00-"}}, {"type": "Feature", "geometry": {"type": "Point", "coordinates": [4.703512, 50.8785082]}, "properties": {"name": "Woké", "spot_type": null, "is_eatery": true, "is_gastro": true, "is_retail": false, "is_transit": false, "is_office": false, "diet_vegan": false, "diet_vegetarian": false, "diet_glutenfree": false, "diet_halal": false, "unit_id": "24062A00-"}}, {"type": "Feature", "geometry": {"type": "Point", "coordinates": [4.6988047, 50.8691707]}, "properties": {"name": "Xiongmao Panda", "spot_type": null, "is_eatery": true, "is_gastro": true, "is_retail": false, "is_transit": false, "is_office": false, "diet_vegan": false, "diet_vegetarian": false, "diet_glutenfree": false, "diet_halal": false, "unit_id": "24062A40-"}}, {"type": "Feature", "geometry": {"type": "Point", "coordinates": [4.700034, 50.873589]}, "properties": {"name": "MazaHouse", "spot_type": null, "is_eatery": true, "is_gastro": true, "is_retail": false, "is_transit": false, "is_office": false, "diet_vegan": false, "diet_vegetarian": false, "diet_glutenfree": false, "diet_halal": false, "unit_id": "24062A41-"}}, {"type": "Feature", "geometry": {"type": "Point", "coordinates": [4.7001591, 50.879119]}, "properties": {"name": "Frituur Belgium", "spot_type": null, "is_eatery": true, "is_gastro": true, "is_retail": false, "is_transit": false, "is_office": false, "diet_vegan": false, "diet_vegetarian": false, "diet_glutenfree": false, "diet_halal": false, "unit_id": "24062A00-"}}, {"type": "Feature", "geometry": {"type": "Point", "coordinates": [4.7003237, 50.8789777]}, "properties": {"name": "Frietland", "spot_type": null, "is_eatery": true, "is_gastro": true, "is_retail": false, "is_transit": false, "is_office": false, "diet_vegan": false, "diet_vegetarian": false, "diet_glutenfree": false, "diet_halal": false, "unit_id": "24062A00-"}}, {"type": "Feature", "geometry": {"type": "Point", "coordinates": [4.7031798, 50.8790369]}, "properties": {"name": "Taverne Fonske", "spot_type": null, "is_eatery": true, "is_gastro": true, "is_retail": false, "is_transit": false, "is_office": false, "diet_vegan": false, "diet_vegetarian": false, "diet_glutenfree": false, "diet_halal": false, "unit_id": "24062A20-"}}, {"type": "Feature", "geometry": {"type": "Point", "coordinates": [4.6992345, 50.8788043]}, "properties": {"name": "Bodhi", "spot_type": null, "is_eatery": true, "is_gastro": true, "is_retail": false, "is_transit": false, "is_office": false, "diet_vegan": true, "diet_vegetarian": true, "diet_glutenfree": false, "diet_halal": false, "unit_id": "24062A00-"}}, {"type": "Feature", "geometry": {"type": "Point", "coordinates": [4.7175111, 50.882623]}, "properties": {"name": "Content Leuven", "spot_type": null, "is_eatery": false, "is_gastro": false, "is_retail": true, "is_transit": false, "is_office": false, "diet_vegan": false, "diet_vegetarian": false, "diet_glutenfree": false, "diet_halal": false, "unit_id": "24062C05-"}}, {"type": "Feature", "geometry": {"type": "Point", "coordinates": [4.7154011, 50.8649891]}, "properties": {"name": "De Wikke", "spot_type": null, "is_eatery": false, "is_gastro": false, "is_retail": true, "is_transit": false, "is_office": false, "diet_vegan": false, "diet_vegetarian": false, "diet_glutenfree": false, "diet_halal": false, "unit_id": "24062D209"}}, {"type": "Feature", "geometry": {"type": "Point", "coordinates": [4.6686709, 50.9070027]}, "properties": {"name": "CM-kantoor Herent", "spot_type": null, "is_eatery": false, "is_gastro": false, "is_retail": false, "is_transit": false, "is_office": true, "diet_vegan": false, "diet_vegetarian": false, "diet_glutenfree": false, "diet_halal": false, "unit_id": "24038A00-"}}, {"type": "Feature", "geometry": {"type": "Point", "coordinates": [4.6735504, 50.9070431]}, "properties": {"name": "Kiku Sushi", "spot_type": null, "is_eatery": true, "is_gastro": true, "is_retail": false, "is_transit": false, "is_office": false, "diet_vegan": false, "diet_vegetarian": false, "diet_glutenfree": false, "diet_halal": false, "unit_id": "24038A00-"}}, {"type": "Feature", "geometry": {"type": "Point", "coordinates": [4.6665087, 50.9046258]}, "properties": {"name": "Vivinvest", "spot_type": null, "is_eatery": false, "is_gastro": false, "is_retail": false, "is_transit": false, "is_office": true, "diet_vegan": false, "diet_vegetarian": false, "diet_glutenfree": false, "diet_halal": false, "unit_id": "24038A00-"}}, {"type": "Feature", "geometry": {"type": "Point", "coordinates": [4.6806836, 50.899269]}, "properties": {"name": "Mini-Market", "spot_type": null, "is_eatery": false, "is_gastro": false, "is_retail": true, "is_transit": false, "is_office": false, "diet_vegan": false, "diet_vegetarian": false, "diet_glutenfree": false, "diet_halal": false, "unit_id": "24038A122"}}, {"type": "Feature", "geometry": {"type": "Point", "coordinates": [4.6701845, 50.9066443]}, "properties": {"name": "Bakkerij Govaerts-Thys", "spot_type": "bakery", "is_eatery": true, "is_gastro": false, "is_retail": false, "is_transit": false, "is_office": false, "diet_vegan": false, "diet_vegetarian": false, "diet_glutenfree": false, "diet_halal": false, "unit_id": "24038A00-"}}, {"type": "Feature", "geometry": {"type": "Point", "coordinates": [4.71431, 50.8593152]}, "properties": {"name": "Marble Consulting", "spot_type": null, "is_eatery": false, "is_gastro": false, "is_retail": false, "is_transit": false, "is_office": true, "diet_vegan": false, "diet_vegetarian": false, "diet_glutenfree": false, "diet_halal": false, "unit_id": "24062D209"}}, {"type": "Feature", "geometry": {"type": "Point", "coordinates": [4.676336, 50.908622]}, "properties": {"name": "Brescon", "spot_type": null, "is_eatery": false, "is_gastro": false, "is_retail": false, "is_transit": false, "is_office": true, "diet_vegan": false, "diet_vegetarian": false, "diet_glutenfree": false, "diet_halal": false, "unit_id": "24038A00-"}}, {"type": "Feature", "geometry": {"type": "Point", "coordinates": [4.6755419, 50.9083627]}, "properties": {"name": "Napoli Pizza", "spot_type": null, "is_eatery": true, "is_gastro": true, "is_retail": false, "is_transit": false, "is_office": false, "diet_vegan": false, "diet_vegetarian": false, "diet_glutenfree": false, "diet_halal": false, "unit_id": "24038A00-"}}, {"type": "Feature", "geometry": {"type": "Point", "coordinates": [4.684599, 50.897769]}, "properties": {"name": "Elni", "spot_type": null, "is_eatery": false, "is_gastro": false, "is_retail": false, "is_transit": false, "is_office": true, "diet_vegan": false, "diet_vegetarian": false, "diet_glutenfree": false, "diet_halal": false, "unit_id": "24038A112"}}, {"type": "Feature", "geometry": {"type": "Point", "coordinates": [4.7090433, 50.8760643]}, "properties": {"name": "New Way", "spot_type": null, "is_eatery": true, "is_gastro": true, "is_retail": false, "is_transit": false, "is_office": false, "diet_vegan": false, "diet_vegetarian": false, "diet_glutenfree": false, "diet_halal": false, "unit_id": "24062A31-"}}, {"type": "Feature", "geometry": {"type": "Point", "coordinates": [4.7083075, 50.8754337]}, "properties": {"name": "Vesalius", "spot_type": null, "is_eatery": true, "is_gastro": true, "is_retail": false, "is_transit": false, "is_office": false, "diet_vegan": false, "diet_vegetarian": false, "diet_glutenfree": false, "diet_halal": false, "unit_id": "24062A30-"}}, {"type": "Feature", "geometry": {"type": "Point", "coordinates": [4.7083641, 50.8786045]}, "properties": {"name": "Sweeties", "spot_type": "cafe", "is_eatery": true, "is_gastro": false, "is_retail": false, "is_transit": false, "is_office": false, "diet_vegan": true, "diet_vegetarian": false, "diet_glutenfree": false, "diet_halal": false, "unit_id": "24062A31-"}}, {"type": "Feature", "geometry": {"type": "Point", "coordinates": [4.6754111, 50.862882]}, "properties": {"name": "Alma Quadrivium", "spot_type": null, "is_eatery": true, "is_gastro": true, "is_retail": false, "is_transit": false, "is_office": false, "diet_vegan": false, "diet_vegetarian": true, "diet_glutenfree": false, "diet_halal": false, "unit_id": "24062D410"}}, {"type": "Feature", "geometry": {"type": "Point", "coordinates": [4.6700851, 50.9063772]}, "properties": {"name": "Ria dagwinkel", "spot_type": null, "is_eatery": false, "is_gastro": false, "is_retail": true, "is_transit": false, "is_office": false, "diet_vegan": false, "diet_vegetarian": false, "diet_glutenfree": false, "diet_halal": false, "unit_id": "24038A00-"}}, {"type": "Feature", "geometry": {"type": "Point", "coordinates": [4.706102, 50.8794524]}, "properties": {"name": "GIGUE", "spot_type": null, "is_eatery": false, "is_gastro": false, "is_retail": true, "is_transit": false, "is_office": false, "diet_vegan": false, "diet_vegetarian": false, "diet_glutenfree": false, "diet_halal": false, "unit_id": "24062A23-"}}, {"type": "Feature", "geometry": {"type": "Point", "coordinates": [4.6975221, 50.8672091]}, "properties": {"name": "Exotic Mini Market", "spot_type": null, "is_eatery": false, "is_gastro": false, "is_retail": true, "is_transit": false, "is_office": false, "diet_vegan": false, "diet_vegetarian": false, "diet_glutenfree": false, "diet_halal": false, "unit_id": "24062D02-"}}, {"type": "Feature", "geometry": {"type": "Point", "coordinates": [4.6961584, 50.8633905]}, "properties": {"name": "Dewit & partners", "spot_type": null, "is_eatery": false, "is_gastro": false, "is_retail": false, "is_transit": false, "is_office": true, "diet_vegan": false, "diet_vegetarian": false, "diet_glutenfree": false, "diet_halal": false, "unit_id": "24062D00-"}}, {"type": "Feature", "geometry": {"type": "Point", "coordinates": [4.6956183, 50.8585309]}, "properties": {"name": "S&S Mini Market", "spot_type": null, "is_eatery": false, "is_gastro": false, "is_retail": true, "is_transit": false, "is_office": false, "diet_vegan": false, "diet_vegetarian": false, "diet_glutenfree": false, "diet_halal": false, "unit_id": "24062D03-"}}, {"type": "Feature", "geometry": {"type": "Point", "coordinates": [4.6859796, 50.8798281]}, "properties": {"name": null, "spot_type": null, "is_eatery": false, "is_gastro": false, "is_retail": false, "is_transit": true, "is_office": false, "diet_vegan": false, "diet_vegetarian": false, "diet_glutenfree": false, "diet_halal": false, "unit_id": "24062A53-"}}, {"type": "Feature", "geometry": {"type": "Point", "coordinates": [4.6857716, 50.8798325]}, "properties": {"name": null, "spot_type": null, "is_eatery": false, "is_gastro": false, "is_retail": false, "is_transit": true, "is_office": false, "diet_vegan": false, "diet_vegetarian": false, "diet_glutenfree": false, "diet_halal": false, "unit_id": "24062A53-"}}, {"type": "Feature", "geometry": {"type": "Point", "coordinates": [4.7077398, 50.8760056]}, "properties": {"name": "Sherpa Nachtwinkel", "spot_type": null, "is_eatery": false, "is_gastro": false, "is_retail": true, "is_transit": false, "is_office": false, "diet_vegan": false, "diet_vegetarian": false, "diet_glutenfree": false, "diet_halal": false, "unit_id": "24062A30-"}}, {"type": "Feature", "geometry": {"type": "Point", "coordinates": [4.6981656, 50.8773269]}, "properties": {"name": "Lama Nachtwinkel", "spot_type": null, "is_eatery": false, "is_gastro": false, "is_retail": true, "is_transit": false, "is_office": false, "diet_vegan": false, "diet_vegetarian": false, "diet_glutenfree": false, "diet_halal": false, "unit_id": "24062A03-"}}, {"type": "Feature", "geometry": {"type": "Point", "coordinates": [4.7223852, 50.882998]}, "properties": {"name": "Hal 5", "spot_type": null, "is_eatery": true, "is_gastro": true, "is_retail": false, "is_transit": false, "is_office": false, "diet_vegan": false, "diet_vegetarian": false, "diet_glutenfree": false, "diet_halal": false, "unit_id": "24062C01-"}}, {"type": "Feature", "geometry": {"type": "Point", "coordinates": [4.6957147, 50.8620408]}, "properties": {"name": "In2Go", "spot_type": null, "is_eatery": false, "is_gastro": false, "is_retail": false, "is_transit": false, "is_office": true, "diet_vegan": false, "diet_vegetarian": false, "diet_glutenfree": false, "diet_halal": false, "unit_id": "24062D03-"}}, {"type": "Feature", "geometry": {"type": "Point", "coordinates": [4.7152006, 50.8822948]}, "properties": {"name": "Leuven", "spot_type": null, "is_eatery": false, "is_gastro": false, "is_retail": false, "is_transit": true, "is_office": false, "diet_vegan": false, "diet_vegetarian": false, "diet_glutenfree": false, "diet_halal": false, "unit_id": "24062A17-"}}, {"type": "Feature", "geometry": {"type": "Point", "coordinates": [4.6937123, 50.8804637]}, "properties": {"name": "Kirkuk", "spot_type": null, "is_eatery": false, "is_gastro": false, "is_retail": true, "is_transit": false, "is_office": false, "diet_vegan": false, "diet_vegetarian": false, "diet_glutenfree": false, "diet_halal": false, "unit_id": "24062A04-"}}, {"type": "Feature", "geometry": {"type": "Point", "coordinates": [4.7167557, 50.8826955]}, "properties": {"name": "ACV Verbond Leuven", "spot_type": null, "is_eatery": false, "is_gastro": false, "is_retail": false, "is_transit": false, "is_office": true, "diet_vegan": false, "diet_vegetarian": false, "diet_glutenfree": false, "diet_halal": false, "unit_id": "24062C05-"}}, {"type": "Feature", "geometry": {"type": "Point", "coordinates": [4.7031167, 50.8788115]}, "properties": {"name": "Uncle Puffy", "spot_type": null, "is_eatery": true, "is_gastro": true, "is_retail": false, "is_transit": false, "is_office": false, "diet_vegan": false, "diet_vegetarian": false, "diet_glutenfree": false, "diet_halal": false, "unit_id": "24062A00-"}}, {"type": "Feature", "geometry": {"type": "Point", "coordinates": [4.672318, 50.862394]}, "properties": {"name": "Sentigrate", "spot_type": null, "is_eatery": false, "is_gastro": false, "is_retail": false, "is_transit": false, "is_office": true, "diet_vegan": false, "diet_vegetarian": false, "diet_glutenfree": false, "diet_halal": false, "unit_id": "24062D410"}}, {"type": "Feature", "geometry": {"type": "Point", "coordinates": [4.6973968, 50.8670295]}, "properties": {"name": "Numbur Nachtwinkel Sherpa Dawa", "spot_type": null, "is_eatery": false, "is_gastro": false, "is_retail": true, "is_transit": false, "is_office": false, "diet_vegan": false, "diet_vegetarian": false, "diet_glutenfree": false, "diet_halal": false, "unit_id": "24062D02-"}}, {"type": "Feature", "geometry": {"type": "Point", "coordinates": [4.7095494, 50.8771901]}, "properties": {"name": "Madmum", "spot_type": "cafe", "is_eatery": true, "is_gastro": false, "is_retail": false, "is_transit": false, "is_office": false, "diet_vegan": false, "diet_vegetarian": false, "diet_glutenfree": false, "diet_halal": false, "unit_id": "24062A31-"}}, {"type": "Feature", "geometry": {"type": "Point", "coordinates": [4.7131755, 50.8833293]}, "properties": {"name": "SBB Accountants & Adviseurs", "spot_type": null, "is_eatery": false, "is_gastro": false, "is_retail": false, "is_transit": false, "is_office": true, "diet_vegan": false, "diet_vegetarian": false, "diet_glutenfree": false, "diet_halal": false, "unit_id": "24062A14-"}}, {"type": "Feature", "geometry": {"type": "Point", "coordinates": [4.7072749, 50.8563981]}, "properties": {"name": "Cycling Vlaanderen", "spot_type": null, "is_eatery": false, "is_gastro": false, "is_retail": false, "is_transit": false, "is_office": true, "diet_vegan": false, "diet_vegetarian": false, "diet_glutenfree": false, "diet_halal": false, "unit_id": "24062D290"}}, {"type": "Feature", "geometry": {"type": "Point", "coordinates": [4.7072389, 50.8564534]}, "properties": {"name": "KHC Leuven", "spot_type": null, "is_eatery": false, "is_gastro": false, "is_retail": false, "is_transit": false, "is_office": true, "diet_vegan": false, "diet_vegetarian": false, "diet_glutenfree": false, "diet_halal": false, "unit_id": "24062D290"}}, {"type": "Feature", "geometry": {"type": "Point", "coordinates": [4.7004893, 50.8739613]}, "properties": {"name": "Poescafé", "spot_type": "cafe", "is_eatery": true, "is_gastro": false, "is_retail": false, "is_transit": false, "is_office": false, "diet_vegan": false, "diet_vegetarian": false, "diet_glutenfree": false, "diet_halal": false, "unit_id": "24062A41-"}}, {"type": "Feature", "geometry": {"type": "Point", "coordinates": [4.6961141, 50.8622173]}, "properties": {"name": "Furbetto", "spot_type": null, "is_eatery": true, "is_gastro": true, "is_retail": false, "is_transit": false, "is_office": false, "diet_vegan": false, "diet_vegetarian": false, "diet_glutenfree": false, "diet_halal": false, "unit_id": "24062D03-"}}, {"type": "Feature", "geometry": {"type": "Point", "coordinates": [4.7256365, 50.8473206]}, "properties": {"name": "ekinops", "spot_type": null, "is_eatery": false, "is_gastro": false, "is_retail": false, "is_transit": false, "is_office": true, "diet_vegan": false, "diet_vegetarian": false, "diet_glutenfree": false, "diet_halal": false, "unit_id": "24062E774"}}, {"type": "Feature", "geometry": {"type": "Point", "coordinates": [4.7030378, 50.8794695]}, "properties": {"name": "O'Tacos", "spot_type": null, "is_eatery": true, "is_gastro": true, "is_retail": false, "is_transit": false, "is_office": false, "diet_vegan": false, "diet_vegetarian": false, "diet_glutenfree": false, "diet_halal": false, "unit_id": "24062A20-"}}, {"type": "Feature", "geometry": {"type": "Point", "coordinates": [4.7184358, 50.8856467]}, "properties": {"name": "Bar Baron", "spot_type": null, "is_eatery": true, "is_gastro": true, "is_retail": false, "is_transit": false, "is_office": false, "diet_vegan": false, "diet_vegetarian": false, "diet_glutenfree": false, "diet_halal": false, "unit_id": "24062C00-"}}, {"type": "Feature", "geometry": {"type": "Point", "coordinates": [4.7182768, 50.8853534]}, "properties": {"name": "Friet & Burger", "spot_type": null, "is_eatery": true, "is_gastro": true, "is_retail": false, "is_transit": false, "is_office": false, "diet_vegan": false, "diet_vegetarian": false, "diet_glutenfree": false, "diet_halal": false, "unit_id": "24062C00-"}}, {"type": "Feature", "geometry": {"type": "Point", "coordinates": [4.7181777, 50.8852118]}, "properties": {"name": "Bakkerij Het Brood", "spot_type": "bakery", "is_eatery": true, "is_gastro": false, "is_retail": false, "is_transit": false, "is_office": false, "diet_vegan": false, "diet_vegetarian": false, "diet_glutenfree": false, "diet_halal": false, "unit_id": "24062C00-"}}, {"type": "Feature", "geometry": {"type": "Point", "coordinates": [4.7189491, 50.8858381]}, "properties": {"name": "Moedertje Natuur", "spot_type": null, "is_eatery": false, "is_gastro": false, "is_retail": true, "is_transit": false, "is_office": false, "diet_vegan": false, "diet_vegetarian": false, "diet_glutenfree": false, "diet_halal": false, "unit_id": "24062C00-"}}, {"type": "Feature", "geometry": {"type": "Point", "coordinates": [4.7182484, 50.8853016]}, "properties": {"name": "Il Pastaio", "spot_type": null, "is_eatery": true, "is_gastro": true, "is_retail": false, "is_transit": false, "is_office": false, "diet_vegan": false, "diet_vegetarian": false, "diet_glutenfree": false, "diet_halal": false, "unit_id": "24062C00-"}}, {"type": "Feature", "geometry": {"type": "Point", "coordinates": [4.7011144, 50.8844294]}, "properties": {"name": "XLG Diensten Cheques", "spot_type": null, "is_eatery": false, "is_gastro": false, "is_retail": false, "is_transit": false, "is_office": true, "diet_vegan": false, "diet_vegetarian": false, "diet_glutenfree": false, "diet_halal": false, "unit_id": "24062A15-"}}, {"type": "Feature", "geometry": {"type": "Point", "coordinates": [4.7038669, 50.8773825]}, "properties": {"name": "SmokeyChef", "spot_type": null, "is_eatery": true, "is_gastro": true, "is_retail": false, "is_transit": false, "is_office": false, "diet_vegan": false, "diet_vegetarian": false, "diet_glutenfree": false, "diet_halal": false, "unit_id": "24062A30-"}}, {"type": "Feature", "geometry": {"type": "Point", "coordinates": [4.703748, 50.8774001]}, "properties": {"name": "Seoul South Station", "spot_type": null, "is_eatery": true, "is_gastro": true, "is_retail": false, "is_transit": false, "is_office": false, "diet_vegan": false, "diet_vegetarian": false, "diet_glutenfree": false, "diet_halal": false, "unit_id": "24062A02-"}}, {"type": "Feature", "geometry": {"type": "Point", "coordinates": [4.703827, 50.8774236]}, "properties": {"name": "Banh Mi Express", "spot_type": null, "is_eatery": true, "is_gastro": true, "is_retail": false, "is_transit": false, "is_office": false, "diet_vegan": false, "diet_vegetarian": false, "diet_glutenfree": false, "diet_halal": false, "unit_id": "24062A30-"}}, {"type": "Feature", "geometry": {"type": "Point", "coordinates": [4.7006508, 50.8773456]}, "properties": {"name": "Tabi Loo", "spot_type": null, "is_eatery": true, "is_gastro": true, "is_retail": false, "is_transit": false, "is_office": false, "diet_vegan": true, "diet_vegetarian": false, "diet_glutenfree": false, "diet_halal": false, "unit_id": "24062A02-"}}, {"type": "Feature", "geometry": {"type": "Point", "coordinates": [4.6994508, 50.8718401]}, "properties": {"name": "'t Studentje", "spot_type": null, "is_eatery": true, "is_gastro": true, "is_retail": false, "is_transit": false, "is_office": false, "diet_vegan": false, "diet_vegetarian": false, "diet_glutenfree": false, "diet_halal": false, "unit_id": "24062A40-"}}, {"type": "Feature", "geometry": {"type": "Point", "coordinates": [4.6994635, 50.8719116]}, "properties": {"name": "Jagat's Place", "spot_type": null, "is_eatery": true, "is_gastro": true, "is_retail": false, "is_transit": false, "is_office": false, "diet_vegan": false, "diet_vegetarian": false, "diet_glutenfree": false, "diet_halal": false, "unit_id": "24062A40-"}}, {"type": "Feature", "geometry": {"type": "Point", "coordinates": [4.6995078, 50.8809747]}, "properties": {"name": "Hokkaido Sushi", "spot_type": null, "is_eatery": true, "is_gastro": true, "is_retail": false, "is_transit": false, "is_office": false, "diet_vegan": false, "diet_vegetarian": false, "diet_glutenfree": false, "diet_halal": false, "unit_id": "24062A01-"}}, {"type": "Feature", "geometry": {"type": "Point", "coordinates": [4.6979707, 50.8800402]}, "properties": {"name": "Circle", "spot_type": null, "is_eatery": false, "is_gastro": false, "is_retail": true, "is_transit": false, "is_office": false, "diet_vegan": false, "diet_vegetarian": false, "diet_glutenfree": false, "diet_halal": false, "unit_id": "24062A01-"}}, {"type": "Feature", "geometry": {"type": "Point", "coordinates": [4.6905746, 50.8756775]}, "properties": {"name": "Xiang Xiang", "spot_type": null, "is_eatery": true, "is_gastro": true, "is_retail": false, "is_transit": false, "is_office": false, "diet_vegan": false, "diet_vegetarian": false, "diet_glutenfree": false, "diet_halal": false, "unit_id": "24062A52-"}}, {"type": "Feature", "geometry": {"type": "Point", "coordinates": [4.7215045, 50.9047861]}, "properties": {"name": "Brood & Banket", "spot_type": "bakery", "is_eatery": true, "is_gastro": false, "is_retail": false, "is_transit": false, "is_office": false, "diet_vegan": false, "diet_vegetarian": false, "diet_glutenfree": false, "diet_halal": false, "unit_id": "24062C50-"}}, {"type": "Feature", "geometry": {"type": "Point", "coordinates": [4.7296968, 50.8908612]}, "properties": {"name": "Sar Minimarket", "spot_type": null, "is_eatery": false, "is_gastro": false, "is_retail": true, "is_transit": false, "is_office": false, "diet_vegan": false, "diet_vegetarian": false, "diet_glutenfree": false, "diet_halal": false, "unit_id": "24062C10-"}}, {"type": "Feature", "geometry": {"type": "Point", "coordinates": [4.719254, 50.8859136]}, "properties": {"name": "Cirkl", "spot_type": null, "is_eatery": false, "is_gastro": false, "is_retail": true, "is_transit": false, "is_office": false, "diet_vegan": false, "diet_vegetarian": false, "diet_glutenfree": false, "diet_halal": false, "unit_id": "24062C00-"}}, {"type": "Feature", "geometry": {"type": "Point", "coordinates": [4.7180462, 50.8850308]}, "properties": {"name": "Tsuru Sushi", "spot_type": null, "is_eatery": true, "is_gastro": true, "is_retail": false, "is_transit": false, "is_office": false, "diet_vegan": false, "diet_vegetarian": false, "diet_glutenfree": false, "diet_halal": false, "unit_id": "24062C00-"}}, {"type": "Feature", "geometry": {"type": "Point", "coordinates": [4.7186934, 50.8847665]}, "properties": {"name": "Memorijs", "spot_type": null, "is_eatery": true, "is_gastro": true, "is_retail": false, "is_transit": false, "is_office": false, "diet_vegan": false, "diet_vegetarian": false, "diet_glutenfree": false, "diet_halal": false, "unit_id": "24062C00-"}}, {"type": "Feature", "geometry": {"type": "Point", "coordinates": [4.7181104, 50.8845369]}, "properties": {"name": "Nobu Sushi", "spot_type": null, "is_eatery": true, "is_gastro": true, "is_retail": false, "is_transit": false, "is_office": false, "diet_vegan": false, "diet_vegetarian": false, "diet_glutenfree": false, "diet_halal": false, "unit_id": "24062C00-"}}, {"type": "Feature", "geometry": {"type": "Point", "coordinates": [4.7163599, 50.8845154]}, "properties": {"name": "ERA Vandendries", "spot_type": null, "is_eatery": false, "is_gastro": false, "is_retail": false, "is_transit": false, "is_office": true, "diet_vegan": false, "diet_vegetarian": false, "diet_glutenfree": false, "diet_halal": false, "unit_id": "24062C00-"}}, {"type": "Feature", "geometry": {"type": "Point", "coordinates": [4.7026649, 50.882323]}, "properties": {"name": "TLHK bv", "spot_type": null, "is_eatery": false, "is_gastro": false, "is_retail": false, "is_transit": false, "is_office": true, "diet_vegan": false, "diet_vegetarian": false, "diet_glutenfree": false, "diet_halal": false, "unit_id": "24062A11-"}}, {"type": "Feature", "geometry": {"type": "Point", "coordinates": [4.7141528, 50.8829926]}, "properties": {"name": "Nitto EMEA NV", "spot_type": null, "is_eatery": false, "is_gastro": false, "is_retail": false, "is_transit": false, "is_office": true, "diet_vegan": false, "diet_vegetarian": false, "diet_glutenfree": false, "diet_halal": false, "unit_id": "24062A14-"}}, {"type": "Feature", "geometry": {"type": "Point", "coordinates": [4.7140756, 50.8832771]}, "properties": {"name": "Acerta", "spot_type": null, "is_eatery": false, "is_gastro": false, "is_retail": false, "is_transit": false, "is_office": true, "diet_vegan": false, "diet_vegetarian": false, "diet_glutenfree": false, "diet_halal": false, "unit_id": "24062A14-"}}, {"type": "Feature", "geometry": {"type": "Point", "coordinates": [4.7123121, 50.8806797]}, "properties": {"name": "Giraffe Leuven", "spot_type": null, "is_eatery": false, "is_gastro": false, "is_retail": true, "is_transit": false, "is_office": false, "diet_vegan": false, "diet_vegetarian": false, "diet_glutenfree": false, "diet_halal": false, "unit_id": "24062A20-"}}, {"type": "Feature", "geometry": {"type": "Point", "coordinates": [4.7115075, 50.8805471]}, "properties": {"name": "EssenCiel", "spot_type": null, "is_eatery": true, "is_gastro": true, "is_retail": false, "is_transit": false, "is_office": false, "diet_vegan": false, "diet_vegetarian": false, "diet_glutenfree": false, "diet_halal": false, "unit_id": "24062A20-"}}, {"type": "Feature", "geometry": {"type": "Point", "coordinates": [4.7087763, 50.8802881]}, "properties": {"name": "Marie Méro Concept Store", "spot_type": null, "is_eatery": false, "is_gastro": false, "is_retail": true, "is_transit": false, "is_office": false, "diet_vegan": false, "diet_vegetarian": false, "diet_glutenfree": false, "diet_halal": false, "unit_id": "24062A20-"}}, {"type": "Feature", "geometry": {"type": "Point", "coordinates": [4.7092907, 50.8801811]}, "properties": {"name": "Lingerie Elly", "spot_type": null, "is_eatery": false, "is_gastro": false, "is_retail": true, "is_transit": false, "is_office": false, "diet_vegan": false, "diet_vegetarian": false, "diet_glutenfree": false, "diet_halal": false, "unit_id": "24062A20-"}}, {"type": "Feature", "geometry": {"type": "Point", "coordinates": [4.7086068, 50.880064]}, "properties": {"name": "C&A", "spot_type": null, "is_eatery": false, "is_gastro": false, "is_retail": true, "is_transit": false, "is_office": false, "diet_vegan": false, "diet_vegetarian": false, "diet_glutenfree": false, "diet_halal": false, "unit_id": "24062A20-"}}, {"type": "Feature", "geometry": {"type": "Point", "coordinates": [4.7058258, 50.8798005]}, "properties": {"name": "COVAS immo", "spot_type": null, "is_eatery": false, "is_gastro": false, "is_retail": false, "is_transit": false, "is_office": true, "diet_vegan": false, "diet_vegetarian": false, "diet_glutenfree": false, "diet_halal": false, "unit_id": "24062A20-"}}, {"type": "Feature", "geometry": {"type": "Point", "coordinates": [4.7054145, 50.8795113]}, "properties": {"name": "Fnac", "spot_type": null, "is_eatery": false, "is_gastro": false, "is_retail": true, "is_transit": false, "is_office": false, "diet_vegan": false, "diet_vegetarian": false, "diet_glutenfree": false, "diet_halal": false, "unit_id": "24062A20-"}}, {"type": "Feature", "geometry": {"type": "Point", "coordinates": [4.7006449, 50.8793376]}, "properties": {"name": "Rubens", "spot_type": "cafe", "is_eatery": true, "is_gastro": false, "is_retail": false, "is_transit": false, "is_office": false, "diet_vegan": false, "diet_vegetarian": false, "diet_glutenfree": false, "diet_halal": false, "unit_id": "24062A00-"}}, {"type": "Feature", "geometry": {"type": "Point", "coordinates": [4.7000712, 50.8788611]}, "properties": {"name": "Ali Baba", "spot_type": null, "is_eatery": true, "is_gastro": true, "is_retail": false, "is_transit": false, "is_office": false, "diet_vegan": false, "diet_vegetarian": false, "diet_glutenfree": false, "diet_halal": false, "unit_id": "24062A00-"}}, {"type": "Feature", "geometry": {"type": "Point", "coordinates": [4.6989981, 50.8782578]}, "properties": {"name": "Sushi Mama", "spot_type": null, "is_eatery": true, "is_gastro": true, "is_retail": false, "is_transit": false, "is_office": false, "diet_vegan": false, "diet_vegetarian": false, "diet_glutenfree": false, "diet_halal": false, "unit_id": "24062A00-"}}, {"type": "Feature", "geometry": {"type": "Point", "coordinates": [4.6993848, 50.8796615]}, "properties": {"name": "'t Natuurtje", "spot_type": null, "is_eatery": false, "is_gastro": false, "is_retail": true, "is_transit": false, "is_office": false, "diet_vegan": false, "diet_vegetarian": false, "diet_glutenfree": false, "diet_halal": false, "unit_id": "24062A01-"}}, {"type": "Feature", "geometry": {"type": "Point", "coordinates": [4.6980834, 50.8798017]}, "properties": {"name": "Asian Bowl", "spot_type": null, "is_eatery": true, "is_gastro": true, "is_retail": false, "is_transit": false, "is_office": false, "diet_vegan": false, "diet_vegetarian": false, "diet_glutenfree": false, "diet_halal": false, "unit_id": "24062A04-"}}, {"type": "Feature", "geometry": {"type": "Point", "coordinates": [4.6956544, 50.8805209]}, "properties": {"name": "Kathmandu", "spot_type": null, "is_eatery": false, "is_gastro": false, "is_retail": true, "is_transit": false, "is_office": false, "diet_vegan": false, "diet_vegetarian": false, "diet_glutenfree": false, "diet_halal": false, "unit_id": "24062A01-"}}, {"type": "Feature", "geometry": {"type": "Point", "coordinates": [4.7060509, 50.8958]}, "properties": {"name": "De Syndicus", "spot_type": null, "is_eatery": false, "is_gastro": false, "is_retail": false, "is_transit": false, "is_office": true, "diet_vegan": false, "diet_vegetarian": false, "diet_glutenfree": false, "diet_halal": false, "unit_id": "24062B300"}}, {"type": "Feature", "geometry": {"type": "Point", "coordinates": [4.7350972, 50.8852977]}, "properties": {"name": "Marnix Vastgoed", "spot_type": null, "is_eatery": false, "is_gastro": false, "is_retail": false, "is_transit": false, "is_office": true, "diet_vegan": false, "diet_vegetarian": false, "diet_glutenfree": false, "diet_halal": false, "unit_id": "24062C12-"}}, {"type": "Feature", "geometry": {"type": "Point", "coordinates": [4.6914039, 50.8746266]}, "properties": {"name": "TES Winkel", "spot_type": null, "is_eatery": false, "is_gastro": false, "is_retail": true, "is_transit": false, "is_office": false, "diet_vegan": false, "diet_vegetarian": false, "diet_glutenfree": false, "diet_halal": false, "unit_id": "24062A44-"}}, {"type": "Feature", "geometry": {"type": "Point", "coordinates": [4.6940949, 50.8805588]}, "properties": {"name": "Vanhemelryck Verzekeringen", "spot_type": null, "is_eatery": false, "is_gastro": false, "is_retail": false, "is_transit": false, "is_office": true, "diet_vegan": false, "diet_vegetarian": false, "diet_glutenfree": false, "diet_halal": false, "unit_id": "24062A04-"}}, {"type": "Feature", "geometry": {"type": "Point", "coordinates": [4.6939539, 50.8805696]}, "properties": {"name": "Leuvense Slagerij", "spot_type": null, "is_eatery": false, "is_gastro": false, "is_retail": true, "is_transit": false, "is_office": false, "diet_vegan": false, "diet_vegetarian": false, "diet_glutenfree": false, "diet_halal": false, "unit_id": "24062A04-"}}, {"type": "Feature", "geometry": {"type": "Point", "coordinates": [4.7246465, 50.8840947]}, "properties": {"name": "KBC Verzekeringen - Hans Van Hest", "spot_type": null, "is_eatery": false, "is_gastro": false, "is_retail": false, "is_transit": false, "is_office": true, "diet_vegan": false, "diet_vegetarian": false, "diet_glutenfree": false, "diet_halal": false, "unit_id": "24062C01-"}}, {"type": "Feature", "geometry": {"type": "Point", "coordinates": [4.7236451, 50.8842044]}, "properties": {"name": "Suske Smos", "spot_type": null, "is_eatery": true, "is_gastro": true, "is_retail": false, "is_transit": false, "is_office": false, "diet_vegan": false, "diet_vegetarian": false, "diet_glutenfree": false, "diet_halal": false, "unit_id": "24062C00-"}}, {"type": "Feature", "geometry": {"type": "Point", "coordinates": [4.6880765, 50.8547013]}, "properties": {"name": null, "spot_type": null, "is_eatery": false, "is_gastro": false, "is_retail": false, "is_transit": true, "is_office": false, "diet_vegan": false, "diet_vegetarian": false, "diet_glutenfree": false, "diet_halal": false, "unit_id": "24062D04-"}}, {"type": "Feature", "geometry": {"type": "Point", "coordinates": [4.7348659, 50.9001654]}, "properties": {"name": "Laermans Danny", "spot_type": "bakery", "is_eatery": true, "is_gastro": false, "is_retail": false, "is_transit": false, "is_office": false, "diet_vegan": false, "diet_vegetarian": false, "diet_glutenfree": false, "diet_halal": false, "unit_id": "24062C50-"}}, {"type": "Feature", "geometry": {"type": "Point", "coordinates": [4.7215556, 50.9047408]}, "properties": {"name": "'t Fijn Genoegen", "spot_type": null, "is_eatery": false, "is_gastro": false, "is_retail": true, "is_transit": false, "is_office": false, "diet_vegan": false, "diet_vegetarian": false, "diet_glutenfree": false, "diet_halal": false, "unit_id": "24062C50-"}}, {"type": "Feature", "geometry": {"type": "Point", "coordinates": [4.7258375, 50.8758132]}, "properties": {"name": "Gelis", "spot_type": "bakery", "is_eatery": true, "is_gastro": false, "is_retail": false, "is_transit": false, "is_office": false, "diet_vegan": false, "diet_vegetarian": false, "diet_glutenfree": false, "diet_halal": false, "unit_id": "24062C41-"}}, {"type": "Feature", "geometry": {"type": "Point", "coordinates": [4.7201096, 50.8761004]}, "properties": {"name": "Ice Monki", "spot_type": null, "is_eatery": true, "is_gastro": true, "is_retail": false, "is_transit": false, "is_office": false, "diet_vegan": false, "diet_vegetarian": false, "diet_glutenfree": false, "diet_halal": false, "unit_id": "24062C41-"}}, {"type": "Feature", "geometry": {"type": "Point", "coordinates": [4.7196221, 50.8780739]}, "properties": {"name": "New Maan", "spot_type": null, "is_eatery": true, "is_gastro": true, "is_retail": false, "is_transit": false, "is_office": false, "diet_vegan": false, "diet_vegetarian": false, "diet_glutenfree": false, "diet_halal": false, "unit_id": "24062C41-"}}, {"type": "Feature", "geometry": {"type": "Point", "coordinates": [4.7202015, 50.8839175]}, "properties": {"name": "Flavor of Asia", "spot_type": null, "is_eatery": false, "is_gastro": false, "is_retail": true, "is_transit": false, "is_office": false, "diet_vegan": false, "diet_vegetarian": false, "diet_glutenfree": false, "diet_halal": false, "unit_id": "24062C00-"}}, {"type": "Feature", "geometry": {"type": "Point", "coordinates": [4.7184557, 50.8837531]}, "properties": {"name": "Takeaway Hub", "spot_type": null, "is_eatery": false, "is_gastro": false, "is_retail": false, "is_transit": false, "is_office": true, "diet_vegan": false, "diet_vegetarian": false, "diet_glutenfree": false, "diet_halal": false, "unit_id": "24062C00-"}}, {"type": "Feature", "geometry": {"type": "Point", "coordinates": [4.7176948, 50.8837399]}, "properties": {"name": "Bouworde vzw", "spot_type": null, "is_eatery": false, "is_gastro": false, "is_retail": false, "is_transit": false, "is_office": true, "diet_vegan": false, "diet_vegetarian": false, "diet_glutenfree": false, "diet_halal": false, "unit_id": "24062C00-"}}, {"type": "Feature", "geometry": {"type": "Point", "coordinates": [4.7166092, 50.882864]}, "properties": {"name": "beweging.net", "spot_type": null, "is_eatery": false, "is_gastro": false, "is_retail": false, "is_transit": false, "is_office": true, "diet_vegan": false, "diet_vegetarian": false, "diet_glutenfree": false, "diet_halal": false, "unit_id": "24062C05-"}}, {"type": "Feature", "geometry": {"type": "Point", "coordinates": [4.716425, 50.8831239]}, "properties": {"name": "DVV Verzekeringen", "spot_type": null, "is_eatery": false, "is_gastro": false, "is_retail": false, "is_transit": false, "is_office": true, "diet_vegan": false, "diet_vegetarian": false, "diet_glutenfree": false, "diet_halal": false, "unit_id": "24062C00-"}}, {"type": "Feature", "geometry": {"type": "Point", "coordinates": [4.6916213, 50.8739704]}, "properties": {"name": "Altijd Mooi", "spot_type": null, "is_eatery": false, "is_gastro": false, "is_retail": true, "is_transit": false, "is_office": false, "diet_vegan": false, "diet_vegetarian": false, "diet_glutenfree": false, "diet_halal": false, "unit_id": "24062A44-"}}, {"type": "Feature", "geometry": {"type": "Point", "coordinates": [4.6913704, 50.8747016]}, "properties": {"name": "Nachtwinkel Naznin", "spot_type": null, "is_eatery": false, "is_gastro": false, "is_retail": true, "is_transit": false, "is_office": false, "diet_vegan": false, "diet_vegetarian": false, "diet_glutenfree": false, "diet_halal": false, "unit_id": "24062A44-"}}, {"type": "Feature", "geometry": {"type": "Point", "coordinates": [4.71347, 50.8834708]}, "properties": {"name": "Kunlabora NV", "spot_type": null, "is_eatery": false, "is_gastro": false, "is_retail": false, "is_transit": false, "is_office": true, "diet_vegan": false, "diet_vegetarian": false, "diet_glutenfree": false, "diet_halal": false, "unit_id": "24062A14-"}}, {"type": "Feature", "geometry": {"type": "Point", "coordinates": [4.669961, 50.8658858]}, "properties": {"name": null, "spot_type": null, "is_eatery": false, "is_gastro": false, "is_retail": false, "is_transit": true, "is_office": false, "diet_vegan": false, "diet_vegetarian": false, "diet_glutenfree": false, "diet_halal": false, "unit_id": "24062D591"}}, {"type": "Feature", "geometry": {"type": "Point", "coordinates": [4.6944426, 50.8658311]}, "properties": {"name": "Billycom", "spot_type": null, "is_eatery": false, "is_gastro": false, "is_retail": false, "is_transit": false, "is_office": true, "diet_vegan": false, "diet_vegetarian": false, "diet_glutenfree": false, "diet_halal": false, "unit_id": "24062D01-"}}, {"type": "Feature", "geometry": {"type": "Point", "coordinates": [4.7006176, 50.8767889]}, "properties": {"name": "Raffat", "spot_type": null, "is_eatery": true, "is_gastro": true, "is_retail": false, "is_transit": false, "is_office": false, "diet_vegan": false, "diet_vegetarian": false, "diet_glutenfree": false, "diet_halal": false, "unit_id": "24062A02-"}}, {"type": "Feature", "geometry": {"type": "Point", "coordinates": [4.6716569, 50.899443]}, "properties": {"name": "Bar Fit", "spot_type": "cafe", "is_eatery": true, "is_gastro": false, "is_retail": false, "is_transit": false, "is_office": false, "diet_vegan": false, "diet_vegetarian": false, "diet_glutenfree": false, "diet_halal": false, "unit_id": "24038A133"}}, {"type": "Feature", "geometry": {"type": "Point", "coordinates": [4.7007482, 50.877591]}, "properties": {"name": "KOTlink", "spot_type": null, "is_eatery": false, "is_gastro": false, "is_retail": false, "is_transit": false, "is_office": true, "diet_vegan": false, "diet_vegetarian": false, "diet_glutenfree": false, "diet_halal": false, "unit_id": "24062A02-"}}, {"type": "Feature", "geometry": {"type": "Point", "coordinates": [4.7006098, 50.8767425]}, "properties": {"name": "Tiflis", "spot_type": null, "is_eatery": true, "is_gastro": true, "is_retail": false, "is_transit": false, "is_office": false, "diet_vegan": false, "diet_vegetarian": false, "diet_glutenfree": false, "diet_halal": false, "unit_id": "24062A02-"}}, {"type": "Feature", "geometry": {"type": "Point", "coordinates": [4.6732037, 50.8811155]}, "properties": {"name": null, "spot_type": null, "is_eatery": false, "is_gastro": false, "is_retail": false, "is_transit": true, "is_office": false, "diet_vegan": false, "diet_vegetarian": false, "diet_glutenfree": false, "diet_halal": false, "unit_id": "24062A61-"}}, {"type": "Feature", "geometry": {"type": "Point", "coordinates": [4.6725055, 50.8623462]}, "properties": {"name": "VersaSense", "spot_type": null, "is_eatery": false, "is_gastro": false, "is_retail": false, "is_transit": false, "is_office": true, "diet_vegan": false, "diet_vegetarian": false, "diet_glutenfree": false, "diet_halal": false, "unit_id": "24062D410"}}, {"type": "Feature", "geometry": {"type": "Point", "coordinates": [4.6961567, 50.8632062]}, "properties": {"name": "Zenjoy", "spot_type": null, "is_eatery": false, "is_gastro": false, "is_retail": false, "is_transit": false, "is_office": true, "diet_vegan": false, "diet_vegetarian": false, "diet_glutenfree": false, "diet_halal": false, "unit_id": "24062D00-"}}, {"type": "Feature", "geometry": {"type": "Point", "coordinates": [4.6950254, 50.8631855]}, "properties": {"name": "Alexis Brusselmans", "spot_type": null, "is_eatery": false, "is_gastro": false, "is_retail": false, "is_transit": false, "is_office": true, "diet_vegan": false, "diet_vegetarian": false, "diet_glutenfree": false, "diet_halal": false, "unit_id": "24062D00-"}}, {"type": "Feature", "geometry": {"type": "Point", "coordinates": [4.7140979, 50.8727619]}, "properties": {"name": "(Full) Scale Architecten", "spot_type": null, "is_eatery": false, "is_gastro": false, "is_retail": false, "is_transit": false, "is_office": true, "diet_vegan": false, "diet_vegetarian": false, "diet_glutenfree": false, "diet_halal": false, "unit_id": "24062D10-"}}, {"type": "Feature", "geometry": {"type": "Point", "coordinates": [4.6920924, 50.8719463]}, "properties": {"name": "Leuven Kapucijnenvoer", "spot_type": null, "is_eatery": false, "is_gastro": false, "is_retail": false, "is_transit": true, "is_office": false, "diet_vegan": false, "diet_vegetarian": false, "diet_glutenfree": false, "diet_halal": false, "unit_id": "24062A44-"}}, {"type": "Feature", "geometry": {"type": "Point", "coordinates": [4.6986104, 50.8954176]}, "properties": {"name": "Sushi-Masago", "spot_type": null, "is_eatery": true, "is_gastro": true, "is_retail": false, "is_transit": false, "is_office": false, "diet_vegan": false, "diet_vegetarian": false, "diet_glutenfree": false, "diet_halal": false, "unit_id": "24062B32-"}}, {"type": "Feature", "geometry": {"type": "Point", "coordinates": [4.6991529, 50.8784228]}, "properties": {"name": "SUD SUD Bistro", "spot_type": null, "is_eatery": true, "is_gastro": true, "is_retail": false, "is_transit": false, "is_office": false, "diet_vegan": false, "diet_vegetarian": false, "diet_glutenfree": false, "diet_halal": false, "unit_id": "24062A00-"}}, {"type": "Feature", "geometry": {"type": "Point", "coordinates": [4.643167, 50.898148]}, "properties": {"name": "Schoolmakers", "spot_type": null, "is_eatery": false, "is_gastro": false, "is_retail": false, "is_transit": false, "is_office": true, "diet_vegan": false, "diet_vegetarian": false, "diet_glutenfree": false, "diet_halal": false, "unit_id": "24038B00-"}}, {"type": "Feature", "geometry": {"type": "Point", "coordinates": [4.7121603, 50.8671729]}, "properties": {"name": "Gim nv", "spot_type": null, "is_eatery": false, "is_gastro": false, "is_retail": false, "is_transit": false, "is_office": true, "diet_vegan": false, "diet_vegetarian": false, "diet_glutenfree": false, "diet_halal": false, "unit_id": "24062D19-"}}, {"type": "Feature", "geometry": {"type": "Point", "coordinates": [4.7004665, 50.8879498]}, "properties": {"name": "HOP Gastrobar", "spot_type": null, "is_eatery": true, "is_gastro": true, "is_retail": false, "is_transit": false, "is_office": false, "diet_vegan": false, "diet_vegetarian": false, "diet_glutenfree": false, "diet_halal": false, "unit_id": "24062A07-"}}, {"type": "Feature", "geometry": {"type": "Point", "coordinates": [4.7039755, 50.8775191]}, "properties": {"name": "Cafe Mont", "spot_type": "cafe", "is_eatery": true, "is_gastro": false, "is_retail": false, "is_transit": false, "is_office": false, "diet_vegan": true, "diet_vegetarian": false, "diet_glutenfree": false, "diet_halal": false, "unit_id": "24062A30-"}}, {"type": "Feature", "geometry": {"type": "Point", "coordinates": [4.6998596, 50.882545]}, "properties": {"name": "Comate Bv", "spot_type": null, "is_eatery": false, "is_gastro": false, "is_retail": false, "is_transit": false, "is_office": true, "diet_vegan": false, "diet_vegetarian": false, "diet_glutenfree": false, "diet_halal": false, "unit_id": "24062A11-"}}, {"type": "Feature", "geometry": {"type": "Point", "coordinates": [4.6858502, 50.8799927]}, "properties": {"name": "VRGT vzw", "spot_type": null, "is_eatery": false, "is_gastro": false, "is_retail": false, "is_transit": false, "is_office": true, "diet_vegan": false, "diet_vegetarian": false, "diet_glutenfree": false, "diet_halal": false, "unit_id": "24062A53-"}}, {"type": "Feature", "geometry": {"type": "Point", "coordinates": [4.6859833, 50.8799884]}, "properties": {"name": "VRGT vzw", "spot_type": null, "is_eatery": false, "is_gastro": false, "is_retail": false, "is_transit": false, "is_office": true, "diet_vegan": false, "diet_vegetarian": false, "diet_glutenfree": false, "diet_halal": false, "unit_id": "24062A53-"}}, {"type": "Feature", "geometry": {"type": "Point", "coordinates": [4.685453, 50.8800304]}, "properties": {"name": "Helan", "spot_type": null, "is_eatery": false, "is_gastro": false, "is_retail": false, "is_transit": false, "is_office": true, "diet_vegan": false, "diet_vegetarian": false, "diet_glutenfree": false, "diet_halal": false, "unit_id": "24062A53-"}}, {"type": "Feature", "geometry": {"type": "Point", "coordinates": [4.6849233, 50.8800025]}, "properties": {"name": "Wit-Gele Kruis", "spot_type": null, "is_eatery": false, "is_gastro": false, "is_retail": false, "is_transit": false, "is_office": true, "diet_vegan": false, "diet_vegetarian": false, "diet_glutenfree": false, "diet_halal": false, "unit_id": "24062A53-"}}, {"type": "Feature", "geometry": {"type": "Point", "coordinates": [4.7066196, 50.8804635]}, "properties": {"name": "IzyCoffee", "spot_type": "cafe", "is_eatery": true, "is_gastro": false, "is_retail": false, "is_transit": false, "is_office": false, "diet_vegan": false, "diet_vegetarian": false, "diet_glutenfree": false, "diet_halal": false, "unit_id": "24062A10-"}}, {"type": "Feature", "geometry": {"type": "Point", "coordinates": [4.7086532, 50.8751609]}, "properties": {"name": "Food Central", "spot_type": null, "is_eatery": true, "is_gastro": true, "is_retail": false, "is_transit": false, "is_office": false, "diet_vegan": false, "diet_vegetarian": false, "diet_glutenfree": false, "diet_halal": false, "unit_id": "24062A35-"}}, {"type": "Feature", "geometry": {"type": "Point", "coordinates": [4.732049, 50.8979432]}, "properties": {"name": "Bar blom", "spot_type": "cafe", "is_eatery": true, "is_gastro": false, "is_retail": false, "is_transit": false, "is_office": false, "diet_vegan": false, "diet_vegetarian": false, "diet_glutenfree": false, "diet_halal": false, "unit_id": "24062C50-"}}, {"type": "Feature", "geometry": {"type": "Point", "coordinates": [4.7121057, 50.867268]}, "properties": {"name": "McSquare", "spot_type": null, "is_eatery": false, "is_gastro": false, "is_retail": false, "is_transit": false, "is_office": true, "diet_vegan": false, "diet_vegetarian": false, "diet_glutenfree": false, "diet_halal": false, "unit_id": "24062D19-"}}, {"type": "Feature", "geometry": {"type": "Point", "coordinates": [4.7215145, 50.8556882]}, "properties": {"name": "Heverlee Sint-Albertus College", "spot_type": null, "is_eatery": false, "is_gastro": false, "is_retail": false, "is_transit": true, "is_office": false, "diet_vegan": false, "diet_vegetarian": false, "diet_glutenfree": false, "diet_halal": false, "unit_id": "24062E774"}}, {"type": "Feature", "geometry": {"type": "Point", "coordinates": [4.6949427, 50.8560177]}, "properties": {"name": "Spar", "spot_type": null, "is_eatery": false, "is_gastro": false, "is_retail": true, "is_transit": false, "is_office": false, "diet_vegan": false, "diet_vegetarian": false, "diet_glutenfree": false, "diet_halal": false, "unit_id": "24062D03-"}}, {"type": "Feature", "geometry": {"type": "Point", "coordinates": [4.68825, 50.8546]}, "properties": {"name": "Heverlee Woudlucht", "spot_type": null, "is_eatery": false, "is_gastro": false, "is_retail": false, "is_transit": true, "is_office": false, "diet_vegan": false, "diet_vegetarian": false, "diet_glutenfree": false, "diet_halal": false, "unit_id": "24062D04-"}}, {"type": "Feature", "geometry": {"type": "Point", "coordinates": [4.6957085, 50.8608152]}, "properties": {"name": "Roderburg", "spot_type": null, "is_eatery": false, "is_gastro": false, "is_retail": true, "is_transit": false, "is_office": false, "diet_vegan": false, "diet_vegetarian": false, "diet_glutenfree": false, "diet_halal": false, "unit_id": "24062D03-"}}, {"type": "Feature", "geometry": {"type": "Point", "coordinates": [4.6712816, 50.8734764]}, "properties": {"name": "Vandeput & De Windt BVBA", "spot_type": null, "is_eatery": false, "is_gastro": false, "is_retail": false, "is_transit": false, "is_office": true, "diet_vegan": false, "diet_vegetarian": false, "diet_glutenfree": false, "diet_halal": false, "unit_id": "24062D61-"}}, {"type": "Feature", "geometry": {"type": "Point", "coordinates": [4.6404228, 50.8424002]}, "properties": {"name": "Frituur De Nieuw Route", "spot_type": null, "is_eatery": true, "is_gastro": true, "is_retail": false, "is_transit": false, "is_office": false, "diet_vegan": false, "diet_vegetarian": false, "diet_glutenfree": false, "diet_halal": false, "unit_id": "24009B00-"}}, {"type": "Feature", "geometry": {"type": "Point", "coordinates": [4.6958813, 50.8658087]}, "properties": {"name": "Canadian Munchies", "spot_type": null, "is_eatery": true, "is_gastro": true, "is_retail": false, "is_transit": false, "is_office": false, "diet_vegan": false, "diet_vegetarian": false, "diet_glutenfree": false, "diet_halal": false, "unit_id": "24062D00-"}}, {"type": "Feature", "geometry": {"type": "Point", "coordinates": [4.6975748, 50.8759522]}, "properties": {"name": "Soigneur", "spot_type": "cafe", "is_eatery": true, "is_gastro": false, "is_retail": false, "is_transit": false, "is_office": false, "diet_vegan": false, "diet_vegetarian": false, "diet_glutenfree": false, "diet_halal": false, "unit_id": "24062A03-"}}, {"type": "Feature", "geometry": {"type": "Point", "coordinates": [4.6874852, 50.8750154]}, "properties": {"name": "Pleegzorg Vlaanderen", "spot_type": null, "is_eatery": false, "is_gastro": false, "is_retail": false, "is_transit": false, "is_office": true, "diet_vegan": false, "diet_vegetarian": false, "diet_glutenfree": false, "diet_halal": false, "unit_id": "24062A52-"}}, {"type": "Feature", "geometry": {"type": "Point", "coordinates": [4.6876553, 50.8750008]}, "properties": {"name": "Expertisecentrum De Bakermat", "spot_type": null, "is_eatery": false, "is_gastro": false, "is_retail": false, "is_transit": false, "is_office": true, "diet_vegan": false, "diet_vegetarian": false, "diet_glutenfree": false, "diet_halal": false, "unit_id": "24062A52-"}}, {"type": "Feature", "geometry": {"type": "Point", "coordinates": [4.6878614, 50.8749813]}, "properties": {"name": "Child & Youth Institute KU Leuven", "spot_type": null, "is_eatery": false, "is_gastro": false, "is_retail": false, "is_transit": false, "is_office": true, "diet_vegan": false, "diet_vegetarian": false, "diet_glutenfree": false, "diet_halal": false, "unit_id": "24062A52-"}}, {"type": "Feature", "geometry": {"type": "Point", "coordinates": [4.6878743, 50.8750439]}, "properties": {"name": "Vlaamse Wetenschappelijke Vereniging voor Jeugdgezondheidszorg", "spot_type": null, "is_eatery": false, "is_gastro": false, "is_retail": false, "is_transit": false, "is_office": true, "diet_vegan": false, "diet_vegetarian": false, "diet_glutenfree": false, "diet_halal": false, "unit_id": "24062A52-"}}, {"type": "Feature", "geometry": {"type": "Point", "coordinates": [4.6878859, 50.8751065]}, "properties": {"name": "CGG Vlaams -Brabant Oost", "spot_type": null, "is_eatery": false, "is_gastro": false, "is_retail": false, "is_transit": false, "is_office": true, "diet_vegan": false, "diet_vegetarian": false, "diet_glutenfree": false, "diet_halal": false, "unit_id": "24062A52-"}}, {"type": "Feature", "geometry": {"type": "Point", "coordinates": [4.6878872, 50.875161]}, "properties": {"name": "Centrum voor Ontwikkelingsstoornissen Leuven-Limburg", "spot_type": null, "is_eatery": false, "is_gastro": false, "is_retail": false, "is_transit": false, "is_office": true, "diet_vegan": false, "diet_vegetarian": false, "diet_glutenfree": false, "diet_halal": false, "unit_id": "24062A52-"}}, {"type": "Feature", "geometry": {"type": "Point", "coordinates": [4.677507, 50.8840893]}, "properties": {"name": "Pleegzorg Vlaams-Brabant en Brussel", "spot_type": null, "is_eatery": false, "is_gastro": false, "is_retail": false, "is_transit": false, "is_office": true, "diet_vegan": false, "diet_vegetarian": false, "diet_glutenfree": false, "diet_halal": false, "unit_id": "24062A61-"}}, {"type": "Feature", "geometry": {"type": "Point", "coordinates": [4.7037524, 50.877672]}, "properties": {"name": "kafei", "spot_type": "cafe", "is_eatery": true, "is_gastro": false, "is_retail": false, "is_transit": false, "is_office": false, "diet_vegan": false, "diet_vegetarian": false, "diet_glutenfree": false, "diet_halal": false, "unit_id": "24062A30-"}}, {"type": "Feature", "geometry": {"type": "Point", "coordinates": [4.7006624, 50.8785792]}, "properties": {"name": "Syus Housing", "spot_type": null, "is_eatery": false, "is_gastro": false, "is_retail": false, "is_transit": false, "is_office": true, "diet_vegan": false, "diet_vegetarian": false, "diet_glutenfree": false, "diet_halal": false, "unit_id": "24062A00-"}}, {"type": "Feature", "geometry": {"type": "Point", "coordinates": [4.6984394, 50.8834908]}, "properties": {"name": "La Stanza", "spot_type": null, "is_eatery": true, "is_gastro": true, "is_retail": false, "is_transit": false, "is_office": false, "diet_vegan": false, "diet_vegetarian": false, "diet_glutenfree": false, "diet_halal": false, "unit_id": "24062A01-"}}, {"type": "Feature", "geometry": {"type": "Point", "coordinates": [4.7016093, 50.8810958]}, "properties": {"name": "Bubble Tea Shop T'more enjoy", "spot_type": null, "is_eatery": true, "is_gastro": true, "is_retail": false, "is_transit": false, "is_office": false, "diet_vegan": false, "diet_vegetarian": false, "diet_glutenfree": false, "diet_halal": false, "unit_id": "24062A01-"}}, {"type": "Feature", "geometry": {"type": "Point", "coordinates": [4.669788, 50.8863879]}, "properties": {"name": "Delhaize Shop & Go", "spot_type": null, "is_eatery": false, "is_gastro": false, "is_retail": true, "is_transit": false, "is_office": false, "diet_vegan": false, "diet_vegetarian": false, "diet_glutenfree": false, "diet_halal": false, "unit_id": "24038A22-"}}, {"type": "Feature", "geometry": {"type": "Point", "coordinates": [4.7049563, 50.8771592]}, "properties": {"name": "Pain Louvain", "spot_type": "bakery", "is_eatery": true, "is_gastro": false, "is_retail": false, "is_transit": false, "is_office": false, "diet_vegan": false, "diet_vegetarian": false, "diet_glutenfree": false, "diet_halal": false, "unit_id": "24062A30-"}}, {"type": "Feature", "geometry": {"type": "Point", "coordinates": [4.7201481, 50.872458]}, "properties": {"name": "Malhi Nachtwinkel", "spot_type": null, "is_eatery": false, "is_gastro": false, "is_retail": true, "is_transit": false, "is_office": false, "diet_vegan": false, "diet_vegetarian": false, "diet_glutenfree": false, "diet_halal": false, "unit_id": "24062C41-"}}, {"type": "Feature", "geometry": {"type": "Point", "coordinates": [4.7087481, 50.8782298]}, "properties": {"name": "Piano A", "spot_type": null, "is_eatery": true, "is_gastro": true, "is_retail": false, "is_transit": false, "is_office": false, "diet_vegan": false, "diet_vegetarian": false, "diet_glutenfree": false, "diet_halal": false, "unit_id": "24062A31-"}}, {"type": "Feature", "geometry": {"type": "Point", "coordinates": [4.7039786, 50.8771999]}, "properties": {"name": "Piano B", "spot_type": null, "is_eatery": true, "is_gastro": true, "is_retail": false, "is_transit": false, "is_office": false, "diet_vegan": false, "diet_vegetarian": false, "diet_glutenfree": false, "diet_halal": false, "unit_id": "24062A02-"}}, {"type": "Feature", "geometry": {"type": "Point", "coordinates": [4.7044675, 50.8885346]}, "properties": {"name": "Leuven Engels Plein", "spot_type": null, "is_eatery": false, "is_gastro": false, "is_retail": false, "is_transit": true, "is_office": false, "diet_vegan": false, "diet_vegetarian": false, "diet_glutenfree": false, "diet_halal": false, "unit_id": "24062B37-"}}, {"type": "Feature", "geometry": {"type": "Point", "coordinates": [4.66389, 50.9123053]}, "properties": {"name": "Herent Tildonksesteenweg", "spot_type": null, "is_eatery": false, "is_gastro": false, "is_retail": false, "is_transit": true, "is_office": false, "diet_vegan": false, "diet_vegetarian": false, "diet_glutenfree": false, "diet_halal": false, "unit_id": "24038A0AA"}}, {"type": "Feature", "geometry": {"type": "Point", "coordinates": [4.6653, 50.912194]}, "properties": {"name": "Herent Tildonksesteenweg", "spot_type": null, "is_eatery": false, "is_gastro": false, "is_retail": false, "is_transit": true, "is_office": false, "diet_vegan": false, "diet_vegetarian": false, "diet_glutenfree": false, "diet_halal": false, "unit_id": "24038A022"}}, {"type": "Feature", "geometry": {"type": "Point", "coordinates": [4.6902206, 50.8715564]}, "properties": {"name": "Leuven Kapucijnenvoer", "spot_type": null, "is_eatery": false, "is_gastro": false, "is_retail": false, "is_transit": true, "is_office": false, "diet_vegan": false, "diet_vegetarian": false, "diet_glutenfree": false, "diet_halal": false, "unit_id": "24062D410"}}, {"type": "Feature", "geometry": {"type": "Point", "coordinates": [4.726719, 50.86884]}, "properties": {"name": "Leuven Korbeek-Lostraat", "spot_type": null, "is_eatery": false, "is_gastro": false, "is_retail": false, "is_transit": true, "is_office": false, "diet_vegan": false, "diet_vegetarian": false, "diet_glutenfree": false, "diet_halal": false, "unit_id": "24062E70-"}}, {"type": "Feature", "geometry": {"type": "Point", "coordinates": [4.7322531, 50.8671795]}, "properties": {"name": "Leuven Ziekelingenstraat", "spot_type": null, "is_eatery": false, "is_gastro": false, "is_retail": false, "is_transit": true, "is_office": false, "diet_vegan": false, "diet_vegetarian": false, "diet_glutenfree": false, "diet_halal": false, "unit_id": "24062E72-"}}, {"type": "Feature", "geometry": {"type": "Point", "coordinates": [4.73241, 50.867053]}, "properties": {"name": "Leuven Ziekelingenstraat", "spot_type": null, "is_eatery": false, "is_gastro": false, "is_retail": false, "is_transit": true, "is_office": false, "diet_vegan": false, "diet_vegetarian": false, "diet_glutenfree": false, "diet_halal": false, "unit_id": "24062E72-"}}, {"type": "Feature", "geometry": {"type": "Point", "coordinates": [4.6762547, 50.9101663]}, "properties": {"name": "Herent Onze-Lieve-Vrouwstraat", "spot_type": null, "is_eatery": false, "is_gastro": false, "is_retail": false, "is_transit": true, "is_office": false, "diet_vegan": false, "diet_vegetarian": false, "diet_glutenfree": false, "diet_halal": false, "unit_id": "24038A011"}}, {"type": "Feature", "geometry": {"type": "Point", "coordinates": [4.67741, 50.909031]}, "properties": {"name": "Herent Onze-Lieve-Vrouwstraat", "spot_type": null, "is_eatery": false, "is_gastro": false, "is_retail": false, "is_transit": true, "is_office": false, "diet_vegan": false, "diet_vegetarian": false, "diet_glutenfree": false, "diet_halal": false, "unit_id": "24038A00-"}}, {"type": "Feature", "geometry": {"type": "Point", "coordinates": [4.701345, 50.8873091]}, "properties": {"name": "Leuven OPEK", "spot_type": null, "is_eatery": false, "is_gastro": false, "is_retail": false, "is_transit": true, "is_office": false, "diet_vegan": false, "diet_vegetarian": false, "diet_glutenfree": false, "diet_halal": false, "unit_id": "24062A07-"}}, {"type": "Feature", "geometry": {"type": "Point", "coordinates": [4.7012179, 50.8874204]}, "properties": {"name": "Leuven OPEK", "spot_type": null, "is_eatery": false, "is_gastro": false, "is_retail": false, "is_transit": true, "is_office": false, "diet_vegan": false, "diet_vegetarian": false, "diet_glutenfree": false, "diet_halal": false, "unit_id": "24062A07-"}}, {"type": "Feature", "geometry": {"type": "Point", "coordinates": [4.7393269, 50.8673985]}, "properties": {"name": "Leuven De Mol", "spot_type": null, "is_eatery": false, "is_gastro": false, "is_retail": false, "is_transit": true, "is_office": false, "diet_vegan": false, "diet_vegetarian": false, "diet_glutenfree": false, "diet_halal": false, "unit_id": "24062E732"}}, {"type": "Feature", "geometry": {"type": "Point", "coordinates": [4.6780722, 50.8689769]}, "properties": {"name": "Heverlee IJzerenmolenstraat", "spot_type": null, "is_eatery": false, "is_gastro": false, "is_retail": false, "is_transit": true, "is_office": false, "diet_vegan": false, "diet_vegetarian": false, "diet_glutenfree": false, "diet_halal": false, "unit_id": "24062D644"}}, {"type": "Feature", "geometry": {"type": "Point", "coordinates": [4.6778409, 50.8689782]}, "properties": {"name": "Heverlee IJzerenmolenstraat", "spot_type": null, "is_eatery": false, "is_gastro": false, "is_retail": false, "is_transit": true, "is_office": false, "diet_vegan": false, "diet_vegetarian": false, "diet_glutenfree": false, "diet_halal": false, "unit_id": "24062D644"}}, {"type": "Feature", "geometry": {"type": "Point", "coordinates": [4.6709581, 50.8656388]}, "properties": {"name": "Sirris", "spot_type": null, "is_eatery": false, "is_gastro": false, "is_retail": false, "is_transit": false, "is_office": true, "diet_vegan": false, "diet_vegetarian": false, "diet_glutenfree": false, "diet_halal": false, "unit_id": "24062D591"}}, {"type": "Feature", "geometry": {"type": "Point", "coordinates": [4.7035767, 50.8876869]}, "properties": {"name": "Madmum", "spot_type": "cafe", "is_eatery": true, "is_gastro": false, "is_retail": false, "is_transit": false, "is_office": false, "diet_vegan": false, "diet_vegetarian": true, "diet_glutenfree": false, "diet_halal": false, "unit_id": "24062A07-"}}, {"type": "Feature", "geometry": {"type": "Point", "coordinates": [4.7198787, 50.8987324]}, "properties": {"name": null, "spot_type": null, "is_eatery": false, "is_gastro": false, "is_retail": false, "is_transit": true, "is_office": false, "diet_vegan": false, "diet_vegetarian": false, "diet_glutenfree": false, "diet_halal": false, "unit_id": "24062C51-"}}, {"type": "Feature", "geometry": {"type": "Point", "coordinates": [4.7206595, 50.8989198]}, "properties": {"name": null, "spot_type": null, "is_eatery": false, "is_gastro": false, "is_retail": false, "is_transit": true, "is_office": false, "diet_vegan": false, "diet_vegetarian": false, "diet_glutenfree": false, "diet_halal": false, "unit_id": "24062C51-"}}, {"type": "Feature", "geometry": {"type": "Point", "coordinates": [4.7560247, 50.8763604]}, "properties": {"name": null, "spot_type": null, "is_eatery": false, "is_gastro": false, "is_retail": false, "is_transit": true, "is_office": false, "diet_vegan": false, "diet_vegetarian": false, "diet_glutenfree": false, "diet_halal": false, "unit_id": "24062C39-"}}, {"type": "Feature", "geometry": {"type": "Point", "coordinates": [4.7215738, 50.85566]}, "properties": {"name": null, "spot_type": null, "is_eatery": false, "is_gastro": false, "is_retail": false, "is_transit": true, "is_office": false, "diet_vegan": false, "diet_vegetarian": false, "diet_glutenfree": false, "diet_halal": false, "unit_id": "24062E774"}}, {"type": "Feature", "geometry": {"type": "Point", "coordinates": [4.7572468, 50.9213647]}, "properties": {"name": null, "spot_type": null, "is_eatery": false, "is_gastro": false, "is_retail": false, "is_transit": true, "is_office": false, "diet_vegan": false, "diet_vegetarian": false, "diet_glutenfree": false, "diet_halal": false, "unit_id": "24043A00-"}}, {"type": "Feature", "geometry": {"type": "Point", "coordinates": [4.7269315, 50.8492323]}, "properties": {"name": null, "spot_type": null, "is_eatery": false, "is_gastro": false, "is_retail": false, "is_transit": true, "is_office": false, "diet_vegan": false, "diet_vegetarian": false, "diet_glutenfree": false, "diet_halal": false, "unit_id": "24062E774"}}, {"type": "Feature", "geometry": {"type": "Point", "coordinates": [4.7301165, 50.8754977]}, "properties": {"name": "Welkom", "spot_type": null, "is_eatery": true, "is_gastro": true, "is_retail": false, "is_transit": false, "is_office": false, "diet_vegan": false, "diet_vegetarian": false, "diet_glutenfree": false, "diet_halal": false, "unit_id": "24062C41-"}}, {"type": "Feature", "geometry": {"type": "Point", "coordinates": [4.7042008, 50.8792561]}, "properties": {"name": "Marrakech Olive", "spot_type": null, "is_eatery": false, "is_gastro": false, "is_retail": true, "is_transit": false, "is_office": false, "diet_vegan": false, "diet_vegetarian": false, "diet_glutenfree": false, "diet_halal": false, "unit_id": "24062A20-"}}, {"type": "Feature", "geometry": {"type": "Point", "coordinates": [4.708612, 50.8757255]}, "properties": {"name": "Thai Time", "spot_type": null, "is_eatery": true, "is_gastro": true, "is_retail": false, "is_transit": false, "is_office": false, "diet_vegan": false, "diet_vegetarian": false, "diet_glutenfree": false, "diet_halal": false, "unit_id": "24062A30-"}}, {"type": "Feature", "geometry": {"type": "Point", "coordinates": [4.7060001, 50.8803673]}, "properties": {"name": "Brown Betty", "spot_type": null, "is_eatery": false, "is_gastro": false, "is_retail": true, "is_transit": false, "is_office": false, "diet_vegan": false, "diet_vegetarian": false, "diet_glutenfree": false, "diet_halal": false, "unit_id": "24062A10-"}}, {"type": "Feature", "geometry": {"type": "Point", "coordinates": [4.704623, 50.8876411]}, "properties": {"name": "Florida Food Bar", "spot_type": null, "is_eatery": true, "is_gastro": true, "is_retail": false, "is_transit": false, "is_office": false, "diet_vegan": false, "diet_vegetarian": false, "diet_glutenfree": false, "diet_halal": false, "unit_id": "24062A07-"}}, {"type": "Feature", "geometry": {"type": "Point", "coordinates": [4.7030158, 50.886825]}, "properties": {"name": "Animo", "spot_type": null, "is_eatery": false, "is_gastro": false, "is_retail": false, "is_transit": false, "is_office": true, "diet_vegan": false, "diet_vegetarian": false, "diet_glutenfree": false, "diet_halal": false, "unit_id": "24062A07-"}}, {"type": "Feature", "geometry": {"type": "Point", "coordinates": [4.7037662, 50.8865342]}, "properties": {"name": "Raak Design studio", "spot_type": null, "is_eatery": false, "is_gastro": false, "is_retail": false, "is_transit": false, "is_office": true, "diet_vegan": false, "diet_vegetarian": false, "diet_glutenfree": false, "diet_halal": false, "unit_id": "24062A07-"}}, {"type": "Feature", "geometry": {"type": "Point", "coordinates": [4.7466108, 50.8784472]}, "properties": {"name": "Blended Minds", "spot_type": "cafe", "is_eatery": true, "is_gastro": false, "is_retail": false, "is_transit": false, "is_office": false, "diet_vegan": false, "diet_vegetarian": false, "diet_glutenfree": false, "diet_halal": false, "unit_id": "24062C32-"}}, {"type": "Feature", "geometry": {"type": "Point", "coordinates": [4.6950009, 50.8805881]}, "properties": {"name": "H Foods", "spot_type": null, "is_eatery": false, "is_gastro": false, "is_retail": true, "is_transit": false, "is_office": false, "diet_vegan": false, "diet_vegetarian": false, "diet_glutenfree": false, "diet_halal": false, "unit_id": "24062A01-"}}, {"type": "Feature", "geometry": {"type": "Point", "coordinates": [4.7014704, 50.8881575]}, "properties": {"name": "Syncura Syndic Leuven", "spot_type": null, "is_eatery": false, "is_gastro": false, "is_retail": false, "is_transit": false, "is_office": true, "diet_vegan": false, "diet_vegetarian": false, "diet_glutenfree": false, "diet_halal": false, "unit_id": "24062A07-"}}, {"type": "Feature", "geometry": {"type": "Point", "coordinates": [4.7057383, 50.8868194]}, "properties": {"name": "AdSomeNoise", "spot_type": null, "is_eatery": false, "is_gastro": false, "is_retail": false, "is_transit": false, "is_office": true, "diet_vegan": false, "diet_vegetarian": false, "diet_glutenfree": false, "diet_halal": false, "unit_id": "24062A07-"}}, {"type": "Feature", "geometry": {"type": "Point", "coordinates": [4.7056624, 50.8864386]}, "properties": {"name": "Zappaz", "spot_type": null, "is_eatery": true, "is_gastro": true, "is_retail": false, "is_transit": false, "is_office": false, "diet_vegan": false, "diet_vegetarian": false, "diet_glutenfree": false, "diet_halal": false, "unit_id": "24062A07-"}}, {"type": "Feature", "geometry": {"type": "Point", "coordinates": [4.7018825, 50.8868745]}, "properties": {"name": "MEGA", "spot_type": null, "is_eatery": false, "is_gastro": false, "is_retail": false, "is_transit": false, "is_office": true, "diet_vegan": false, "diet_vegetarian": false, "diet_glutenfree": false, "diet_halal": false, "unit_id": "24062A07-"}}, {"type": "Feature", "geometry": {"type": "Point", "coordinates": [4.7076615, 50.8798565]}, "properties": {"name": "Nike", "spot_type": null, "is_eatery": false, "is_gastro": false, "is_retail": true, "is_transit": false, "is_office": false, "diet_vegan": false, "diet_vegetarian": false, "diet_glutenfree": false, "diet_halal": false, "unit_id": "24062A20-"}}, {"type": "Feature", "geometry": {"type": "Point", "coordinates": [4.7000958, 50.8801463]}, "properties": {"name": "GVE", "spot_type": null, "is_eatery": false, "is_gastro": false, "is_retail": false, "is_transit": false, "is_office": true, "diet_vegan": false, "diet_vegetarian": false, "diet_glutenfree": false, "diet_halal": false, "unit_id": "24062A01-"}}, {"type": "Feature", "geometry": {"type": "Point", "coordinates": [4.6811459, 50.8822317]}, "properties": {"name": null, "spot_type": null, "is_eatery": true, "is_gastro": true, "is_retail": false, "is_transit": false, "is_office": false, "diet_vegan": false, "diet_vegetarian": false, "diet_glutenfree": false, "diet_halal": false, "unit_id": "24062A61-"}}, {"type": "Feature", "geometry": {"type": "Point", "coordinates": [4.7179237, 50.8727637]}, "properties": {"name": "Piro's Pizza's & Kebabs", "spot_type": null, "is_eatery": true, "is_gastro": true, "is_retail": false, "is_transit": false, "is_office": false, "diet_vegan": false, "diet_vegetarian": true, "diet_glutenfree": false, "diet_halal": false, "unit_id": "24062D10-"}}, {"type": "Feature", "geometry": {"type": "Point", "coordinates": [4.7074105, 50.8780262]}, "properties": {"name": "Universiteitsarchief KU Leuven", "spot_type": null, "is_eatery": false, "is_gastro": false, "is_retail": false, "is_transit": false, "is_office": true, "diet_vegan": false, "diet_vegetarian": false, "diet_glutenfree": false, "diet_halal": false, "unit_id": "24062A23-"}}, {"type": "Feature", "geometry": {"type": "Point", "coordinates": [4.7272538, 50.8768432]}, "properties": {"name": "Ijsbar Sis", "spot_type": null, "is_eatery": true, "is_gastro": true, "is_retail": false, "is_transit": false, "is_office": false, "diet_vegan": false, "diet_vegetarian": false, "diet_glutenfree": false, "diet_halal": false, "unit_id": "24062C41-"}}, {"type": "Feature", "geometry": {"type": "Point", "coordinates": [4.7072588, 50.8759764]}, "properties": {"name": "Expertisecentrum TALENT", "spot_type": null, "is_eatery": false, "is_gastro": false, "is_retail": false, "is_transit": false, "is_office": true, "diet_vegan": false, "diet_vegetarian": false, "diet_glutenfree": false, "diet_halal": false, "unit_id": "24062A30-"}}, {"type": "Feature", "geometry": {"type": "Point", "coordinates": [4.7170369, 50.8729204]}, "properties": {"name": "Secret Closet", "spot_type": null, "is_eatery": false, "is_gastro": false, "is_retail": true, "is_transit": false, "is_office": false, "diet_vegan": false, "diet_vegetarian": false, "diet_glutenfree": false, "diet_halal": false, "unit_id": "24062D10-"}}, {"type": "Feature", "geometry": {"type": "Point", "coordinates": [4.7213306, 50.9124387]}, "properties": {"name": "Den ijscontainer", "spot_type": null, "is_eatery": true, "is_gastro": true, "is_retail": false, "is_transit": false, "is_office": false, "diet_vegan": false, "diet_vegetarian": false, "diet_glutenfree": false, "diet_halal": false, "unit_id": "24043A10-"}}, {"type": "Feature", "geometry": {"type": "Point", "coordinates": [4.6812152, 50.8612551]}, "properties": {"name": "Institute for Mobility KU Leuven", "spot_type": null, "is_eatery": false, "is_gastro": false, "is_retail": false, "is_transit": false, "is_office": true, "diet_vegan": false, "diet_vegetarian": false, "diet_glutenfree": false, "diet_halal": false, "unit_id": "24062D410"}}, {"type": "Feature", "geometry": {"type": "Point", "coordinates": [4.6956664, 50.8625154]}, "properties": {"name": "Frituur Station Heverlee", "spot_type": null, "is_eatery": true, "is_gastro": true, "is_retail": false, "is_transit": false, "is_office": false, "diet_vegan": false, "diet_vegetarian": true, "diet_glutenfree": false, "diet_halal": false, "unit_id": "24062D00-"}}, {"type": "Feature", "geometry": {"type": "Point", "coordinates": [4.698835, 50.8782547]}, "properties": {"name": "Food with Varinder", "spot_type": null, "is_eatery": true, "is_gastro": true, "is_retail": false, "is_transit": false, "is_office": false, "diet_vegan": false, "diet_vegetarian": true, "diet_glutenfree": false, "diet_halal": false, "unit_id": "24062A00-"}}, {"type": "Feature", "geometry": {"type": "Point", "coordinates": [4.6909475, 50.9133304]}, "properties": {"name": "'t is goe!", "spot_type": "cafe", "is_eatery": true, "is_gastro": false, "is_retail": false, "is_transit": false, "is_office": false, "diet_vegan": false, "diet_vegetarian": false, "diet_glutenfree": false, "diet_halal": false, "unit_id": "24038A082"}}, {"type": "Feature", "geometry": {"type": "Point", "coordinates": [4.7091912, 50.8801639]}, "properties": {"name": "Julius", "spot_type": "bakery", "is_eatery": true, "is_gastro": false, "is_retail": false, "is_transit": false, "is_office": false, "diet_vegan": false, "diet_vegetarian": false, "diet_glutenfree": false, "diet_halal": false, "unit_id": "24062A20-"}}, {"type": "Feature", "geometry": {"type": "Point", "coordinates": [4.7183868, 50.8484036]}, "properties": {"name": "Intermodalics", "spot_type": null, "is_eatery": false, "is_gastro": false, "is_retail": false, "is_transit": false, "is_office": true, "diet_vegan": false, "diet_vegetarian": false, "diet_glutenfree": false, "diet_halal": false, "unit_id": "24062E774"}}, {"type": "Feature", "geometry": {"type": "Point", "coordinates": [4.7186809, 50.8500121]}, "properties": {"name": "BioHub", "spot_type": null, "is_eatery": false, "is_gastro": false, "is_retail": false, "is_transit": false, "is_office": true, "diet_vegan": false, "diet_vegetarian": false, "diet_glutenfree": false, "diet_halal": false, "unit_id": "24062E774"}}, {"type": "Feature", "geometry": {"type": "Point", "coordinates": [4.7163038, 50.8466118]}, "properties": {"name": "3D systems (Layerwise - unit 4)", "spot_type": null, "is_eatery": false, "is_gastro": false, "is_retail": false, "is_transit": false, "is_office": true, "diet_vegan": false, "diet_vegetarian": false, "diet_glutenfree": false, "diet_halal": false, "unit_id": "24062E774"}}, {"type": "Feature", "geometry": {"type": "Point", "coordinates": [4.7185081, 50.8485309]}, "properties": {"name": "D2S international", "spot_type": null, "is_eatery": false, "is_gastro": false, "is_retail": false, "is_transit": false, "is_office": true, "diet_vegan": false, "diet_vegetarian": false, "diet_glutenfree": false, "diet_halal": false, "unit_id": "24062E774"}}, {"type": "Feature", "geometry": {"type": "Point", "coordinates": [4.7183357, 50.8483593]}, "properties": {"name": "InsPyro", "spot_type": null, "is_eatery": false, "is_gastro": false, "is_retail": false, "is_transit": false, "is_office": true, "diet_vegan": false, "diet_vegetarian": false, "diet_glutenfree": false, "diet_halal": false, "unit_id": "24062E774"}}, {"type": "Feature", "geometry": {"type": "Point", "coordinates": [4.7185605, 50.8485205]}, "properties": {"name": "Akron", "spot_type": null, "is_eatery": false, "is_gastro": false, "is_retail": false, "is_transit": false, "is_office": true, "diet_vegan": false, "diet_vegetarian": false, "diet_glutenfree": false, "diet_halal": false, "unit_id": "24062E774"}}, {"type": "Feature", "geometry": {"type": "Point", "coordinates": [4.6992257, 50.8787689]}, "properties": {"name": "Lalibela", "spot_type": null, "is_eatery": true, "is_gastro": true, "is_retail": false, "is_transit": false, "is_office": false, "diet_vegan": false, "diet_vegetarian": false, "diet_glutenfree": false, "diet_halal": false, "unit_id": "24062A00-"}}, {"type": "Feature", "geometry": {"type": "Point", "coordinates": [4.696239, 50.8649763]}, "properties": {"name": "We Invest", "spot_type": null, "is_eatery": false, "is_gastro": false, "is_retail": false, "is_transit": false, "is_office": true, "diet_vegan": false, "diet_vegetarian": false, "diet_glutenfree": false, "diet_halal": false, "unit_id": "24062D00-"}}, {"type": "Feature", "geometry": {"type": "Point", "coordinates": [4.7055844, 50.8784155]}, "properties": {"name": "Nirvana Kitchen", "spot_type": null, "is_eatery": true, "is_gastro": true, "is_retail": false, "is_transit": false, "is_office": false, "diet_vegan": false, "diet_vegetarian": false, "diet_glutenfree": false, "diet_halal": false, "unit_id": "24062A23-"}}, {"type": "Feature", "geometry": {"type": "Point", "coordinates": [4.7154456, 50.8735693]}, "properties": {"name": "Annapurna", "spot_type": null, "is_eatery": true, "is_gastro": true, "is_retail": false, "is_transit": false, "is_office": false, "diet_vegan": false, "diet_vegetarian": false, "diet_glutenfree": false, "diet_halal": false, "unit_id": "24062C40-"}}, {"type": "Feature", "geometry": {"type": "Point", "coordinates": [4.7076553, 50.8760322]}, "properties": {"name": "Bar Afrique", "spot_type": null, "is_eatery": true, "is_gastro": true, "is_retail": false, "is_transit": false, "is_office": false, "diet_vegan": false, "diet_vegetarian": false, "diet_glutenfree": false, "diet_halal": false, "unit_id": "24062A30-"}}, {"type": "Feature", "geometry": {"type": "Point", "coordinates": [4.7198484, 50.8836556]}, "properties": {"name": "Sare Bakkerij", "spot_type": "bakery", "is_eatery": true, "is_gastro": false, "is_retail": false, "is_transit": false, "is_office": false, "diet_vegan": false, "diet_vegetarian": false, "diet_glutenfree": false, "diet_halal": false, "unit_id": "24062C00-"}}, {"type": "Feature", "geometry": {"type": "Point", "coordinates": [4.7078448, 50.8808191]}, "properties": {"name": "Okaïdi", "spot_type": null, "is_eatery": false, "is_gastro": false, "is_retail": true, "is_transit": false, "is_office": false, "diet_vegan": false, "diet_vegetarian": false, "diet_glutenfree": false, "diet_halal": false, "unit_id": "24062A10-"}}, {"type": "Feature", "geometry": {"type": "Point", "coordinates": [4.7079494, 50.8808542]}, "properties": {"name": "ONLY", "spot_type": null, "is_eatery": false, "is_gastro": false, "is_retail": true, "is_transit": false, "is_office": false, "diet_vegan": false, "diet_vegetarian": false, "diet_glutenfree": false, "diet_halal": false, "unit_id": "24062A10-"}}, {"type": "Feature", "geometry": {"type": "Point", "coordinates": [4.7073244, 50.8806414]}, "properties": {"name": "Hunkemöller", "spot_type": null, "is_eatery": false, "is_gastro": false, "is_retail": true, "is_transit": false, "is_office": false, "diet_vegan": false, "diet_vegetarian": false, "diet_glutenfree": false, "diet_halal": false, "unit_id": "24062A10-"}}, {"type": "Feature", "geometry": {"type": "Point", "coordinates": [4.7529104, 50.8744136]}, "properties": {"name": "Alpaka", "spot_type": null, "is_eatery": false, "is_gastro": false, "is_retail": false, "is_transit": false, "is_office": true, "diet_vegan": false, "diet_vegetarian": false, "diet_glutenfree": false, "diet_halal": false, "unit_id": "24062C39-"}}, {"type": "Feature", "geometry": {"type": "Point", "coordinates": [4.7005029, 50.8780788]}, "properties": {"name": "KUp University Bar", "spot_type": "cafe", "is_eatery": true, "is_gastro": false, "is_retail": false, "is_transit": false, "is_office": false, "diet_vegan": false, "diet_vegetarian": false, "diet_glutenfree": false, "diet_halal": false, "unit_id": "24062A00-"}}, {"type": "Feature", "geometry": {"type": "Point", "coordinates": [4.726263, 50.8711892]}, "properties": {"name": "Deliway", "spot_type": null, "is_eatery": true, "is_gastro": true, "is_retail": false, "is_transit": false, "is_office": false, "diet_vegan": false, "diet_vegetarian": false, "diet_glutenfree": false, "diet_halal": false, "unit_id": "24062C42-"}}, {"type": "Feature", "geometry": {"type": "Point", "coordinates": [4.7224754, 50.8838863]}, "properties": {"name": "Hydroscan HQ", "spot_type": null, "is_eatery": false, "is_gastro": false, "is_retail": false, "is_transit": false, "is_office": true, "diet_vegan": false, "diet_vegetarian": false, "diet_glutenfree": false, "diet_halal": false, "unit_id": "24062C01-"}}, {"type": "Feature", "geometry": {"type": "Point", "coordinates": [4.7233386, 50.8462548]}, "properties": {"name": "Hikvision Belgium", "spot_type": null, "is_eatery": false, "is_gastro": false, "is_retail": false, "is_transit": false, "is_office": true, "diet_vegan": false, "diet_vegetarian": false, "diet_glutenfree": false, "diet_halal": false, "unit_id": "24062E774"}}, {"type": "Feature", "geometry": {"type": "Point", "coordinates": [4.7231044, 50.8453133]}, "properties": {"name": "Simac ICT Belgium", "spot_type": null, "is_eatery": false, "is_gastro": false, "is_retail": false, "is_transit": false, "is_office": true, "diet_vegan": false, "diet_vegetarian": false, "diet_glutenfree": false, "diet_halal": false, "unit_id": "24062E774"}}, {"type": "Feature", "geometry": {"type": "Point", "coordinates": [4.7063846, 50.8900896]}, "properties": {"name": "Chez Yf", "spot_type": null, "is_eatery": true, "is_gastro": true, "is_retail": false, "is_transit": false, "is_office": false, "diet_vegan": false, "diet_vegetarian": false, "diet_glutenfree": false, "diet_halal": false, "unit_id": "24062B37-"}}, {"type": "Feature", "geometry": {"type": "Point", "coordinates": [4.6596488, 50.8880884]}, "properties": {"name": "Pinguino", "spot_type": null, "is_eatery": true, "is_gastro": true, "is_retail": false, "is_transit": false, "is_office": false, "diet_vegan": false, "diet_vegetarian": false, "diet_glutenfree": false, "diet_halal": false, "unit_id": "24038B112"}}, {"type": "Feature", "geometry": {"type": "Point", "coordinates": [4.696106, 50.8618935]}, "properties": {"name": "ViaVia", "spot_type": null, "is_eatery": true, "is_gastro": true, "is_retail": false, "is_transit": false, "is_office": false, "diet_vegan": false, "diet_vegetarian": false, "diet_glutenfree": false, "diet_halal": false, "unit_id": "24062D03-"}}, {"type": "Feature", "geometry": {"type": "Point", "coordinates": [4.6961124, 50.8621203]}, "properties": {"name": "Siam", "spot_type": null, "is_eatery": true, "is_gastro": true, "is_retail": false, "is_transit": false, "is_office": false, "diet_vegan": false, "diet_vegetarian": true, "diet_glutenfree": false, "diet_halal": false, "unit_id": "24062D03-"}}, {"type": "Feature", "geometry": {"type": "Point", "coordinates": [4.6961738, 50.8628594]}, "properties": {"name": "Hinata Sushi", "spot_type": null, "is_eatery": true, "is_gastro": true, "is_retail": false, "is_transit": false, "is_office": false, "diet_vegan": false, "diet_vegetarian": true, "diet_glutenfree": false, "diet_halal": false, "unit_id": "24062D00-"}}, {"type": "Feature", "geometry": {"type": "Point", "coordinates": [4.6961862, 50.8636565]}, "properties": {"name": "Century 21 A-venue", "spot_type": null, "is_eatery": false, "is_gastro": false, "is_retail": false, "is_transit": false, "is_office": true, "diet_vegan": false, "diet_vegetarian": false, "diet_glutenfree": false, "diet_halal": false, "unit_id": "24062D00-"}}, {"type": "Feature", "geometry": {"type": "Point", "coordinates": [4.6961838, 50.8646765]}, "properties": {"name": "Oxfam", "spot_type": null, "is_eatery": false, "is_gastro": false, "is_retail": true, "is_transit": false, "is_office": false, "diet_vegan": false, "diet_vegetarian": false, "diet_glutenfree": false, "diet_halal": false, "unit_id": "24062D00-"}}, {"type": "Feature", "geometry": {"type": "Point", "coordinates": [4.6689975, 50.8436863]}, "properties": {"name": "Bakkerij Gielis", "spot_type": "bakery", "is_eatery": true, "is_gastro": false, "is_retail": false, "is_transit": false, "is_office": false, "diet_vegan": false, "diet_vegetarian": false, "diet_glutenfree": false, "diet_halal": false, "unit_id": "24086A000"}}, {"type": "Feature", "geometry": {"type": "Point", "coordinates": [4.6995303, 50.8809086]}, "properties": {"name": "Fellini", "spot_type": null, "is_eatery": true, "is_gastro": true, "is_retail": false, "is_transit": false, "is_office": false, "diet_vegan": false, "diet_vegetarian": false, "diet_glutenfree": false, "diet_halal": false, "unit_id": "24062A01-"}}, {"type": "Feature", "geometry": {"type": "Point", "coordinates": [4.6980384, 50.860626]}, "properties": {"name": "Nemrut", "spot_type": null, "is_eatery": true, "is_gastro": true, "is_retail": false, "is_transit": false, "is_office": false, "diet_vegan": false, "diet_vegetarian": true, "diet_glutenfree": false, "diet_halal": false, "unit_id": "24062D03-"}}, {"type": "Feature", "geometry": {"type": "Point", "coordinates": [4.6851333, 50.8733479]}, "properties": {"name": "Colruyt", "spot_type": null, "is_eatery": false, "is_gastro": false, "is_retail": true, "is_transit": false, "is_office": false, "diet_vegan": false, "diet_vegetarian": false, "diet_glutenfree": false, "diet_halal": false, "unit_id": "24062D644"}}, {"type": "Feature", "geometry": {"type": "Point", "coordinates": [4.6952085, 50.8471442]}, "properties": {"name": "Brasserie 500", "spot_type": null, "is_eatery": true, "is_gastro": true, "is_retail": false, "is_transit": false, "is_office": false, "diet_vegan": false, "diet_vegetarian": true, "diet_glutenfree": false, "diet_halal": false, "unit_id": "24062D310"}}, {"type": "Feature", "geometry": {"type": "Point", "coordinates": [4.7017154, 50.8699389]}, "properties": {"name": "Fidinvest", "spot_type": null, "is_eatery": false, "is_gastro": false, "is_retail": false, "is_transit": false, "is_office": true, "diet_vegan": false, "diet_vegetarian": false, "diet_glutenfree": false, "diet_halal": false, "unit_id": "24062A42-"}}, {"type": "Feature", "geometry": {"type": "Point", "coordinates": [4.7080715, 50.8799796]}, "properties": {"name": "Albert Heijn", "spot_type": null, "is_eatery": false, "is_gastro": false, "is_retail": true, "is_transit": false, "is_office": false, "diet_vegan": false, "diet_vegetarian": false, "diet_glutenfree": false, "diet_halal": false, "unit_id": "24062A20-"}}, {"type": "Feature", "geometry": {"type": "Point", "coordinates": [4.6973033, 50.9230239]}, "properties": {"name": "Beneo Remy NV", "spot_type": null, "is_eatery": false, "is_gastro": false, "is_retail": false, "is_transit": false, "is_office": true, "diet_vegan": false, "diet_vegetarian": false, "diet_glutenfree": false, "diet_halal": false, "unit_id": "24062F40-"}}, {"type": "Feature", "geometry": {"type": "Point", "coordinates": [4.7293344, 50.8467978]}, "properties": {"name": "Cegeka Leuven", "spot_type": null, "is_eatery": false, "is_gastro": false, "is_retail": false, "is_transit": false, "is_office": true, "diet_vegan": false, "diet_vegetarian": false, "diet_glutenfree": false, "diet_halal": false, "unit_id": "24062E774"}}, {"type": "Feature", "geometry": {"type": "Point", "coordinates": [4.6996161, 50.8713235]}, "properties": {"name": "Snackhuisje", "spot_type": null, "is_eatery": true, "is_gastro": true, "is_retail": false, "is_transit": false, "is_office": false, "diet_vegan": false, "diet_vegetarian": false, "diet_glutenfree": false, "diet_halal": false, "unit_id": "24062A42-"}}, {"type": "Feature", "geometry": {"type": "Point", "coordinates": [4.6995249, 50.8708213]}, "properties": {"name": "SKY Nachtwinkel", "spot_type": null, "is_eatery": false, "is_gastro": false, "is_retail": true, "is_transit": false, "is_office": false, "diet_vegan": false, "diet_vegetarian": false, "diet_glutenfree": false, "diet_halal": false, "unit_id": "24062A42-"}}, {"type": "Feature", "geometry": {"type": "Point", "coordinates": [4.6990868, 50.869134]}, "properties": {"name": "Manhattan Fresh Pizza", "spot_type": null, "is_eatery": true, "is_gastro": true, "is_retail": false, "is_transit": false, "is_office": false, "diet_vegan": false, "diet_vegetarian": false, "diet_glutenfree": false, "diet_halal": false, "unit_id": "24062A42-"}}, {"type": "Feature", "geometry": {"type": "Point", "coordinates": [4.6990007, 50.8690208]}, "properties": {"name": "Thamseku b.v", "spot_type": null, "is_eatery": false, "is_gastro": false, "is_retail": true, "is_transit": false, "is_office": false, "diet_vegan": false, "diet_vegetarian": false, "diet_glutenfree": false, "diet_halal": false, "unit_id": "24062A42-"}}, {"type": "Feature", "geometry": {"type": "Point", "coordinates": [4.6988688, 50.8688468]}, "properties": {"name": "De Peterman", "spot_type": null, "is_eatery": false, "is_gastro": false, "is_retail": false, "is_transit": false, "is_office": true, "diet_vegan": false, "diet_vegetarian": false, "diet_glutenfree": false, "diet_halal": false, "unit_id": "24062A42-"}}, {"type": "Feature", "geometry": {"type": "Point", "coordinates": [4.6993852, 50.8698776]}, "properties": {"name": "AXA", "spot_type": null, "is_eatery": false, "is_gastro": false, "is_retail": false, "is_transit": false, "is_office": true, "diet_vegan": false, "diet_vegetarian": false, "diet_glutenfree": false, "diet_halal": false, "unit_id": "24062A42-"}}, {"type": "Feature", "geometry": {"type": "Point", "coordinates": [4.7341926, 50.8824377]}, "properties": {"name": "Baan 7", "spot_type": "cafe", "is_eatery": true, "is_gastro": false, "is_retail": false, "is_transit": false, "is_office": false, "diet_vegan": false, "diet_vegetarian": false, "diet_glutenfree": false, "diet_halal": false, "unit_id": "24062C02-"}}, {"type": "Feature", "geometry": {"type": "Point", "coordinates": [4.706471, 50.87012]}, "properties": {"name": "Frietshop 't Parkske", "spot_type": null, "is_eatery": true, "is_gastro": true, "is_retail": false, "is_transit": false, "is_office": false, "diet_vegan": false, "diet_vegetarian": false, "diet_glutenfree": false, "diet_halal": false, "unit_id": "24062A42-"}}, {"type": "Feature", "geometry": {"type": "Point", "coordinates": [4.7026494, 50.8794982]}, "properties": {"name": "Holy Guaca Moly Burrito Shop", "spot_type": null, "is_eatery": true, "is_gastro": true, "is_retail": false, "is_transit": false, "is_office": false, "diet_vegan": false, "diet_vegetarian": false, "diet_glutenfree": false, "diet_halal": false, "unit_id": "24062A20-"}}, {"type": "Feature", "geometry": {"type": "Point", "coordinates": [4.7110363, 50.8804814]}, "properties": {"name": "Anticyclone des Açores", "spot_type": null, "is_eatery": false, "is_gastro": false, "is_retail": true, "is_transit": false, "is_office": false, "diet_vegan": false, "diet_vegetarian": false, "diet_glutenfree": false, "diet_halal": false, "unit_id": "24062A20-"}}, {"type": "Feature", "geometry": {"type": "Point", "coordinates": [4.6978902, 50.8685053]}, "properties": {"name": "Gus-ting", "spot_type": null, "is_eatery": true, "is_gastro": true, "is_retail": false, "is_transit": false, "is_office": false, "diet_vegan": false, "diet_vegetarian": false, "diet_glutenfree": false, "diet_halal": false, "unit_id": "24062D02-"}}, {"type": "Feature", "geometry": {"type": "Point", "coordinates": [4.7132539, 50.8834635]}, "properties": {"name": "KLJ & Groene Kring vzw", "spot_type": null, "is_eatery": false, "is_gastro": false, "is_retail": false, "is_transit": false, "is_office": true, "diet_vegan": false, "diet_vegetarian": false, "diet_glutenfree": false, "diet_halal": false, "unit_id": "24062A14-"}}, {"type": "Feature", "geometry": {"type": "Point", "coordinates": [4.7186911, 50.8800902]}, "properties": {"name": "Frituur Boem Patat", "spot_type": null, "is_eatery": true, "is_gastro": true, "is_retail": false, "is_transit": false, "is_office": false, "diet_vegan": false, "diet_vegetarian": false, "diet_glutenfree": false, "diet_halal": false, "unit_id": "24062C41-"}}, {"type": "Feature", "geometry": {"type": "Point", "coordinates": [4.7007406, 50.8871353]}, "properties": {"name": "Easi", "spot_type": null, "is_eatery": false, "is_gastro": false, "is_retail": false, "is_transit": false, "is_office": true, "diet_vegan": false, "diet_vegetarian": false, "diet_glutenfree": false, "diet_halal": false, "unit_id": "24062A07-"}}, {"type": "Feature", "geometry": {"type": "Point", "coordinates": [4.7040348, 50.8772317]}, "properties": {"name": "Thai House", "spot_type": null, "is_eatery": true, "is_gastro": true, "is_retail": false, "is_transit": false, "is_office": false, "diet_vegan": false, "diet_vegetarian": false, "diet_glutenfree": false, "diet_halal": false, "unit_id": "24062A02-"}}, {"type": "Feature", "geometry": {"type": "Point", "coordinates": [4.6986845, 50.878087]}, "properties": {"name": "Giuditta", "spot_type": null, "is_eatery": true, "is_gastro": true, "is_retail": false, "is_transit": false, "is_office": false, "diet_vegan": false, "diet_vegetarian": false, "diet_glutenfree": false, "diet_halal": false, "unit_id": "24062A00-"}}, {"type": "Feature", "geometry": {"type": "Point", "coordinates": [4.6933651, 50.8647025]}, "properties": {"name": "infocentrum VHM", "spot_type": null, "is_eatery": false, "is_gastro": false, "is_retail": false, "is_transit": false, "is_office": true, "diet_vegan": false, "diet_vegetarian": false, "diet_glutenfree": false, "diet_halal": false, "unit_id": "24062D00-"}}, {"type": "Feature", "geometry": {"type": "Point", "coordinates": [4.6845058, 50.8765504]}, "properties": {"name": "ERA Vandendries", "spot_type": null, "is_eatery": false, "is_gastro": false, "is_retail": false, "is_transit": false, "is_office": true, "diet_vegan": false, "diet_vegetarian": false, "diet_glutenfree": false, "diet_halal": false, "unit_id": "24062A52-"}}, {"type": "Feature", "geometry": {"type": "Point", "coordinates": [4.695191, 50.86368]}, "properties": {"name": "Heverlee Station", "spot_type": null, "is_eatery": false, "is_gastro": false, "is_retail": false, "is_transit": true, "is_office": false, "diet_vegan": false, "diet_vegetarian": false, "diet_glutenfree": false, "diet_halal": false, "unit_id": "24062D00-"}}, {"type": "Feature", "geometry": {"type": "Point", "coordinates": [4.6895173, 50.880998]}, "properties": {"name": "Pizza Sole Mio", "spot_type": null, "is_eatery": true, "is_gastro": true, "is_retail": false, "is_transit": false, "is_office": false, "diet_vegan": false, "diet_vegetarian": false, "diet_glutenfree": false, "diet_halal": false, "unit_id": "24062A53-"}}, {"type": "Feature", "geometry": {"type": "Point", "coordinates": [4.727314, 50.8845155]}, "properties": {"name": "Salt and Pepper", "spot_type": null, "is_eatery": true, "is_gastro": true, "is_retail": false, "is_transit": false, "is_office": false, "diet_vegan": false, "diet_vegetarian": false, "diet_glutenfree": false, "diet_halal": false, "unit_id": "24062C02-"}}, {"type": "Feature", "geometry": {"type": "Point", "coordinates": [4.6740443, 50.9063128]}, "properties": {"name": "Stoof Wood Fired Pizza", "spot_type": null, "is_eatery": true, "is_gastro": true, "is_retail": false, "is_transit": false, "is_office": false, "diet_vegan": false, "diet_vegetarian": false, "diet_glutenfree": false, "diet_halal": false, "unit_id": "24038A00-"}}, {"type": "Feature", "geometry": {"type": "Point", "coordinates": [4.6649859, 50.8609616]}, "properties": {"name": "Est", "spot_type": null, "is_eatery": true, "is_gastro": true, "is_retail": false, "is_transit": false, "is_office": false, "diet_vegan": false, "diet_vegetarian": false, "diet_glutenfree": false, "diet_halal": false, "unit_id": "24062D512"}}, {"type": "Feature", "geometry": {"type": "Point", "coordinates": [4.720877, 50.8836718]}, "properties": {"name": "Fietsencentrale", "spot_type": null, "is_eatery": false, "is_gastro": false, "is_retail": false, "is_transit": false, "is_office": true, "diet_vegan": false, "diet_vegetarian": false, "diet_glutenfree": false, "diet_halal": false, "unit_id": "24062C01-"}}, {"type": "Feature", "geometry": {"type": "Point", "coordinates": [4.7097291, 50.876402]}, "properties": {"name": "Medina Leuven", "spot_type": null, "is_eatery": true, "is_gastro": true, "is_retail": false, "is_transit": false, "is_office": false, "diet_vegan": false, "diet_vegetarian": false, "diet_glutenfree": false, "diet_halal": false, "unit_id": "24062A32-"}}, {"type": "Feature", "geometry": {"type": "Point", "coordinates": [4.7033686, 50.8794324]}, "properties": {"name": "Darza", "spot_type": null, "is_eatery": true, "is_gastro": true, "is_retail": false, "is_transit": false, "is_office": false, "diet_vegan": false, "diet_vegetarian": true, "diet_glutenfree": false, "diet_halal": false, "unit_id": "24062A20-"}}, {"type": "Feature", "geometry": {"type": "Point", "coordinates": [4.7292828, 50.879643]}, "properties": {"name": "Staf Leuven", "spot_type": null, "is_eatery": false, "is_gastro": false, "is_retail": false, "is_transit": false, "is_office": true, "diet_vegan": false, "diet_vegetarian": false, "diet_glutenfree": false, "diet_halal": false, "unit_id": "24062C44-"}}, {"type": "Feature", "geometry": {"type": "Point", "coordinates": [4.6948058, 50.8625719]}, "properties": {"name": "Het Seinhuis", "spot_type": null, "is_eatery": true, "is_gastro": true, "is_retail": false, "is_transit": false, "is_office": false, "diet_vegan": false, "diet_vegetarian": false, "diet_glutenfree": false, "diet_halal": false, "unit_id": "24062D00-"}}, {"type": "Feature", "geometry": {"type": "Point", "coordinates": [4.7009321, 50.8757483]}, "properties": {"name": "NEXT Leuven", "spot_type": null, "is_eatery": false, "is_gastro": false, "is_retail": false, "is_transit": false, "is_office": true, "diet_vegan": false, "diet_vegetarian": false, "diet_glutenfree": false, "diet_halal": false, "unit_id": "24062A02-"}}, {"type": "Feature", "geometry": {"type": "Point", "coordinates": [4.6976647, 50.8867557]}, "properties": {"name": "Ruimtevaart", "spot_type": null, "is_eatery": true, "is_gastro": true, "is_retail": false, "is_transit": false, "is_office": false, "diet_vegan": false, "diet_vegetarian": false, "diet_glutenfree": false, "diet_halal": false, "unit_id": "24062A07-"}}, {"type": "Feature", "geometry": {"type": "Point", "coordinates": [4.7027974, 50.8804986]}, "properties": {"name": "EED", "spot_type": null, "is_eatery": true, "is_gastro": true, "is_retail": false, "is_transit": false, "is_office": false, "diet_vegan": false, "diet_vegetarian": false, "diet_glutenfree": false, "diet_halal": false, "unit_id": "24062A11-"}}, {"type": "Feature", "geometry": {"type": "Point", "coordinates": [4.702879, 50.8804405]}, "properties": {"name": "Thelma", "spot_type": null, "is_eatery": false, "is_gastro": false, "is_retail": true, "is_transit": false, "is_office": false, "diet_vegan": false, "diet_vegetarian": false, "diet_glutenfree": false, "diet_halal": false, "unit_id": "24062A11-"}}, {"type": "Feature", "geometry": {"type": "Point", "coordinates": [4.7018375, 50.9230448]}, "properties": {"name": "Achterland", "spot_type": null, "is_eatery": true, "is_gastro": true, "is_retail": false, "is_transit": false, "is_office": false, "diet_vegan": false, "diet_vegetarian": false, "diet_glutenfree": false, "diet_halal": false, "unit_id": "24062F40-"}}, {"type": "Feature", "geometry": {"type": "Point", "coordinates": [4.6986524, 50.8682382]}, "properties": {"name": "Chic Boutique", "spot_type": null, "is_eatery": false, "is_gastro": false, "is_retail": true, "is_transit": false, "is_office": false, "diet_vegan": false, "diet_vegetarian": false, "diet_glutenfree": false, "diet_halal": false, "unit_id": "24062D02-"}}, {"type": "Feature", "geometry": {"type": "Point", "coordinates": [4.7096779, 50.8774085]}, "properties": {"name": "Erasmushuis", "spot_type": null, "is_eatery": false, "is_gastro": false, "is_retail": false, "is_transit": false, "is_office": true, "diet_vegan": false, "diet_vegetarian": false, "diet_glutenfree": false, "diet_halal": false, "unit_id": "24062A31-"}}, {"type": "Feature", "geometry": {"type": "Point", "coordinates": [4.7001616, 50.8779074]}, "properties": {"name": null, "spot_type": null, "is_eatery": false, "is_gastro": false, "is_retail": false, "is_transit": false, "is_office": true, "diet_vegan": false, "diet_vegetarian": false, "diet_glutenfree": false, "diet_halal": false, "unit_id": "24062A00-"}}, {"type": "Feature", "geometry": {"type": "Point", "coordinates": [4.6798756, 50.8643284]}, "properties": {"name": "De Moete", "spot_type": null, "is_eatery": true, "is_gastro": true, "is_retail": false, "is_transit": false, "is_office": false, "diet_vegan": false, "diet_vegetarian": true, "diet_glutenfree": false, "diet_halal": false, "unit_id": "24062D410"}}, {"type": "Feature", "geometry": {"type": "Point", "coordinates": [4.6792776, 50.8653912]}, "properties": {"name": "IMEC", "spot_type": null, "is_eatery": false, "is_gastro": false, "is_retail": false, "is_transit": false, "is_office": true, "diet_vegan": false, "diet_vegetarian": false, "diet_glutenfree": false, "diet_halal": false, "unit_id": "24062D410"}}, {"type": "Feature", "geometry": {"type": "Point", "coordinates": [4.6720914, 50.8861598]}, "properties": {"name": "JBC", "spot_type": null, "is_eatery": false, "is_gastro": false, "is_retail": true, "is_transit": false, "is_office": false, "diet_vegan": false, "diet_vegetarian": false, "diet_glutenfree": false, "diet_halal": false, "unit_id": "24038A22-"}}, {"type": "Feature", "geometry": {"type": "Point", "coordinates": [4.6711837, 50.8794628]}, "properties": {"name": "GHB. Fase III CDG Blok 41-44", "spot_type": null, "is_eatery": false, "is_gastro": false, "is_retail": false, "is_transit": false, "is_office": true, "diet_vegan": false, "diet_vegetarian": false, "diet_glutenfree": false, "diet_halal": false, "unit_id": "24062D633"}}, {"type": "Feature", "geometry": {"type": "Point", "coordinates": [4.6616396, 50.8761173]}, "properties": {"name": null, "spot_type": null, "is_eatery": false, "is_gastro": false, "is_retail": false, "is_transit": false, "is_office": true, "diet_vegan": false, "diet_vegetarian": false, "diet_glutenfree": false, "diet_halal": false, "unit_id": "24062D622"}}, {"type": "Feature", "geometry": {"type": "Point", "coordinates": [4.6671546, 50.9119212]}, "properties": {"name": "ALDI", "spot_type": null, "is_eatery": false, "is_gastro": false, "is_retail": true, "is_transit": false, "is_office": false, "diet_vegan": false, "diet_vegetarian": false, "diet_glutenfree": false, "diet_halal": false, "unit_id": "24038A022"}}, {"type": "Feature", "geometry": {"type": "Point", "coordinates": [4.7131038, 50.867724]}, "properties": {"name": "FAC Philipstoren", "spot_type": null, "is_eatery": false, "is_gastro": false, "is_retail": false, "is_transit": false, "is_office": true, "diet_vegan": false, "diet_vegetarian": false, "diet_glutenfree": false, "diet_halal": false, "unit_id": "24062D19-"}}, {"type": "Feature", "geometry": {"type": "Point", "coordinates": [4.7079164, 50.8748442]}, "properties": {"name": "Campus Groep T", "spot_type": null, "is_eatery": false, "is_gastro": false, "is_retail": false, "is_transit": false, "is_office": true, "diet_vegan": false, "diet_vegetarian": false, "diet_glutenfree": false, "diet_halal": false, "unit_id": "24062A35-"}}, {"type": "Feature", "geometry": {"type": "Point", "coordinates": [4.7081872, 50.8739118]}, "properties": {"name": "Centrum voor Levende Talen", "spot_type": null, "is_eatery": false, "is_gastro": false, "is_retail": false, "is_transit": false, "is_office": true, "diet_vegan": false, "diet_vegetarian": false, "diet_glutenfree": false, "diet_halal": false, "unit_id": "24062A35-"}}, {"type": "Feature", "geometry": {"type": "Point", "coordinates": [4.6784514, 50.857635]}, "properties": {"name": "Bodemkundige Dienst van België", "spot_type": null, "is_eatery": false, "is_gastro": false, "is_retail": false, "is_transit": false, "is_office": true, "diet_vegan": false, "diet_vegetarian": false, "diet_glutenfree": false, "diet_halal": false, "unit_id": "24062D410"}}, {"type": "Feature", "geometry": {"type": "Point", "coordinates": [4.7157823, 50.8807109]}, "properties": {"name": "Seinhuis", "spot_type": null, "is_eatery": false, "is_gastro": false, "is_retail": false, "is_transit": false, "is_office": true, "diet_vegan": false, "diet_vegetarian": false, "diet_glutenfree": false, "diet_halal": false, "unit_id": "24062A17-"}}, {"type": "Feature", "geometry": {"type": "Point", "coordinates": [4.6978512, 50.856988]}, "properties": {"name": "UCLL gebouw Naamsesteenweg", "spot_type": null, "is_eatery": false, "is_gastro": false, "is_retail": false, "is_transit": false, "is_office": true, "diet_vegan": false, "diet_vegetarian": false, "diet_glutenfree": false, "diet_halal": false, "unit_id": "24062D03-"}}, {"type": "Feature", "geometry": {"type": "Point", "coordinates": [4.7147496, 50.8641956]}, "properties": {"name": "De Abdijmolen", "spot_type": "cafe", "is_eatery": true, "is_gastro": false, "is_retail": false, "is_transit": false, "is_office": false, "diet_vegan": false, "diet_vegetarian": false, "diet_glutenfree": false, "diet_halal": false, "unit_id": "24062D209"}}, {"type": "Feature", "geometry": {"type": "Point", "coordinates": [4.727866, 50.8718169]}, "properties": {"name": "Colruyt", "spot_type": null, "is_eatery": false, "is_gastro": false, "is_retail": true, "is_transit": false, "is_office": false, "diet_vegan": false, "diet_vegetarian": false, "diet_glutenfree": false, "diet_halal": false, "unit_id": "24062C42-"}}, {"type": "Feature", "geometry": {"type": "Point", "coordinates": [4.7510239, 50.8648838]}, "properties": {"name": "Bel&Bo", "spot_type": null, "is_eatery": false, "is_gastro": false, "is_retail": true, "is_transit": false, "is_office": false, "diet_vegan": false, "diet_vegetarian": false, "diet_glutenfree": false, "diet_halal": false, "unit_id": "24011B211"}}, {"type": "Feature", "geometry": {"type": "Point", "coordinates": [4.7501784, 50.8650478]}, "properties": {"name": "Modemakers", "spot_type": null, "is_eatery": false, "is_gastro": false, "is_retail": true, "is_transit": false, "is_office": false, "diet_vegan": false, "diet_vegetarian": false, "diet_glutenfree": false, "diet_halal": false, "unit_id": "24011B211"}}, {"type": "Feature", "geometry": {"type": "Point", "coordinates": [4.746488, 50.8639827]}, "properties": {"name": "Lunch Garden", "spot_type": null, "is_eatery": true, "is_gastro": true, "is_retail": false, "is_transit": false, "is_office": false, "diet_vegan": false, "diet_vegetarian": false, "diet_glutenfree": false, "diet_halal": false, "unit_id": "24011B211"}}, {"type": "Feature", "geometry": {"type": "Point", "coordinates": [4.7480773, 50.8654724]}, "properties": {"name": "Quick", "spot_type": null, "is_eatery": true, "is_gastro": true, "is_retail": false, "is_transit": false, "is_office": false, "diet_vegan": false, "diet_vegetarian": false, "diet_glutenfree": false, "diet_halal": false, "unit_id": "24011B211"}}, {"type": "Feature", "geometry": {"type": "Point", "coordinates": [4.7566867, 50.8635269]}, "properties": {"name": "Christelijke Mutualiteit", "spot_type": null, "is_eatery": false, "is_gastro": false, "is_retail": false, "is_transit": false, "is_office": true, "diet_vegan": false, "diet_vegetarian": false, "diet_glutenfree": false, "diet_halal": false, "unit_id": "24011B012"}}, {"type": "Feature", "geometry": {"type": "Point", "coordinates": [4.7462612, 50.8657622]}, "properties": {"name": "Lidl", "spot_type": null, "is_eatery": false, "is_gastro": false, "is_retail": true, "is_transit": false, "is_office": false, "diet_vegan": false, "diet_vegetarian": false, "diet_glutenfree": false, "diet_halal": false, "unit_id": "24062E732"}}, {"type": "Feature", "geometry": {"type": "Point", "coordinates": [4.7041229, 50.87379]}, "properties": {"name": "Leercentrum AGORA", "spot_type": null, "is_eatery": false, "is_gastro": false, "is_retail": false, "is_transit": false, "is_office": true, "diet_vegan": false, "diet_vegetarian": false, "diet_glutenfree": false, "diet_halal": false, "unit_id": "24062A36-"}}, {"type": "Feature", "geometry": {"type": "Point", "coordinates": [4.6689829, 50.8653536]}, "properties": {"name": "Essensium", "spot_type": null, "is_eatery": false, "is_gastro": false, "is_retail": false, "is_transit": false, "is_office": true, "diet_vegan": false, "diet_vegetarian": false, "diet_glutenfree": false, "diet_halal": false, "unit_id": "24062D591"}}, {"type": "Feature", "geometry": {"type": "Point", "coordinates": [4.6680504, 50.864979]}, "properties": {"name": "Option", "spot_type": null, "is_eatery": false, "is_gastro": false, "is_retail": false, "is_transit": false, "is_office": true, "diet_vegan": false, "diet_vegetarian": false, "diet_glutenfree": false, "diet_halal": false, "unit_id": "24062D591"}}, {"type": "Feature", "geometry": {"type": "Point", "coordinates": [4.6613419, 50.8761112]}, "properties": {"name": "UCLL Campus Sociale School", "spot_type": null, "is_eatery": false, "is_gastro": false, "is_retail": false, "is_transit": false, "is_office": true, "diet_vegan": false, "diet_vegetarian": false, "diet_glutenfree": false, "diet_halal": false, "unit_id": "24062D622"}}, {"type": "Feature", "geometry": {"type": "Point", "coordinates": [4.7491734, 50.8664583]}, "properties": {"name": "E5 Mode", "spot_type": null, "is_eatery": false, "is_gastro": false, "is_retail": true, "is_transit": false, "is_office": false, "diet_vegan": false, "diet_vegetarian": false, "diet_glutenfree": false, "diet_halal": false, "unit_id": "24011B221"}}, {"type": "Feature", "geometry": {"type": "Point", "coordinates": [4.7359944, 50.8445371]}, "properties": {"name": "Nelson Labs", "spot_type": null, "is_eatery": false, "is_gastro": false, "is_retail": false, "is_transit": false, "is_office": true, "diet_vegan": false, "diet_vegetarian": false, "diet_glutenfree": false, "diet_halal": false, "unit_id": "24062E774"}}, {"type": "Feature", "geometry": {"type": "Point", "coordinates": [4.7359079, 50.8506254]}, "properties": {"name": "De Watergroep - VMW Centraal laboratorium", "spot_type": null, "is_eatery": false, "is_gastro": false, "is_retail": false, "is_transit": false, "is_office": true, "diet_vegan": false, "diet_vegetarian": false, "diet_glutenfree": false, "diet_halal": false, "unit_id": "24062E774"}}, {"type": "Feature", "geometry": {"type": "Point", "coordinates": [4.724388, 50.8452132]}, "properties": {"name": "Unix-Solutions", "spot_type": null, "is_eatery": false, "is_gastro": false, "is_retail": false, "is_transit": false, "is_office": true, "diet_vegan": false, "diet_vegetarian": false, "diet_glutenfree": false, "diet_halal": false, "unit_id": "24062E774"}}, {"type": "Feature", "geometry": {"type": "Point", "coordinates": [4.7213693, 50.8488028]}, "properties": {"name": "Officecenter Leuven", "spot_type": null, "is_eatery": false, "is_gastro": false, "is_retail": false, "is_transit": false, "is_office": true, "diet_vegan": false, "diet_vegetarian": false, "diet_glutenfree": false, "diet_halal": false, "unit_id": "24062E774"}}, {"type": "Feature", "geometry": {"type": "Point", "coordinates": [4.7257252, 50.8518722]}, "properties": {"name": null, "spot_type": null, "is_eatery": false, "is_gastro": false, "is_retail": false, "is_transit": false, "is_office": true, "diet_vegan": false, "diet_vegetarian": false, "diet_glutenfree": false, "diet_halal": false, "unit_id": "24062E774"}}, {"type": "Feature", "geometry": {"type": "Point", "coordinates": [4.7427963, 50.8674441]}, "properties": {"name": "Bio-Planet", "spot_type": null, "is_eatery": false, "is_gastro": false, "is_retail": true, "is_transit": false, "is_office": false, "diet_vegan": false, "diet_vegetarian": false, "diet_glutenfree": false, "diet_halal": false, "unit_id": "24062E742"}}, {"type": "Feature", "geometry": {"type": "Point", "coordinates": [4.703579, 50.8653284]}, "properties": {"name": "De Watergroep", "spot_type": null, "is_eatery": false, "is_gastro": false, "is_retail": false, "is_transit": false, "is_office": true, "diet_vegan": false, "diet_vegetarian": false, "diet_glutenfree": false, "diet_halal": false, "unit_id": "24062D05-"}}, {"type": "Feature", "geometry": {"type": "Point", "coordinates": [4.7004106, 50.8748941]}, "properties": {"name": "Huis De Munter", "spot_type": null, "is_eatery": false, "is_gastro": false, "is_retail": false, "is_transit": false, "is_office": true, "diet_vegan": false, "diet_vegetarian": false, "diet_glutenfree": false, "diet_halal": false, "unit_id": "24062A02-"}}, {"type": "Feature", "geometry": {"type": "Point", "coordinates": [4.6611725, 50.8761437]}, "properties": {"name": null, "spot_type": null, "is_eatery": false, "is_gastro": false, "is_retail": false, "is_transit": false, "is_office": true, "diet_vegan": false, "diet_vegetarian": false, "diet_glutenfree": false, "diet_halal": false, "unit_id": "24062D622"}}, {"type": "Feature", "geometry": {"type": "Point", "coordinates": [4.7010197, 50.8759713]}, "properties": {"name": "Instituut voor Dierkunde", "spot_type": null, "is_eatery": false, "is_gastro": false, "is_retail": false, "is_transit": false, "is_office": true, "diet_vegan": false, "diet_vegetarian": false, "diet_glutenfree": false, "diet_halal": false, "unit_id": "24062A02-"}}, {"type": "Feature", "geometry": {"type": "Point", "coordinates": [4.7258635, 50.8765481]}, "properties": {"name": "Carrefour Market", "spot_type": null, "is_eatery": false, "is_gastro": false, "is_retail": true, "is_transit": false, "is_office": false, "diet_vegan": false, "diet_vegetarian": false, "diet_glutenfree": false, "diet_halal": false, "unit_id": "24062C41-"}}, {"type": "Feature", "geometry": {"type": "Point", "coordinates": [4.6940631, 50.8656048]}, "properties": {"name": "Living Stone", "spot_type": null, "is_eatery": false, "is_gastro": false, "is_retail": false, "is_transit": false, "is_office": true, "diet_vegan": false, "diet_vegetarian": false, "diet_glutenfree": false, "diet_halal": false, "unit_id": "24062D01-"}}, {"type": "Feature", "geometry": {"type": "Point", "coordinates": [4.6957262, 50.8659117]}, "properties": {"name": "Carrefour Express", "spot_type": null, "is_eatery": false, "is_gastro": false, "is_retail": true, "is_transit": false, "is_office": false, "diet_vegan": false, "diet_vegetarian": false, "diet_glutenfree": false, "diet_halal": false, "unit_id": "24062D00-"}}, {"type": "Feature", "geometry": {"type": "Point", "coordinates": [4.7074854, 50.8743799]}, "properties": {"name": "Van Den Heuvelinstituut", "spot_type": null, "is_eatery": false, "is_gastro": false, "is_retail": false, "is_transit": false, "is_office": true, "diet_vegan": false, "diet_vegetarian": false, "diet_glutenfree": false, "diet_halal": false, "unit_id": "24062A35-"}}, {"type": "Feature", "geometry": {"type": "Point", "coordinates": [4.6970067, 50.8671413]}, "properties": {"name": "Den Dreef", "spot_type": null, "is_eatery": true, "is_gastro": true, "is_retail": false, "is_transit": false, "is_office": false, "diet_vegan": false, "diet_vegetarian": false, "diet_glutenfree": false, "diet_halal": false, "unit_id": "24062D02-"}}, {"type": "Feature", "geometry": {"type": "Point", "coordinates": [4.6960051, 50.866244]}, "properties": {"name": "hypotheek.winkel", "spot_type": null, "is_eatery": false, "is_gastro": false, "is_retail": false, "is_transit": false, "is_office": true, "diet_vegan": false, "diet_vegetarian": false, "diet_glutenfree": false, "diet_halal": false, "unit_id": "24062D02-"}}, {"type": "Feature", "geometry": {"type": "Point", "coordinates": [4.6962517, 50.8645624]}, "properties": {"name": "Christelijke Mutualiteit", "spot_type": null, "is_eatery": false, "is_gastro": false, "is_retail": false, "is_transit": false, "is_office": true, "diet_vegan": false, "diet_vegetarian": false, "diet_glutenfree": false, "diet_halal": false, "unit_id": "24062D00-"}}, {"type": "Feature", "geometry": {"type": "Point", "coordinates": [4.7159642, 50.8851011]}, "properties": {"name": "LCI Infrabel Leuven", "spot_type": null, "is_eatery": false, "is_gastro": false, "is_retail": false, "is_transit": false, "is_office": true, "diet_vegan": false, "diet_vegetarian": false, "diet_glutenfree": false, "diet_halal": false, "unit_id": "24062C0AJ"}}, {"type": "Feature", "geometry": {"type": "Point", "coordinates": [4.6746829, 50.8752672]}, "properties": {"name": "Delhaize", "spot_type": null, "is_eatery": false, "is_gastro": false, "is_retail": true, "is_transit": false, "is_office": false, "diet_vegan": false, "diet_vegetarian": false, "diet_glutenfree": false, "diet_halal": false, "unit_id": "24062D60-"}}, {"type": "Feature", "geometry": {"type": "Point", "coordinates": [4.7097879, 50.8768972]}, "properties": {"name": "Augusta de Creefthuis", "spot_type": null, "is_eatery": false, "is_gastro": false, "is_retail": false, "is_transit": false, "is_office": true, "diet_vegan": false, "diet_vegetarian": false, "diet_glutenfree": false, "diet_halal": false, "unit_id": "24062A31-"}}, {"type": "Feature", "geometry": {"type": "Point", "coordinates": [4.7149846, 50.8795945]}, "properties": {"name": "PVDA", "spot_type": null, "is_eatery": false, "is_gastro": false, "is_retail": false, "is_transit": false, "is_office": true, "diet_vegan": false, "diet_vegetarian": false, "diet_glutenfree": false, "diet_halal": false, "unit_id": "24062A22-"}}, {"type": "Feature", "geometry": {"type": "Point", "coordinates": [4.7109722, 50.8651202]}, "properties": {"name": "Immomentor", "spot_type": null, "is_eatery": false, "is_gastro": false, "is_retail": false, "is_transit": false, "is_office": true, "diet_vegan": false, "diet_vegetarian": false, "diet_glutenfree": false, "diet_halal": false, "unit_id": "24062D21-"}}, {"type": "Feature", "geometry": {"type": "Point", "coordinates": [4.7116678, 50.8642058]}, "properties": {"name": "Dens Christophe", "spot_type": null, "is_eatery": false, "is_gastro": false, "is_retail": false, "is_transit": false, "is_office": true, "diet_vegan": false, "diet_vegetarian": false, "diet_glutenfree": false, "diet_halal": false, "unit_id": "24062D209"}}, {"type": "Feature", "geometry": {"type": "Point", "coordinates": [4.7122455, 50.8620368]}, "properties": {"name": "KBC", "spot_type": null, "is_eatery": false, "is_gastro": false, "is_retail": false, "is_transit": false, "is_office": true, "diet_vegan": false, "diet_vegetarian": false, "diet_glutenfree": false, "diet_halal": false, "unit_id": "24062D209"}}, {"type": "Feature", "geometry": {"type": "Point", "coordinates": [4.7257566, 50.8708513]}, "properties": {"name": "Café Concorde", "spot_type": "cafe", "is_eatery": true, "is_gastro": false, "is_retail": false, "is_transit": false, "is_office": false, "diet_vegan": false, "diet_vegetarian": false, "diet_glutenfree": false, "diet_halal": false, "unit_id": "24062D11-"}}, {"type": "Feature", "geometry": {"type": "Point", "coordinates": [4.720049, 50.8721412]}, "properties": {"name": "Euro Food", "spot_type": null, "is_eatery": false, "is_gastro": false, "is_retail": true, "is_transit": false, "is_office": false, "diet_vegan": false, "diet_vegetarian": false, "diet_glutenfree": false, "diet_halal": false, "unit_id": "24062D11-"}}, {"type": "Feature", "geometry": {"type": "Point", "coordinates": [4.6961782, 50.8622786]}, "properties": {"name": "Nat King Cole", "spot_type": "cafe", "is_eatery": true, "is_gastro": false, "is_retail": false, "is_transit": false, "is_office": false, "diet_vegan": false, "diet_vegetarian": false, "diet_glutenfree": false, "diet_halal": false, "unit_id": "24062D03-"}}, {"type": "Feature", "geometry": {"type": "Point", "coordinates": [4.6995696, 50.8687005]}, "properties": {"name": "Assurex & Co", "spot_type": null, "is_eatery": false, "is_gastro": false, "is_retail": false, "is_transit": false, "is_office": true, "diet_vegan": false, "diet_vegetarian": false, "diet_glutenfree": false, "diet_halal": false, "unit_id": "24062A42-"}}, {"type": "Feature", "geometry": {"type": "Point", "coordinates": [4.7468305, 50.863582]}, "properties": {"name": "Carrefour", "spot_type": null, "is_eatery": false, "is_gastro": false, "is_retail": true, "is_transit": false, "is_office": false, "diet_vegan": false, "diet_vegetarian": false, "diet_glutenfree": false, "diet_halal": false, "unit_id": "24011B211"}}, {"type": "Feature", "geometry": {"type": "Point", "coordinates": [4.7098162, 50.8695837]}, "properties": {"name": "Frituur Parkpoort", "spot_type": null, "is_eatery": true, "is_gastro": true, "is_retail": false, "is_transit": false, "is_office": false, "diet_vegan": false, "diet_vegetarian": false, "diet_glutenfree": false, "diet_halal": false, "unit_id": "24062D19-"}}, {"type": "Feature", "geometry": {"type": "Point", "coordinates": [4.7070867, 50.8705317]}, "properties": {"name": "Club\"Met\"", "spot_type": null, "is_eatery": true, "is_gastro": true, "is_retail": false, "is_transit": false, "is_office": false, "diet_vegan": false, "diet_vegetarian": false, "diet_glutenfree": false, "diet_halal": false, "unit_id": "24062A42-"}}, {"type": "Feature", "geometry": {"type": "Point", "coordinates": [4.708674, 50.8739152]}, "properties": {"name": "Studentenwoning", "spot_type": null, "is_eatery": false, "is_gastro": false, "is_retail": false, "is_transit": false, "is_office": true, "diet_vegan": false, "diet_vegetarian": false, "diet_glutenfree": false, "diet_halal": false, "unit_id": "24062A35-"}}, {"type": "Feature", "geometry": {"type": "Point", "coordinates": [4.6979643, 50.8690869]}, "properties": {"name": "Pizza Hut", "spot_type": null, "is_eatery": true, "is_gastro": true, "is_retail": false, "is_transit": false, "is_office": false, "diet_vegan": false, "diet_vegetarian": false, "diet_glutenfree": false, "diet_halal": false, "unit_id": "24062A40-"}}, {"type": "Feature", "geometry": {"type": "Point", "coordinates": [4.703686, 50.8723802]}, "properties": {"name": "Mamma Mia", "spot_type": null, "is_eatery": true, "is_gastro": true, "is_retail": false, "is_transit": false, "is_office": false, "diet_vegan": false, "diet_vegetarian": false, "diet_glutenfree": false, "diet_halal": false, "unit_id": "24062A36-"}}, {"type": "Feature", "geometry": {"type": "Point", "coordinates": [4.7295779, 50.8788036]}, "properties": {"name": "Frituur Giraffe", "spot_type": null, "is_eatery": true, "is_gastro": true, "is_retail": false, "is_transit": false, "is_office": false, "diet_vegan": false, "diet_vegetarian": false, "diet_glutenfree": false, "diet_halal": false, "unit_id": "24062C44-"}}, {"type": "Feature", "geometry": {"type": "Point", "coordinates": [4.7063782, 50.9047173]}, "properties": {"name": "Het Boothuis", "spot_type": null, "is_eatery": false, "is_gastro": false, "is_retail": false, "is_transit": false, "is_office": true, "diet_vegan": false, "diet_vegetarian": false, "diet_glutenfree": false, "diet_halal": false, "unit_id": "24062B391"}}, {"type": "Feature", "geometry": {"type": "Point", "coordinates": [4.7054467, 50.877767]}, "properties": {"name": "De Valk 3", "spot_type": null, "is_eatery": false, "is_gastro": false, "is_retail": false, "is_transit": false, "is_office": true, "diet_vegan": false, "diet_vegetarian": false, "diet_glutenfree": false, "diet_halal": false, "unit_id": "24062A23-"}}, {"type": "Feature", "geometry": {"type": "Point", "coordinates": [4.7059651, 50.8775756]}, "properties": {"name": "Herbert-Hooverhuis", "spot_type": null, "is_eatery": false, "is_gastro": false, "is_retail": false, "is_transit": false, "is_office": true, "diet_vegan": false, "diet_vegetarian": false, "diet_glutenfree": false, "diet_halal": false, "unit_id": "24062A23-"}}, {"type": "Feature", "geometry": {"type": "Point", "coordinates": [4.7218681, 50.904504]}, "properties": {"name": "Evin", "spot_type": null, "is_eatery": true, "is_gastro": true, "is_retail": false, "is_transit": false, "is_office": false, "diet_vegan": false, "diet_vegetarian": true, "diet_glutenfree": false, "diet_halal": false, "unit_id": "24062C50-"}}, {"type": "Feature", "geometry": {"type": "Point", "coordinates": [4.6681617, 50.8861347]}, "properties": {"name": null, "spot_type": null, "is_eatery": false, "is_gastro": false, "is_retail": true, "is_transit": false, "is_office": false, "diet_vegan": false, "diet_vegetarian": false, "diet_glutenfree": false, "diet_halal": false, "unit_id": "24038B112"}}, {"type": "Feature", "geometry": {"type": "Point", "coordinates": [4.6475047, 50.8913344]}, "properties": {"name": "Close to your body", "spot_type": null, "is_eatery": false, "is_gastro": false, "is_retail": true, "is_transit": false, "is_office": false, "diet_vegan": false, "diet_vegetarian": false, "diet_glutenfree": false, "diet_halal": false, "unit_id": "24038B012"}}, {"type": "Feature", "geometry": {"type": "Point", "coordinates": [4.6467091, 50.8914695]}, "properties": {"name": "Orient Herent", "spot_type": null, "is_eatery": true, "is_gastro": true, "is_retail": false, "is_transit": false, "is_office": false, "diet_vegan": false, "diet_vegetarian": false, "diet_glutenfree": false, "diet_halal": false, "unit_id": "24038B012"}}, {"type": "Feature", "geometry": {"type": "Point", "coordinates": [4.6810588, 50.8857258]}, "properties": {"name": null, "spot_type": null, "is_eatery": true, "is_gastro": true, "is_retail": false, "is_transit": false, "is_office": false, "diet_vegan": false, "diet_vegetarian": false, "diet_glutenfree": false, "diet_halal": false, "unit_id": "24062A61-"}}, {"type": "Feature", "geometry": {"type": "Point", "coordinates": [4.679572, 50.9011083]}, "properties": {"name": null, "spot_type": null, "is_eatery": false, "is_gastro": false, "is_retail": true, "is_transit": false, "is_office": false, "diet_vegan": false, "diet_vegetarian": false, "diet_glutenfree": false, "diet_halal": false, "unit_id": "24038A112"}}, {"type": "Feature", "geometry": {"type": "Point", "coordinates": [4.6793892, 50.9014204]}, "properties": {"name": "Axent", "spot_type": null, "is_eatery": false, "is_gastro": false, "is_retail": true, "is_transit": false, "is_office": false, "diet_vegan": false, "diet_vegetarian": false, "diet_glutenfree": false, "diet_halal": false, "unit_id": "24038A112"}}, {"type": "Feature", "geometry": {"type": "Point", "coordinates": [4.6793473, 50.9016027]}, "properties": {"name": "Brasserie De Malpert", "spot_type": null, "is_eatery": true, "is_gastro": true, "is_retail": false, "is_transit": false, "is_office": false, "diet_vegan": false, "diet_vegetarian": false, "diet_glutenfree": false, "diet_halal": false, "unit_id": "24038A112"}}, {"type": "Feature", "geometry": {"type": "Point", "coordinates": [4.7145897, 50.8834887]}, "properties": {"name": "Dirk Boutsgebouw - Vlaams Administratief Centrum", "spot_type": null, "is_eatery": false, "is_gastro": false, "is_retail": false, "is_transit": false, "is_office": true, "diet_vegan": false, "diet_vegetarian": false, "diet_glutenfree": false, "diet_halal": false, "unit_id": "24062A17-"}}, {"type": "Feature", "geometry": {"type": "Point", "coordinates": [4.6718655, 50.9053818]}, "properties": {"name": "Frituur Fantasia", "spot_type": null, "is_eatery": true, "is_gastro": true, "is_retail": false, "is_transit": false, "is_office": false, "diet_vegan": false, "diet_vegetarian": true, "diet_glutenfree": false, "diet_halal": false, "unit_id": "24038A00-"}}, {"type": "Feature", "geometry": {"type": "Point", "coordinates": [4.7072366, 50.8758101]}, "properties": {"name": "Psychologisch Instituut", "spot_type": null, "is_eatery": false, "is_gastro": false, "is_retail": false, "is_transit": false, "is_office": true, "diet_vegan": false, "diet_vegetarian": false, "diet_glutenfree": false, "diet_halal": false, "unit_id": "24062A35-"}}, {"type": "Feature", "geometry": {"type": "Point", "coordinates": [4.665108, 50.8589041]}, "properties": {"name": "Jezuïetenhof", "spot_type": null, "is_eatery": false, "is_gastro": false, "is_retail": false, "is_transit": false, "is_office": true, "diet_vegan": false, "diet_vegetarian": false, "diet_glutenfree": false, "diet_halal": false, "unit_id": "24062D591"}}, {"type": "Feature", "geometry": {"type": "Point", "coordinates": [4.6781536, 50.9222441]}, "properties": {"name": "Het Vertier", "spot_type": null, "is_eatery": true, "is_gastro": true, "is_retail": false, "is_transit": false, "is_office": false, "diet_vegan": false, "diet_vegetarian": false, "diet_glutenfree": false, "diet_halal": false, "unit_id": "24038A39-"}}, {"type": "Feature", "geometry": {"type": "Point", "coordinates": [4.7165675, 50.9127864]}, "properties": {"name": "Gorgan Move", "spot_type": null, "is_eatery": false, "is_gastro": false, "is_retail": false, "is_transit": false, "is_office": true, "diet_vegan": false, "diet_vegetarian": false, "diet_glutenfree": false, "diet_halal": false, "unit_id": "24043A1MA"}}, {"type": "Feature", "geometry": {"type": "Point", "coordinates": [4.7191246, 50.9124291]}, "properties": {"name": "AD Delhaize", "spot_type": null, "is_eatery": false, "is_gastro": false, "is_retail": true, "is_transit": false, "is_office": false, "diet_vegan": false, "diet_vegetarian": false, "diet_glutenfree": false, "diet_halal": false, "unit_id": "24043A1MA"}}, {"type": "Feature", "geometry": {"type": "Point", "coordinates": [4.7165703, 50.9111544]}, "properties": {"name": "IGO div", "spot_type": null, "is_eatery": false, "is_gastro": false, "is_retail": false, "is_transit": false, "is_office": true, "diet_vegan": false, "diet_vegetarian": false, "diet_glutenfree": false, "diet_halal": false, "unit_id": "24043A1MA"}}, {"type": "Feature", "geometry": {"type": "Point", "coordinates": [4.7186071, 50.9129612]}, "properties": {"name": "Aldi", "spot_type": null, "is_eatery": false, "is_gastro": false, "is_retail": true, "is_transit": false, "is_office": false, "diet_vegan": false, "diet_vegetarian": false, "diet_glutenfree": false, "diet_halal": false, "unit_id": "24043A1MA"}}, {"type": "Feature", "geometry": {"type": "Point", "coordinates": [4.6940076, 50.8641382]}, "properties": {"name": "Sint-Lambertus", "spot_type": "bakery", "is_eatery": true, "is_gastro": false, "is_retail": false, "is_transit": false, "is_office": false, "diet_vegan": false, "diet_vegetarian": false, "diet_glutenfree": false, "diet_halal": false, "unit_id": "24062D00-"}}, {"type": "Feature", "geometry": {"type": "Point", "coordinates": [4.6991521, 50.9055613]}, "properties": {"name": "Cyber Digital Productions", "spot_type": null, "is_eatery": false, "is_gastro": false, "is_retail": false, "is_transit": false, "is_office": true, "diet_vegan": false, "diet_vegetarian": false, "diet_glutenfree": false, "diet_halal": false, "unit_id": "24062B352"}}, {"type": "Feature", "geometry": {"type": "Point", "coordinates": [4.6888738, 50.8703623]}, "properties": {"name": "De Vesten", "spot_type": null, "is_eatery": false, "is_gastro": false, "is_retail": false, "is_transit": false, "is_office": true, "diet_vegan": false, "diet_vegetarian": false, "diet_glutenfree": false, "diet_halal": false, "unit_id": "24062D410"}}, {"type": "Feature", "geometry": {"type": "Point", "coordinates": [4.6899037, 50.8697427]}, "properties": {"name": "Johannes XXIII blok D", "spot_type": null, "is_eatery": false, "is_gastro": false, "is_retail": false, "is_transit": false, "is_office": true, "diet_vegan": false, "diet_vegetarian": false, "diet_glutenfree": false, "diet_halal": false, "unit_id": "24062D410"}}, {"type": "Feature", "geometry": {"type": "Point", "coordinates": [4.7317026, 50.8693628]}, "properties": {"name": "indicator", "spot_type": null, "is_eatery": false, "is_gastro": false, "is_retail": false, "is_transit": false, "is_office": true, "diet_vegan": false, "diet_vegetarian": false, "diet_glutenfree": false, "diet_halal": false, "unit_id": "24062E70-"}}, {"type": "Feature", "geometry": {"type": "Point", "coordinates": [4.6993521, 50.8940388]}, "properties": {"name": "Woning Wilsele", "spot_type": null, "is_eatery": false, "is_gastro": false, "is_retail": false, "is_transit": false, "is_office": true, "diet_vegan": false, "diet_vegetarian": false, "diet_glutenfree": false, "diet_halal": false, "unit_id": "24062B32-"}}, {"type": "Feature", "geometry": {"type": "Point", "coordinates": [4.7519277, 50.8881794]}, "properties": {"name": "Fiducia", "spot_type": null, "is_eatery": false, "is_gastro": false, "is_retail": false, "is_transit": false, "is_office": true, "diet_vegan": false, "diet_vegetarian": false, "diet_glutenfree": false, "diet_halal": false, "unit_id": "24066D10-"}}, {"type": "Feature", "geometry": {"type": "Point", "coordinates": [4.7194458, 50.9061116]}, "properties": {"name": "Vlaamse Zaalvoetbalbond", "spot_type": null, "is_eatery": false, "is_gastro": false, "is_retail": false, "is_transit": false, "is_office": true, "diet_vegan": false, "diet_vegetarian": false, "diet_glutenfree": false, "diet_halal": false, "unit_id": "24062C50-"}}, {"type": "Feature", "geometry": {"type": "Point", "coordinates": [4.6853145, 50.8834185]}, "properties": {"name": "Studiehuis de La Salle", "spot_type": null, "is_eatery": false, "is_gastro": false, "is_retail": false, "is_transit": false, "is_office": true, "diet_vegan": false, "diet_vegetarian": false, "diet_glutenfree": false, "diet_halal": false, "unit_id": "24062A54-"}}, {"type": "Feature", "geometry": {"type": "Point", "coordinates": [4.7196772, 50.8922485]}, "properties": {"name": "De Kiosk", "spot_type": null, "is_eatery": true, "is_gastro": true, "is_retail": false, "is_transit": false, "is_office": false, "diet_vegan": false, "diet_vegetarian": false, "diet_glutenfree": false, "diet_halal": false, "unit_id": "24062C04-"}}, {"type": "Feature", "geometry": {"type": "Point", "coordinates": [4.7256389, 50.8996041]}, "properties": {"name": "Spar", "spot_type": null, "is_eatery": false, "is_gastro": false, "is_retail": true, "is_transit": false, "is_office": false, "diet_vegan": false, "diet_vegetarian": false, "diet_glutenfree": false, "diet_halal": false, "unit_id": "24062C50-"}}, {"type": "Feature", "geometry": {"type": "Point", "coordinates": [4.6723196, 50.879419]}, "properties": {"name": "Centraal Auditorium Gasthuisberg", "spot_type": null, "is_eatery": false, "is_gastro": false, "is_retail": false, "is_transit": false, "is_office": true, "diet_vegan": false, "diet_vegetarian": false, "diet_glutenfree": false, "diet_halal": false, "unit_id": "24062D633"}}, {"type": "Feature", "geometry": {"type": "Point", "coordinates": [4.7289794, 50.8426396]}, "properties": {"name": "Wang Thong", "spot_type": null, "is_eatery": true, "is_gastro": true, "is_retail": false, "is_transit": false, "is_office": false, "diet_vegan": false, "diet_vegetarian": false, "diet_glutenfree": false, "diet_halal": false, "unit_id": "24086D0PN"}}, {"type": "Feature", "geometry": {"type": "Point", "coordinates": [4.7412689, 50.8666952]}, "properties": {"name": "JBC", "spot_type": null, "is_eatery": false, "is_gastro": false, "is_retail": true, "is_transit": false, "is_office": false, "diet_vegan": false, "diet_vegetarian": false, "diet_glutenfree": false, "diet_halal": false, "unit_id": "24062E732"}}, {"type": "Feature", "geometry": {"type": "Point", "coordinates": [4.7403182, 50.8669337]}, "properties": {"name": "C&A", "spot_type": null, "is_eatery": false, "is_gastro": false, "is_retail": true, "is_transit": false, "is_office": false, "diet_vegan": false, "diet_vegetarian": false, "diet_glutenfree": false, "diet_halal": false, "unit_id": "24062E732"}}, {"type": "Feature", "geometry": {"type": "Point", "coordinates": [4.7261913, 50.8711686]}, "properties": {"name": "Carrefour Express", "spot_type": null, "is_eatery": false, "is_gastro": false, "is_retail": true, "is_transit": false, "is_office": false, "diet_vegan": false, "diet_vegetarian": false, "diet_glutenfree": false, "diet_halal": false, "unit_id": "24062C42-"}}, {"type": "Feature", "geometry": {"type": "Point", "coordinates": [4.675172, 50.8752638]}, "properties": {"name": "Villa l'Aurora", "spot_type": null, "is_eatery": true, "is_gastro": true, "is_retail": false, "is_transit": false, "is_office": false, "diet_vegan": false, "diet_vegetarian": true, "diet_glutenfree": false, "diet_halal": false, "unit_id": "24062D60-"}}, {"type": "Feature", "geometry": {"type": "Point", "coordinates": [4.6901462, 50.8707092]}, "properties": {"name": "Bakala Academy", "spot_type": null, "is_eatery": false, "is_gastro": false, "is_retail": false, "is_transit": false, "is_office": true, "diet_vegan": false, "diet_vegetarian": false, "diet_glutenfree": false, "diet_halal": false, "unit_id": "24062D410"}}, {"type": "Feature", "geometry": {"type": "Point", "coordinates": [4.6976864, 50.8679418]}, "properties": {"name": "Grillekes", "spot_type": "cafe", "is_eatery": true, "is_gastro": false, "is_retail": false, "is_transit": false, "is_office": false, "diet_vegan": false, "diet_vegetarian": false, "diet_glutenfree": false, "diet_halal": false, "unit_id": "24062D02-"}}, {"type": "Feature", "geometry": {"type": "Point", "coordinates": [4.7043635, 50.8706469]}, "properties": {"name": "Carrefour Express", "spot_type": null, "is_eatery": false, "is_gastro": false, "is_retail": true, "is_transit": false, "is_office": false, "diet_vegan": false, "diet_vegetarian": false, "diet_glutenfree": false, "diet_halal": false, "unit_id": "24062A42-"}}, {"type": "Feature", "geometry": {"type": "Point", "coordinates": [4.6917815, 50.8778558]}, "properties": {"name": "Theatrum Anatomicum", "spot_type": null, "is_eatery": false, "is_gastro": false, "is_retail": false, "is_transit": false, "is_office": true, "diet_vegan": false, "diet_vegetarian": false, "diet_glutenfree": false, "diet_halal": false, "unit_id": "24062A04-"}}, {"type": "Feature", "geometry": {"type": "Point", "coordinates": [4.6923243, 50.8777813]}, "properties": {"name": "Atelier Frans Vermeylen - Student Repair Hub", "spot_type": null, "is_eatery": false, "is_gastro": false, "is_retail": false, "is_transit": false, "is_office": true, "diet_vegan": false, "diet_vegetarian": false, "diet_glutenfree": false, "diet_halal": false, "unit_id": "24062A04-"}}, {"type": "Feature", "geometry": {"type": "Point", "coordinates": [4.6920548, 50.8777871]}, "properties": {"name": "Sint-Agnes", "spot_type": null, "is_eatery": false, "is_gastro": false, "is_retail": false, "is_transit": false, "is_office": true, "diet_vegan": false, "diet_vegetarian": false, "diet_glutenfree": false, "diet_halal": false, "unit_id": "24062A04-"}}, {"type": "Feature", "geometry": {"type": "Point", "coordinates": [4.6978135, 50.8773568]}, "properties": {"name": "Eygen Heerd", "spot_type": null, "is_eatery": false, "is_gastro": false, "is_retail": false, "is_transit": false, "is_office": true, "diet_vegan": false, "diet_vegetarian": false, "diet_glutenfree": false, "diet_halal": false, "unit_id": "24062A03-"}}, {"type": "Feature", "geometry": {"type": "Point", "coordinates": [4.6968787, 50.8764044]}, "properties": {"name": "J.L. Vives International Residence", "spot_type": null, "is_eatery": false, "is_gastro": false, "is_retail": false, "is_transit": false, "is_office": true, "diet_vegan": false, "diet_vegetarian": false, "diet_glutenfree": false, "diet_halal": false, "unit_id": "24062A03-"}}, {"type": "Feature", "geometry": {"type": "Point", "coordinates": [4.7092464, 50.8672028]}, "properties": {"name": "Architectenbureau Cerulus & Desmedt", "spot_type": null, "is_eatery": false, "is_gastro": false, "is_retail": false, "is_transit": false, "is_office": true, "diet_vegan": false, "diet_vegetarian": false, "diet_glutenfree": false, "diet_halal": false, "unit_id": "24062D21-"}}, {"type": "Feature", "geometry": {"type": "Point", "coordinates": [4.7329976, 50.8559065]}, "properties": {"name": "wissner-bosserhoff Belgium B.V.", "spot_type": null, "is_eatery": false, "is_gastro": false, "is_retail": false, "is_transit": false, "is_office": true, "diet_vegan": false, "diet_vegetarian": false, "diet_glutenfree": false, "diet_halal": false, "unit_id": "24062E774"}}, {"type": "Feature", "geometry": {"type": "Point", "coordinates": [4.731689, 50.8557062]}, "properties": {"name": "SEW Eurodrive", "spot_type": null, "is_eatery": false, "is_gastro": false, "is_retail": false, "is_transit": false, "is_office": true, "diet_vegan": false, "diet_vegetarian": false, "diet_glutenfree": false, "diet_halal": false, "unit_id": "24062E790"}}, {"type": "Feature", "geometry": {"type": "Point", "coordinates": [4.7016935, 50.8759501]}, "properties": {"name": "Huis Renaer", "spot_type": null, "is_eatery": false, "is_gastro": false, "is_retail": false, "is_transit": false, "is_office": true, "diet_vegan": false, "diet_vegetarian": false, "diet_glutenfree": false, "diet_halal": false, "unit_id": "24062A02-"}}, {"type": "Feature", "geometry": {"type": "Point", "coordinates": [4.7078862, 50.8776936]}, "properties": {"name": "Mgr. Sencie Instituut", "spot_type": null, "is_eatery": false, "is_gastro": false, "is_retail": false, "is_transit": false, "is_office": true, "diet_vegan": false, "diet_vegetarian": false, "diet_glutenfree": false, "diet_halal": false, "unit_id": "24062A31-"}}, {"type": "Feature", "geometry": {"type": "Point", "coordinates": [4.6976914, 50.8725111]}, "properties": {"name": "Berg Tabor", "spot_type": null, "is_eatery": false, "is_gastro": false, "is_retail": false, "is_transit": false, "is_office": true, "diet_vegan": false, "diet_vegetarian": false, "diet_glutenfree": false, "diet_halal": false, "unit_id": "24062A43-"}}, {"type": "Feature", "geometry": {"type": "Point", "coordinates": [4.6977346, 50.8726212]}, "properties": {"name": "Berg van Calvarie", "spot_type": null, "is_eatery": false, "is_gastro": false, "is_retail": false, "is_transit": false, "is_office": true, "diet_vegan": false, "diet_vegetarian": false, "diet_glutenfree": false, "diet_halal": false, "unit_id": "24062A43-"}}, {"type": "Feature", "geometry": {"type": "Point", "coordinates": [4.6966028, 50.87229]}, "properties": {"name": "De Brug van Bethanie", "spot_type": null, "is_eatery": false, "is_gastro": false, "is_retail": false, "is_transit": false, "is_office": true, "diet_vegan": false, "diet_vegetarian": false, "diet_glutenfree": false, "diet_halal": false, "unit_id": "24062A43-"}}, {"type": "Feature", "geometry": {"type": "Point", "coordinates": [4.6969563, 50.8723105]}, "properties": {"name": "De Engele Bootschap", "spot_type": null, "is_eatery": false, "is_gastro": false, "is_retail": false, "is_transit": false, "is_office": true, "diet_vegan": false, "diet_vegetarian": false, "diet_glutenfree": false, "diet_halal": false, "unit_id": "24062A43-"}}, {"type": "Feature", "geometry": {"type": "Point", "coordinates": [4.6968719, 50.8715319]}, "properties": {"name": "De Heilig-Geesttafel", "spot_type": null, "is_eatery": false, "is_gastro": false, "is_retail": false, "is_transit": false, "is_office": true, "diet_vegan": false, "diet_vegetarian": false, "diet_glutenfree": false, "diet_halal": false, "unit_id": "24062A43-"}}, {"type": "Feature", "geometry": {"type": "Point", "coordinates": [4.6974604, 50.8710505]}, "properties": {"name": "De Heilige Familie", "spot_type": null, "is_eatery": false, "is_gastro": false, "is_retail": false, "is_transit": false, "is_office": true, "diet_vegan": false, "diet_vegetarian": false, "diet_glutenfree": false, "diet_halal": false, "unit_id": "24062A43-"}}, {"type": "Feature", "geometry": {"type": "Point", "coordinates": [4.6971289, 50.8722499]}, "properties": {"name": "De Martelaren van Gorcum", "spot_type": null, "is_eatery": false, "is_gastro": false, "is_retail": false, "is_transit": false, "is_office": true, "diet_vegan": false, "diet_vegetarian": false, "diet_glutenfree": false, "diet_halal": false, "unit_id": "24062A43-"}}, {"type": "Feature", "geometry": {"type": "Point", "coordinates": [4.6974202, 50.8721827]}, "properties": {"name": "De Schoon Livrouw", "spot_type": null, "is_eatery": false, "is_gastro": false, "is_retail": false, "is_transit": false, "is_office": true, "diet_vegan": false, "diet_vegetarian": false, "diet_glutenfree": false, "diet_halal": false, "unit_id": "24062A43-"}}, {"type": "Feature", "geometry": {"type": "Point", "coordinates": [4.6978876, 50.8711471]}, "properties": {"name": "De Verloren Zoon", "spot_type": null, "is_eatery": false, "is_gastro": false, "is_retail": false, "is_transit": false, "is_office": true, "diet_vegan": false, "diet_vegetarian": false, "diet_glutenfree": false, "diet_halal": false, "unit_id": "24062A43-"}}, {"type": "Feature", "geometry": {"type": "Point", "coordinates": [4.6951645, 50.8721016]}, "properties": {"name": "Heijlich Cruijsvindinghe", "spot_type": null, "is_eatery": false, "is_gastro": false, "is_retail": false, "is_transit": false, "is_office": true, "diet_vegan": false, "diet_vegetarian": false, "diet_glutenfree": false, "diet_halal": false, "unit_id": "24062A44-"}}, {"type": "Feature", "geometry": {"type": "Point", "coordinates": [4.6949351, 50.8716236]}, "properties": {"name": "Het Avondmaal", "spot_type": null, "is_eatery": false, "is_gastro": false, "is_retail": false, "is_transit": false, "is_office": true, "diet_vegan": false, "diet_vegetarian": false, "diet_glutenfree": false, "diet_halal": false, "unit_id": "24062A44-"}}, {"type": "Feature", "geometry": {"type": "Point", "coordinates": [4.6966887, 50.8725242]}, "properties": {"name": "Het Convent van Bethanie", "spot_type": null, "is_eatery": false, "is_gastro": false, "is_retail": false, "is_transit": false, "is_office": true, "diet_vegan": false, "diet_vegetarian": false, "diet_glutenfree": false, "diet_halal": false, "unit_id": "24062A43-"}}, {"type": "Feature", "geometry": {"type": "Point", "coordinates": [4.6975048, 50.8720941]}, "properties": {"name": "Het Convent van Bethlehem", "spot_type": null, "is_eatery": false, "is_gastro": false, "is_retail": false, "is_transit": false, "is_office": true, "diet_vegan": false, "diet_vegetarian": false, "diet_glutenfree": false, "diet_halal": false, "unit_id": "24062A43-"}}, {"type": "Feature", "geometry": {"type": "Point", "coordinates": [4.6962485, 50.8720702]}, "properties": {"name": "Het Convent van Lommel", "spot_type": null, "is_eatery": false, "is_gastro": false, "is_retail": false, "is_transit": false, "is_office": true, "diet_vegan": false, "diet_vegetarian": false, "diet_glutenfree": false, "diet_halal": false, "unit_id": "24062A43-"}}, {"type": "Feature", "geometry": {"type": "Point", "coordinates": [4.6962477, 50.8721912]}, "properties": {"name": "Het Convent van Lommel", "spot_type": null, "is_eatery": false, "is_gastro": false, "is_retail": false, "is_transit": false, "is_office": true, "diet_vegan": false, "diet_vegetarian": false, "diet_glutenfree": false, "diet_halal": false, "unit_id": "24062A43-"}}, {"type": "Feature", "geometry": {"type": "Point", "coordinates": [4.6978859, 50.8721154]}, "properties": {"name": "Het Convent van Nazareth", "spot_type": null, "is_eatery": false, "is_gastro": false, "is_retail": false, "is_transit": false, "is_office": true, "diet_vegan": false, "diet_vegetarian": false, "diet_glutenfree": false, "diet_halal": false, "unit_id": "24062A43-"}}, {"type": "Feature", "geometry": {"type": "Point", "coordinates": [4.6974484, 50.8724886]}, "properties": {"name": "Het Convent van Sint-Begga", "spot_type": null, "is_eatery": false, "is_gastro": false, "is_retail": false, "is_transit": false, "is_office": true, "diet_vegan": false, "diet_vegetarian": false, "diet_glutenfree": false, "diet_halal": false, "unit_id": "24062A43-"}}, {"type": "Feature", "geometry": {"type": "Point", "coordinates": [4.6977296, 50.8723767]}, "properties": {"name": "Het Convent van Sint-Jozef", "spot_type": null, "is_eatery": false, "is_gastro": false, "is_retail": false, "is_transit": false, "is_office": true, "diet_vegan": false, "diet_vegetarian": false, "diet_glutenfree": false, "diet_halal": false, "unit_id": "24062A43-"}}, {"type": "Feature", "geometry": {"type": "Point", "coordinates": [4.6969661, 50.8718198]}, "properties": {"name": "Het Convent van de VII Weeën", "spot_type": null, "is_eatery": false, "is_gastro": false, "is_retail": false, "is_transit": false, "is_office": true, "diet_vegan": false, "diet_vegetarian": false, "diet_glutenfree": false, "diet_halal": false, "unit_id": "24062A43-"}}, {"type": "Feature", "geometry": {"type": "Point", "coordinates": [4.6948337, 50.8718655]}, "properties": {"name": "Het Heilig Graf", "spot_type": null, "is_eatery": false, "is_gastro": false, "is_retail": false, "is_transit": false, "is_office": true, "diet_vegan": false, "diet_vegetarian": false, "diet_glutenfree": false, "diet_halal": false, "unit_id": "24062A44-"}}, {"type": "Feature", "geometry": {"type": "Point", "coordinates": [4.6974975, 50.8723696]}, "properties": {"name": "Het Heilig Kruis", "spot_type": null, "is_eatery": false, "is_gastro": false, "is_retail": false, "is_transit": false, "is_office": true, "diet_vegan": false, "diet_vegetarian": false, "diet_glutenfree": false, "diet_halal": false, "unit_id": "24062A43-"}}, {"type": "Feature", "geometry": {"type": "Point", "coordinates": [4.697302, 50.8712027]}, "properties": {"name": "Sint-Hieronymus", "spot_type": null, "is_eatery": false, "is_gastro": false, "is_retail": false, "is_transit": false, "is_office": true, "diet_vegan": false, "diet_vegetarian": false, "diet_glutenfree": false, "diet_halal": false, "unit_id": "24062A43-"}}, {"type": "Feature", "geometry": {"type": "Point", "coordinates": [4.6977844, 50.8719149]}, "properties": {"name": "Sint-Carolus Borromeus", "spot_type": null, "is_eatery": false, "is_gastro": false, "is_retail": false, "is_transit": false, "is_office": true, "diet_vegan": false, "diet_vegetarian": false, "diet_glutenfree": false, "diet_halal": false, "unit_id": "24062A43-"}}, {"type": "Feature", "geometry": {"type": "Point", "coordinates": [4.6977526, 50.8718044]}, "properties": {"name": "O.L.Vrouw van Steenbergh", "spot_type": null, "is_eatery": false, "is_gastro": false, "is_retail": false, "is_transit": false, "is_office": true, "diet_vegan": false, "diet_vegetarian": false, "diet_glutenfree": false, "diet_halal": false, "unit_id": "24062A43-"}}, {"type": "Feature", "geometry": {"type": "Point", "coordinates": [4.6948796, 50.8717919]}, "properties": {"name": "Huis Portieres van de Aborg", "spot_type": null, "is_eatery": false, "is_gastro": false, "is_retail": false, "is_transit": false, "is_office": true, "diet_vegan": false, "diet_vegetarian": false, "diet_glutenfree": false, "diet_halal": false, "unit_id": "24062A44-"}}, {"type": "Feature", "geometry": {"type": "Point", "coordinates": [4.6955158, 50.8719389]}, "properties": {"name": "Jezus Maria Jozef", "spot_type": null, "is_eatery": false, "is_gastro": false, "is_retail": false, "is_transit": false, "is_office": true, "diet_vegan": false, "diet_vegetarian": false, "diet_glutenfree": false, "diet_halal": false, "unit_id": "24062A44-"}}, {"type": "Feature", "geometry": {"type": "Point", "coordinates": [4.6978259, 50.8717208]}, "properties": {"name": "De Kerckecamer", "spot_type": null, "is_eatery": false, "is_gastro": false, "is_retail": false, "is_transit": false, "is_office": true, "diet_vegan": false, "diet_vegetarian": false, "diet_glutenfree": false, "diet_halal": false, "unit_id": "24062A43-"}}, {"type": "Feature", "geometry": {"type": "Point", "coordinates": [4.6976969, 50.8722262]}, "properties": {"name": "Sint-Alexius", "spot_type": null, "is_eatery": false, "is_gastro": false, "is_retail": false, "is_transit": false, "is_office": true, "diet_vegan": false, "diet_vegetarian": false, "diet_glutenfree": false, "diet_halal": false, "unit_id": "24062A43-"}}, {"type": "Feature", "geometry": {"type": "Point", "coordinates": [4.696141, 50.8724668]}, "properties": {"name": "Sint-Anna", "spot_type": null, "is_eatery": false, "is_gastro": false, "is_retail": false, "is_transit": false, "is_office": true, "diet_vegan": false, "diet_vegetarian": false, "diet_glutenfree": false, "diet_halal": false, "unit_id": "24062A43-"}}, {"type": "Feature", "geometry": {"type": "Point", "coordinates": [4.6967219, 50.8716765]}, "properties": {"name": "Sint-Antonius van Padua", "spot_type": null, "is_eatery": false, "is_gastro": false, "is_retail": false, "is_transit": false, "is_office": true, "diet_vegan": false, "diet_vegetarian": false, "diet_glutenfree": false, "diet_halal": false, "unit_id": "24062A43-"}}, {"type": "Feature", "geometry": {"type": "Point", "coordinates": [4.6950926, 50.8714358]}, "properties": {"name": "Sint-Apollonia", "spot_type": null, "is_eatery": false, "is_gastro": false, "is_retail": false, "is_transit": false, "is_office": true, "diet_vegan": false, "diet_vegetarian": false, "diet_glutenfree": false, "diet_halal": false, "unit_id": "24062A44-"}}, {"type": "Feature", "geometry": {"type": "Point", "coordinates": [4.696108, 50.8723865]}, "properties": {"name": "Sint-Barbara", "spot_type": null, "is_eatery": false, "is_gastro": false, "is_retail": false, "is_transit": false, "is_office": true, "diet_vegan": false, "diet_vegetarian": false, "diet_glutenfree": false, "diet_halal": false, "unit_id": "24062A43-"}}, {"type": "Feature", "geometry": {"type": "Point", "coordinates": [4.6969911, 50.8728386]}, "properties": {"name": "Sint-Bruno", "spot_type": null, "is_eatery": false, "is_gastro": false, "is_retail": false, "is_transit": false, "is_office": true, "diet_vegan": false, "diet_vegetarian": false, "diet_glutenfree": false, "diet_halal": false, "unit_id": "24062A43-"}}, {"type": "Feature", "geometry": {"type": "Point", "coordinates": [4.6975221, 50.8720015]}, "properties": {"name": "Sint-Clara", "spot_type": null, "is_eatery": false, "is_gastro": false, "is_retail": false, "is_transit": false, "is_office": true, "diet_vegan": false, "diet_vegetarian": false, "diet_glutenfree": false, "diet_halal": false, "unit_id": "24062A43-"}}, {"type": "Feature", "geometry": {"type": "Point", "coordinates": [4.697408, 50.8717263]}, "properties": {"name": "Sint-Dominicus", "spot_type": null, "is_eatery": false, "is_gastro": false, "is_retail": false, "is_transit": false, "is_office": true, "diet_vegan": false, "diet_vegetarian": false, "diet_glutenfree": false, "diet_halal": false, "unit_id": "24062A43-"}}, {"type": "Feature", "geometry": {"type": "Point", "coordinates": [4.6947926, 50.8719725]}, "properties": {"name": "Sint-Dymphna", "spot_type": null, "is_eatery": false, "is_gastro": false, "is_retail": false, "is_transit": false, "is_office": true, "diet_vegan": false, "diet_vegetarian": false, "diet_glutenfree": false, "diet_halal": false, "unit_id": "24062A44-"}}, {"type": "Feature", "geometry": {"type": "Point", "coordinates": [4.6974603, 50.8722848]}, "properties": {"name": "Sint-Elisabeth", "spot_type": null, "is_eatery": false, "is_gastro": false, "is_retail": false, "is_transit": false, "is_office": true, "diet_vegan": false, "diet_vegetarian": false, "diet_glutenfree": false, "diet_halal": false, "unit_id": "24062A43-"}}, {"type": "Feature", "geometry": {"type": "Point", "coordinates": [4.6964028, 50.8719552]}, "properties": {"name": "Sint-Ermelindis", "spot_type": null, "is_eatery": false, "is_gastro": false, "is_retail": false, "is_transit": false, "is_office": true, "diet_vegan": false, "diet_vegetarian": false, "diet_glutenfree": false, "diet_halal": false, "unit_id": "24062A43-"}}, {"type": "Feature", "geometry": {"type": "Point", "coordinates": [4.6968668, 50.8720966]}, "properties": {"name": "Sint-Felix", "spot_type": null, "is_eatery": false, "is_gastro": false, "is_retail": false, "is_transit": false, "is_office": true, "diet_vegan": false, "diet_vegetarian": false, "diet_glutenfree": false, "diet_halal": false, "unit_id": "24062A43-"}}, {"type": "Feature", "geometry": {"type": "Point", "coordinates": [4.6950292, 50.8721016]}, "properties": {"name": "Sint-Franciscus Borgia", "spot_type": null, "is_eatery": false, "is_gastro": false, "is_retail": false, "is_transit": false, "is_office": true, "diet_vegan": false, "diet_vegetarian": false, "diet_glutenfree": false, "diet_halal": false, "unit_id": "24062A44-"}}, {"type": "Feature", "geometry": {"type": "Point", "coordinates": [4.6969281, 50.8721917]}, "properties": {"name": "Sint-Gertrudis van Nijvel", "spot_type": null, "is_eatery": false, "is_gastro": false, "is_retail": false, "is_transit": false, "is_office": true, "diet_vegan": false, "diet_vegetarian": false, "diet_glutenfree": false, "diet_halal": false, "unit_id": "24062A43-"}}, {"type": "Feature", "geometry": {"type": "Point", "coordinates": [4.6972701, 50.8717395]}, "properties": {"name": "Sint-Gertrudis van Saksen", "spot_type": null, "is_eatery": false, "is_gastro": false, "is_retail": false, "is_transit": false, "is_office": true, "diet_vegan": false, "diet_vegetarian": false, "diet_glutenfree": false, "diet_halal": false, "unit_id": "24062A43-"}}, {"type": "Feature", "geometry": {"type": "Point", "coordinates": [4.696089, 50.8722854]}, "properties": {"name": "Sint-Gommarus", "spot_type": null, "is_eatery": false, "is_gastro": false, "is_retail": false, "is_transit": false, "is_office": true, "diet_vegan": false, "diet_vegetarian": false, "diet_glutenfree": false, "diet_halal": false, "unit_id": "24062A43-"}}, {"type": "Feature", "geometry": {"type": "Point", "coordinates": [4.6976096, 50.8710309]}, "properties": {"name": "Sint-Gudula", "spot_type": null, "is_eatery": false, "is_gastro": false, "is_retail": false, "is_transit": false, "is_office": true, "diet_vegan": false, "diet_vegetarian": false, "diet_glutenfree": false, "diet_halal": false, "unit_id": "24062A43-"}}, {"type": "Feature", "geometry": {"type": "Point", "coordinates": [4.6975387, 50.8717201]}, "properties": {"name": "Sint-Henricus", "spot_type": null, "is_eatery": false, "is_gastro": false, "is_retail": false, "is_transit": false, "is_office": true, "diet_vegan": false, "diet_vegetarian": false, "diet_glutenfree": false, "diet_halal": false, "unit_id": "24062A43-"}}, {"type": "Feature", "geometry": {"type": "Point", "coordinates": [4.6966003, 50.8716953]}, "properties": {"name": "Sint-Joris", "spot_type": null, "is_eatery": false, "is_gastro": false, "is_retail": false, "is_transit": false, "is_office": true, "diet_vegan": false, "diet_vegetarian": false, "diet_glutenfree": false, "diet_halal": false, "unit_id": "24062A43-"}}, {"type": "Feature", "geometry": {"type": "Point", "coordinates": [4.6971438, 50.8720252]}, "properties": {"name": "Sint-Lucia", "spot_type": null, "is_eatery": false, "is_gastro": false, "is_retail": false, "is_transit": false, "is_office": true, "diet_vegan": false, "diet_vegetarian": false, "diet_glutenfree": false, "diet_halal": false, "unit_id": "24062A43-"}}, {"type": "Feature", "geometry": {"type": "Point", "coordinates": [4.6973376, 50.8710626]}, "properties": {"name": "Sint-Maria Magdalena", "spot_type": null, "is_eatery": false, "is_gastro": false, "is_retail": false, "is_transit": false, "is_office": true, "diet_vegan": false, "diet_vegetarian": false, "diet_glutenfree": false, "diet_halal": false, "unit_id": "24062A43-"}}, {"type": "Feature", "geometry": {"type": "Point", "coordinates": [4.6971984, 50.8710877]}, "properties": {"name": "Sint-Martha", "spot_type": null, "is_eatery": false, "is_gastro": false, "is_retail": false, "is_transit": false, "is_office": true, "diet_vegan": false, "diet_vegetarian": false, "diet_glutenfree": false, "diet_halal": false, "unit_id": "24062A43-"}}, {"type": "Feature", "geometry": {"type": "Point", "coordinates": [4.6971125, 50.8721137]}, "properties": {"name": "Sint-Martinus", "spot_type": null, "is_eatery": false, "is_gastro": false, "is_retail": false, "is_transit": false, "is_office": true, "diet_vegan": false, "diet_vegetarian": false, "diet_glutenfree": false, "diet_halal": false, "unit_id": "24062A43-"}}, {"type": "Feature", "geometry": {"type": "Point", "coordinates": [4.6961772, 50.8725424]}, "properties": {"name": "Sint-Niklaas", "spot_type": null, "is_eatery": false, "is_gastro": false, "is_retail": false, "is_transit": false, "is_office": true, "diet_vegan": false, "diet_vegetarian": false, "diet_glutenfree": false, "diet_halal": false, "unit_id": "24062A43-"}}, {"type": "Feature", "geometry": {"type": "Point", "coordinates": [4.6952963, 50.8721017]}, "properties": {"name": "Sint-Quintinus", "spot_type": null, "is_eatery": false, "is_gastro": false, "is_retail": false, "is_transit": false, "is_office": true, "diet_vegan": false, "diet_vegetarian": false, "diet_glutenfree": false, "diet_halal": false, "unit_id": "24062A44-"}}, {"type": "Feature", "geometry": {"type": "Point", "coordinates": [4.6960827, 50.8721429]}, "properties": {"name": "Sint-Rombouts", "spot_type": null, "is_eatery": false, "is_gastro": false, "is_retail": false, "is_transit": false, "is_office": true, "diet_vegan": false, "diet_vegetarian": false, "diet_glutenfree": false, "diet_halal": false, "unit_id": "24062A43-"}}, {"type": "Feature", "geometry": {"type": "Point", "coordinates": [4.6977323, 50.8710179]}, "properties": {"name": "Sint-Rosa", "spot_type": null, "is_eatery": false, "is_gastro": false, "is_retail": false, "is_transit": false, "is_office": true, "diet_vegan": false, "diet_vegetarian": false, "diet_glutenfree": false, "diet_halal": false, "unit_id": "24062A43-"}}, {"type": "Feature", "geometry": {"type": "Point", "coordinates": [4.6967473, 50.8718026]}, "properties": {"name": "Sint-Rosalia", "spot_type": null, "is_eatery": false, "is_gastro": false, "is_retail": false, "is_transit": false, "is_office": true, "diet_vegan": false, "diet_vegetarian": false, "diet_glutenfree": false, "diet_halal": false, "unit_id": "24062A43-"}}, {"type": "Feature", "geometry": {"type": "Point", "coordinates": [4.6959867, 50.8725099]}, "properties": {"name": "Stookplaats", "spot_type": null, "is_eatery": false, "is_gastro": false, "is_retail": false, "is_transit": false, "is_office": true, "diet_vegan": false, "diet_vegetarian": false, "diet_glutenfree": false, "diet_halal": false, "unit_id": "24062A43-"}}, {"type": "Feature", "geometry": {"type": "Point", "coordinates": [4.6960266, 50.8756817]}, "properties": {"name": "The Leuven Institute for Ireland In Europe", "spot_type": null, "is_eatery": false, "is_gastro": false, "is_retail": false, "is_transit": false, "is_office": true, "diet_vegan": false, "diet_vegetarian": false, "diet_glutenfree": false, "diet_halal": false, "unit_id": "24062A03-"}}, {"type": "Feature", "geometry": {"type": "Point", "coordinates": [4.6800324, 50.8640566]}, "properties": {"name": "Acco", "spot_type": null, "is_eatery": false, "is_gastro": false, "is_retail": true, "is_transit": false, "is_office": false, "diet_vegan": false, "diet_vegetarian": false, "diet_glutenfree": false, "diet_halal": false, "unit_id": "24062D410"}}, {"type": "Feature", "geometry": {"type": "Point", "coordinates": [4.6781421, 50.867329]}, "properties": {"name": "IMEC Tower", "spot_type": null, "is_eatery": false, "is_gastro": false, "is_retail": false, "is_transit": false, "is_office": true, "diet_vegan": false, "diet_vegetarian": false, "diet_glutenfree": false, "diet_halal": false, "unit_id": "24062D410"}}, {"type": "Feature", "geometry": {"type": "Point", "coordinates": [4.7186686, 50.8804107]}, "properties": {"name": "Belle-Vue Shop", "spot_type": null, "is_eatery": false, "is_gastro": false, "is_retail": true, "is_transit": false, "is_office": false, "diet_vegan": false, "diet_vegetarian": false, "diet_glutenfree": false, "diet_halal": false, "unit_id": "24062C05-"}}, {"type": "Feature", "geometry": {"type": "Point", "coordinates": [4.693805, 50.8815491]}, "properties": {"name": "OCMW Leuven", "spot_type": null, "is_eatery": false, "is_gastro": false, "is_retail": false, "is_transit": false, "is_office": true, "diet_vegan": false, "diet_vegetarian": false, "diet_glutenfree": false, "diet_halal": false, "unit_id": "24062A51-"}}, {"type": "Feature", "geometry": {"type": "Point", "coordinates": [4.7396681, 50.8679362]}, "properties": {"name": "Zita", "spot_type": null, "is_eatery": true, "is_gastro": true, "is_retail": false, "is_transit": false, "is_office": false, "diet_vegan": false, "diet_vegetarian": false, "diet_glutenfree": false, "diet_halal": false, "unit_id": "24062E742"}}, {"type": "Feature", "geometry": {"type": "Point", "coordinates": [4.6961791, 50.8828804]}, "properties": {"name": "Interleuven", "spot_type": null, "is_eatery": false, "is_gastro": false, "is_retail": false, "is_transit": false, "is_office": true, "diet_vegan": false, "diet_vegetarian": false, "diet_glutenfree": false, "diet_halal": false, "unit_id": "24062A51-"}}, {"type": "Feature", "geometry": {"type": "Point", "coordinates": [4.6992369, 50.8797673]}, "properties": {"name": "Tiamo", "spot_type": null, "is_eatery": false, "is_gastro": false, "is_retail": true, "is_transit": false, "is_office": false, "diet_vegan": false, "diet_vegetarian": false, "diet_glutenfree": false, "diet_halal": false, "unit_id": "24062A01-"}}, {"type": "Feature", "geometry": {"type": "Point", "coordinates": [4.6784294, 50.8582568]}, "properties": {"name": "Campus Arenberg II", "spot_type": null, "is_eatery": false, "is_gastro": false, "is_retail": false, "is_transit": false, "is_office": true, "diet_vegan": false, "diet_vegetarian": false, "diet_glutenfree": false, "diet_halal": false, "unit_id": "24062D410"}}, {"type": "Feature", "geometry": {"type": "Point", "coordinates": [4.6758064, 50.8632516]}, "properties": {"name": "Campus Arenberg III", "spot_type": null, "is_eatery": false, "is_gastro": false, "is_retail": false, "is_transit": false, "is_office": true, "diet_vegan": false, "diet_vegetarian": false, "diet_glutenfree": false, "diet_halal": false, "unit_id": "24062D410"}}, {"type": "Feature", "geometry": {"type": "Point", "coordinates": [4.6853864, 50.862792]}, "properties": {"name": "Campus Arenberg I", "spot_type": null, "is_eatery": false, "is_gastro": false, "is_retail": false, "is_transit": false, "is_office": true, "diet_vegan": false, "diet_vegetarian": false, "diet_glutenfree": false, "diet_halal": false, "unit_id": "24062D410"}}, {"type": "Feature", "geometry": {"type": "Point", "coordinates": [4.6991364, 50.8688719]}, "properties": {"name": "Newyork Pizza", "spot_type": null, "is_eatery": true, "is_gastro": true, "is_retail": false, "is_transit": false, "is_office": false, "diet_vegan": false, "diet_vegetarian": false, "diet_glutenfree": false, "diet_halal": false, "unit_id": "24062A42-"}}, {"type": "Feature", "geometry": {"type": "Point", "coordinates": [4.6992413, 50.8688329]}, "properties": {"name": "Domino's", "spot_type": null, "is_eatery": true, "is_gastro": true, "is_retail": false, "is_transit": false, "is_office": false, "diet_vegan": true, "diet_vegetarian": true, "diet_glutenfree": true, "diet_halal": false, "unit_id": "24062A42-"}}, {"type": "Feature", "geometry": {"type": "Point", "coordinates": [4.6944988, 50.8696081]}, "properties": {"name": "Sportcentrum Vandervaeren", "spot_type": null, "is_eatery": true, "is_gastro": true, "is_retail": false, "is_transit": false, "is_office": false, "diet_vegan": false, "diet_vegetarian": false, "diet_glutenfree": false, "diet_halal": false, "unit_id": "24062D410"}}, {"type": "Feature", "geometry": {"type": "Point", "coordinates": [4.6956328, 50.861747]}, "properties": {"name": "Het Brood", "spot_type": "bakery", "is_eatery": true, "is_gastro": false, "is_retail": false, "is_transit": false, "is_office": false, "diet_vegan": false, "diet_vegetarian": false, "diet_glutenfree": false, "diet_halal": false, "unit_id": "24062D03-"}}, {"type": "Feature", "geometry": {"type": "Point", "coordinates": [4.6957435, 50.8651968]}, "properties": {"name": "Immo Ter Duin", "spot_type": null, "is_eatery": false, "is_gastro": false, "is_retail": false, "is_transit": false, "is_office": true, "diet_vegan": false, "diet_vegetarian": false, "diet_glutenfree": false, "diet_halal": false, "unit_id": "24062D00-"}}, {"type": "Feature", "geometry": {"type": "Point", "coordinates": [4.6957669, 50.8652282]}, "properties": {"name": "Vertaalbureau Alphabet", "spot_type": null, "is_eatery": false, "is_gastro": false, "is_retail": false, "is_transit": false, "is_office": true, "diet_vegan": false, "diet_vegetarian": false, "diet_glutenfree": false, "diet_halal": false, "unit_id": "24062D00-"}}, {"type": "Feature", "geometry": {"type": "Point", "coordinates": [4.6957677, 50.8651378]}, "properties": {"name": "Traditionele Chineese Geneeswijze", "spot_type": null, "is_eatery": false, "is_gastro": false, "is_retail": false, "is_transit": false, "is_office": true, "diet_vegan": false, "diet_vegetarian": false, "diet_glutenfree": false, "diet_halal": false, "unit_id": "24062D00-"}}, {"type": "Feature", "geometry": {"type": "Point", "coordinates": [4.6956612, 50.8635576]}, "properties": {"name": "Mama Wong", "spot_type": null, "is_eatery": true, "is_gastro": true, "is_retail": false, "is_transit": false, "is_office": false, "diet_vegan": false, "diet_vegetarian": false, "diet_glutenfree": false, "diet_halal": false, "unit_id": "24062D00-"}}, {"type": "Feature", "geometry": {"type": "Point", "coordinates": [4.6864288, 50.8614809]}, "properties": {"name": "The Lodge", "spot_type": "cafe", "is_eatery": true, "is_gastro": false, "is_retail": false, "is_transit": false, "is_office": false, "diet_vegan": false, "diet_vegetarian": false, "diet_glutenfree": false, "diet_halal": false, "unit_id": "24062D01-"}}, {"type": "Feature", "geometry": {"type": "Point", "coordinates": [4.6865215, 50.8610256]}, "properties": {"name": "Zorba", "spot_type": null, "is_eatery": true, "is_gastro": true, "is_retail": false, "is_transit": false, "is_office": false, "diet_vegan": false, "diet_vegetarian": false, "diet_glutenfree": false, "diet_halal": false, "unit_id": "24062D01-"}}, {"type": "Feature", "geometry": {"type": "Point", "coordinates": [4.7045708, 50.8806718]}, "properties": {"name": "Galeria Inno", "spot_type": null, "is_eatery": false, "is_gastro": false, "is_retail": true, "is_transit": false, "is_office": false, "diet_vegan": false, "diet_vegetarian": false, "diet_glutenfree": false, "diet_halal": false, "unit_id": "24062A11-"}}, {"type": "Feature", "geometry": {"type": "Point", "coordinates": [4.7541735, 50.9200406]}, "properties": {"name": "Beenhouwerij Robberts", "spot_type": null, "is_eatery": false, "is_gastro": false, "is_retail": true, "is_transit": false, "is_office": false, "diet_vegan": false, "diet_vegetarian": false, "diet_glutenfree": false, "diet_halal": false, "unit_id": "24043A00-"}}, {"type": "Feature", "geometry": {"type": "Point", "coordinates": [4.7132657, 50.8643312]}, "properties": {"name": "Mariapoort", "spot_type": null, "is_eatery": false, "is_gastro": false, "is_retail": false, "is_transit": false, "is_office": true, "diet_vegan": false, "diet_vegetarian": false, "diet_glutenfree": false, "diet_halal": false, "unit_id": "24062D209"}}, {"type": "Feature", "geometry": {"type": "Point", "coordinates": [4.6932314, 50.8695048]}, "properties": {"name": "De Spuye", "spot_type": null, "is_eatery": true, "is_gastro": true, "is_retail": false, "is_transit": false, "is_office": false, "diet_vegan": false, "diet_vegetarian": false, "diet_glutenfree": false, "diet_halal": false, "unit_id": "24062D410"}}, {"type": "Feature", "geometry": {"type": "Point", "coordinates": [4.70032, 50.8747568]}, "properties": {"name": "Huis Van tSestich", "spot_type": null, "is_eatery": false, "is_gastro": false, "is_retail": false, "is_transit": false, "is_office": true, "diet_vegan": false, "diet_vegetarian": false, "diet_glutenfree": false, "diet_halal": false, "unit_id": "24062A02-"}}, {"type": "Feature", "geometry": {"type": "Point", "coordinates": [4.7123375, 50.8763534]}, "properties": {"name": "Davidsfonds Leuven", "spot_type": null, "is_eatery": false, "is_gastro": false, "is_retail": false, "is_transit": false, "is_office": true, "diet_vegan": false, "diet_vegetarian": false, "diet_glutenfree": false, "diet_halal": false, "unit_id": "24062A32-"}}, {"type": "Feature", "geometry": {"type": "Point", "coordinates": [4.6920212, 50.869609]}, "properties": {"name": "Gymnasium - Zwembad", "spot_type": null, "is_eatery": false, "is_gastro": false, "is_retail": false, "is_transit": false, "is_office": true, "diet_vegan": false, "diet_vegetarian": false, "diet_glutenfree": false, "diet_halal": false, "unit_id": "24062D410"}}, {"type": "Feature", "geometry": {"type": "Point", "coordinates": [4.7148509, 50.8759751]}, "properties": {"name": null, "spot_type": null, "is_eatery": false, "is_gastro": false, "is_retail": false, "is_transit": false, "is_office": true, "diet_vegan": false, "diet_vegetarian": false, "diet_glutenfree": false, "diet_halal": false, "unit_id": "24062A32-"}}, {"type": "Feature", "geometry": {"type": "Point", "coordinates": [4.6696318, 50.8795481]}, "properties": {"name": "Rega Instituut", "spot_type": null, "is_eatery": false, "is_gastro": false, "is_retail": false, "is_transit": false, "is_office": true, "diet_vegan": false, "diet_vegetarian": false, "diet_glutenfree": false, "diet_halal": false, "unit_id": "24062D633"}}, {"type": "Feature", "geometry": {"type": "Point", "coordinates": [4.6956485, 50.8698782]}, "properties": {"name": "Delhaize Shop & Go", "spot_type": null, "is_eatery": false, "is_gastro": false, "is_retail": true, "is_transit": false, "is_office": false, "diet_vegan": false, "diet_vegetarian": false, "diet_glutenfree": false, "diet_halal": false, "unit_id": "24062A40-"}}, {"type": "Feature", "geometry": {"type": "Point", "coordinates": [4.705116, 50.8784761]}, "properties": {"name": "Huis Jeanne Devos", "spot_type": null, "is_eatery": false, "is_gastro": false, "is_retail": false, "is_transit": false, "is_office": true, "diet_vegan": false, "diet_vegetarian": false, "diet_glutenfree": false, "diet_halal": false, "unit_id": "24062A23-"}}, {"type": "Feature", "geometry": {"type": "Point", "coordinates": [4.7031596, 50.8763558]}, "properties": {"name": "Aula Pieter De Somer", "spot_type": null, "is_eatery": false, "is_gastro": false, "is_retail": false, "is_transit": false, "is_office": true, "diet_vegan": false, "diet_vegetarian": false, "diet_glutenfree": false, "diet_halal": false, "unit_id": "24062A02-"}}, {"type": "Feature", "geometry": {"type": "Point", "coordinates": [4.7087907, 50.8766445]}, "properties": {"name": "Mgr.Romerohuis", "spot_type": null, "is_eatery": false, "is_gastro": false, "is_retail": false, "is_transit": false, "is_office": true, "diet_vegan": false, "diet_vegetarian": false, "diet_glutenfree": false, "diet_halal": false, "unit_id": "24062A31-"}}, {"type": "Feature", "geometry": {"type": "Point", "coordinates": [4.7084646, 50.8770896]}, "properties": {"name": "Uitbreiding Rechtsgeleerdheid", "spot_type": null, "is_eatery": false, "is_gastro": false, "is_retail": false, "is_transit": false, "is_office": true, "diet_vegan": false, "diet_vegetarian": false, "diet_glutenfree": false, "diet_halal": false, "unit_id": "24062A31-"}}, {"type": "Feature", "geometry": {"type": "Point", "coordinates": [4.704707, 50.8779629]}, "properties": {"name": "College De Valk", "spot_type": null, "is_eatery": false, "is_gastro": false, "is_retail": false, "is_transit": false, "is_office": true, "diet_vegan": false, "diet_vegetarian": false, "diet_glutenfree": false, "diet_halal": false, "unit_id": "24062A23-"}}, {"type": "Feature", "geometry": {"type": "Point", "coordinates": [4.7041273, 50.8776157]}, "properties": {"name": "College De Valk-Poorthuis", "spot_type": null, "is_eatery": false, "is_gastro": false, "is_retail": false, "is_transit": false, "is_office": true, "diet_vegan": false, "diet_vegetarian": false, "diet_glutenfree": false, "diet_halal": false, "unit_id": "24062A30-"}}, {"type": "Feature", "geometry": {"type": "Point", "coordinates": [4.7080192, 50.87736]}, "properties": {"name": "Steunpunt NT2", "spot_type": null, "is_eatery": false, "is_gastro": false, "is_retail": false, "is_transit": false, "is_office": true, "diet_vegan": false, "diet_vegetarian": false, "diet_glutenfree": false, "diet_halal": false, "unit_id": "24062A31-"}}, {"type": "Feature", "geometry": {"type": "Point", "coordinates": [4.7083337, 50.8736447]}, "properties": {"name": "Dulci", "spot_type": null, "is_eatery": false, "is_gastro": false, "is_retail": false, "is_transit": false, "is_office": true, "diet_vegan": false, "diet_vegetarian": false, "diet_glutenfree": false, "diet_halal": false, "unit_id": "24062A35-"}}, {"type": "Feature", "geometry": {"type": "Point", "coordinates": [4.7080142, 50.873558]}, "properties": {"name": "Auditorium Bouckaert", "spot_type": null, "is_eatery": false, "is_gastro": false, "is_retail": false, "is_transit": false, "is_office": true, "diet_vegan": false, "diet_vegetarian": false, "diet_glutenfree": false, "diet_halal": false, "unit_id": "24062A35-"}}, {"type": "Feature", "geometry": {"type": "Point", "coordinates": [4.7076909, 50.8775069]}, "properties": {"name": "F.Verbiestproject", "spot_type": null, "is_eatery": false, "is_gastro": false, "is_retail": false, "is_transit": false, "is_office": true, "diet_vegan": false, "diet_vegetarian": false, "diet_glutenfree": false, "diet_halal": false, "unit_id": "24062A31-"}}, {"type": "Feature", "geometry": {"type": "Point", "coordinates": [4.7078136, 50.8774715]}, "properties": {"name": "Europahuis", "spot_type": null, "is_eatery": false, "is_gastro": false, "is_retail": false, "is_transit": false, "is_office": true, "diet_vegan": false, "diet_vegetarian": false, "diet_glutenfree": false, "diet_halal": false, "unit_id": "24062A31-"}}, {"type": "Feature", "geometry": {"type": "Point", "coordinates": [4.7095694, 50.8768427]}, "properties": {"name": "Sagalassos", "spot_type": null, "is_eatery": false, "is_gastro": false, "is_retail": false, "is_transit": false, "is_office": true, "diet_vegan": false, "diet_vegetarian": false, "diet_glutenfree": false, "diet_halal": false, "unit_id": "24062A31-"}}, {"type": "Feature", "geometry": {"type": "Point", "coordinates": [4.7039351, 50.8730416]}, "properties": {"name": "Auditoriacomplex", "spot_type": null, "is_eatery": false, "is_gastro": false, "is_retail": false, "is_transit": false, "is_office": true, "diet_vegan": false, "diet_vegetarian": false, "diet_glutenfree": false, "diet_halal": false, "unit_id": "24062A36-"}}, {"type": "Feature", "geometry": {"type": "Point", "coordinates": [4.7007214, 50.8752837]}, "properties": {"name": "Atrechtcollege", "spot_type": null, "is_eatery": false, "is_gastro": false, "is_retail": false, "is_transit": false, "is_office": true, "diet_vegan": false, "diet_vegetarian": false, "diet_glutenfree": false, "diet_halal": false, "unit_id": "24062A02-"}}, {"type": "Feature", "geometry": {"type": "Point", "coordinates": [4.7008519, 50.8746575]}, "properties": {"name": "Hogenheuvelcollege", "spot_type": null, "is_eatery": false, "is_gastro": false, "is_retail": false, "is_transit": false, "is_office": true, "diet_vegan": false, "diet_vegetarian": false, "diet_glutenfree": false, "diet_halal": false, "unit_id": "24062A02-"}}, {"type": "Feature", "geometry": {"type": "Point", "coordinates": [4.69449, 50.877106]}, "properties": {"name": "Justus Lipsiuscollege", "spot_type": null, "is_eatery": false, "is_gastro": false, "is_retail": false, "is_transit": false, "is_office": true, "diet_vegan": false, "diet_vegetarian": false, "diet_glutenfree": false, "diet_halal": false, "unit_id": "24062A04-"}}, {"type": "Feature", "geometry": {"type": "Point", "coordinates": [4.6992586, 50.8769408]}, "properties": {"name": "Heilige-Geestcollege Garage", "spot_type": null, "is_eatery": false, "is_gastro": false, "is_retail": false, "is_transit": false, "is_office": true, "diet_vegan": false, "diet_vegetarian": false, "diet_glutenfree": false, "diet_halal": false, "unit_id": "24062A03-"}}, {"type": "Feature", "geometry": {"type": "Point", "coordinates": [4.7038348, 50.8733276]}, "properties": {"name": "HIVA", "spot_type": null, "is_eatery": false, "is_gastro": false, "is_retail": false, "is_transit": false, "is_office": true, "diet_vegan": false, "diet_vegetarian": false, "diet_glutenfree": false, "diet_halal": false, "unit_id": "24062A36-"}}, {"type": "Feature", "geometry": {"type": "Point", "coordinates": [4.6862363, 50.8817752]}, "properties": {"name": "Camilo Torres I", "spot_type": null, "is_eatery": false, "is_gastro": false, "is_retail": false, "is_transit": false, "is_office": true, "diet_vegan": false, "diet_vegetarian": false, "diet_glutenfree": false, "diet_halal": false, "unit_id": "24062A53-"}}, {"type": "Feature", "geometry": {"type": "Point", "coordinates": [4.6869067, 50.8816315]}, "properties": {"name": "Camilo Torres II", "spot_type": null, "is_eatery": false, "is_gastro": false, "is_retail": false, "is_transit": false, "is_office": true, "diet_vegan": false, "diet_vegetarian": false, "diet_glutenfree": false, "diet_halal": false, "unit_id": "24062A53-"}}, {"type": "Feature", "geometry": {"type": "Point", "coordinates": [4.6979336, 50.8769377]}, "properties": {"name": "Sint-Jan Berchmans", "spot_type": null, "is_eatery": false, "is_gastro": false, "is_retail": false, "is_transit": false, "is_office": true, "diet_vegan": false, "diet_vegetarian": false, "diet_glutenfree": false, "diet_halal": false, "unit_id": "24062A03-"}}, {"type": "Feature", "geometry": {"type": "Point", "coordinates": [4.7017885, 50.876048]}, "properties": {"name": "Huis De Dorlodot", "spot_type": null, "is_eatery": false, "is_gastro": false, "is_retail": false, "is_transit": false, "is_office": true, "diet_vegan": false, "diet_vegetarian": false, "diet_glutenfree": false, "diet_halal": false, "unit_id": "24062A02-"}}, {"type": "Feature", "geometry": {"type": "Point", "coordinates": [4.7078555, 50.8756141]}, "properties": {"name": "Seminarie Leo XIII", "spot_type": null, "is_eatery": false, "is_gastro": false, "is_retail": false, "is_transit": false, "is_office": true, "diet_vegan": false, "diet_vegetarian": false, "diet_glutenfree": false, "diet_halal": false, "unit_id": "24062A30-"}}, {"type": "Feature", "geometry": {"type": "Point", "coordinates": [4.7076299, 50.8758371]}, "properties": {"name": "Leo XIII-Professorengebouw", "spot_type": null, "is_eatery": false, "is_gastro": false, "is_retail": false, "is_transit": false, "is_office": true, "diet_vegan": false, "diet_vegetarian": false, "diet_glutenfree": false, "diet_halal": false, "unit_id": "24062A30-"}}, {"type": "Feature", "geometry": {"type": "Point", "coordinates": [4.7081751, 50.8756447]}, "properties": {"name": "Huis Warny", "spot_type": null, "is_eatery": false, "is_gastro": false, "is_retail": false, "is_transit": false, "is_office": true, "diet_vegan": false, "diet_vegetarian": false, "diet_glutenfree": false, "diet_halal": false, "unit_id": "24062A30-"}}, {"type": "Feature", "geometry": {"type": "Point", "coordinates": [4.7080595, 50.8756796]}, "properties": {"name": "Sint-Franciscus-huis", "spot_type": null, "is_eatery": false, "is_gastro": false, "is_retail": false, "is_transit": false, "is_office": true, "diet_vegan": false, "diet_vegetarian": false, "diet_glutenfree": false, "diet_halal": false, "unit_id": "24062A30-"}}, {"type": "Feature", "geometry": {"type": "Point", "coordinates": [4.7152741, 50.8778875]}, "properties": {"name": "Studentenwoonhuis O.L.Vrouw", "spot_type": null, "is_eatery": false, "is_gastro": false, "is_retail": false, "is_transit": false, "is_office": true, "diet_vegan": false, "diet_vegetarian": false, "diet_glutenfree": false, "diet_halal": false, "unit_id": "24062A32-"}}, {"type": "Feature", "geometry": {"type": "Point", "coordinates": [4.6975013, 50.8711821]}, "properties": {"name": "Sint-Margaretha", "spot_type": null, "is_eatery": false, "is_gastro": false, "is_retail": false, "is_transit": false, "is_office": true, "diet_vegan": false, "diet_vegetarian": false, "diet_glutenfree": false, "diet_halal": false, "unit_id": "24062A43-"}}, {"type": "Feature", "geometry": {"type": "Point", "coordinates": [4.6977606, 50.8711505]}, "properties": {"name": "De Heilige Drijvuldigheid", "spot_type": null, "is_eatery": false, "is_gastro": false, "is_retail": false, "is_transit": false, "is_office": true, "diet_vegan": false, "diet_vegetarian": false, "diet_glutenfree": false, "diet_halal": false, "unit_id": "24062A43-"}}, {"type": "Feature", "geometry": {"type": "Point", "coordinates": [4.6976468, 50.8711609]}, "properties": {"name": "Sint-Michel", "spot_type": null, "is_eatery": false, "is_gastro": false, "is_retail": false, "is_transit": false, "is_office": true, "diet_vegan": false, "diet_vegetarian": false, "diet_glutenfree": false, "diet_halal": false, "unit_id": "24062A43-"}}, {"type": "Feature", "geometry": {"type": "Point", "coordinates": [4.6970604, 50.8710861]}, "properties": {"name": "De Engelbewaarder", "spot_type": null, "is_eatery": false, "is_gastro": false, "is_retail": false, "is_transit": false, "is_office": true, "diet_vegan": false, "diet_vegetarian": false, "diet_glutenfree": false, "diet_halal": false, "unit_id": "24062A43-"}}, {"type": "Feature", "geometry": {"type": "Point", "coordinates": [4.6964553, 50.871729]}, "properties": {"name": "Sint-Ignatius", "spot_type": null, "is_eatery": false, "is_gastro": false, "is_retail": false, "is_transit": false, "is_office": true, "diet_vegan": false, "diet_vegetarian": false, "diet_glutenfree": false, "diet_halal": false, "unit_id": "24062A43-"}}, {"type": "Feature", "geometry": {"type": "Point", "coordinates": [4.6961876, 50.871774]}, "properties": {"name": "Sint-Hilarius", "spot_type": null, "is_eatery": false, "is_gastro": false, "is_retail": false, "is_transit": false, "is_office": true, "diet_vegan": false, "diet_vegetarian": false, "diet_glutenfree": false, "diet_halal": false, "unit_id": "24062A43-"}}, {"type": "Feature", "geometry": {"type": "Point", "coordinates": [4.6955731, 50.8718024]}, "properties": {"name": "Sint-Augustinus", "spot_type": null, "is_eatery": false, "is_gastro": false, "is_retail": false, "is_transit": false, "is_office": true, "diet_vegan": false, "diet_vegetarian": false, "diet_glutenfree": false, "diet_halal": false, "unit_id": "24062A44-"}}, {"type": "Feature", "geometry": {"type": "Point", "coordinates": [4.6958506, 50.871922]}, "properties": {"name": "Meisjesweeshuis", "spot_type": null, "is_eatery": false, "is_gastro": false, "is_retail": false, "is_transit": false, "is_office": true, "diet_vegan": false, "diet_vegetarian": false, "diet_glutenfree": false, "diet_halal": false, "unit_id": "24062A43-"}}, {"type": "Feature", "geometry": {"type": "Point", "coordinates": [4.6960359, 50.8719766]}, "properties": {"name": "Het Convent van Chievres", "spot_type": null, "is_eatery": false, "is_gastro": false, "is_retail": false, "is_transit": false, "is_office": true, "diet_vegan": false, "diet_vegetarian": false, "diet_glutenfree": false, "diet_halal": false, "unit_id": "24062A43-"}}, {"type": "Feature", "geometry": {"type": "Point", "coordinates": [4.6965822, 50.8718521]}, "properties": {"name": "De Heilige Geest", "spot_type": null, "is_eatery": false, "is_gastro": false, "is_retail": false, "is_transit": false, "is_office": true, "diet_vegan": false, "diet_vegetarian": false, "diet_glutenfree": false, "diet_halal": false, "unit_id": "24062A43-"}}, {"type": "Feature", "geometry": {"type": "Point", "coordinates": [4.696896, 50.8720041]}, "properties": {"name": "Sint-Agatha", "spot_type": null, "is_eatery": false, "is_gastro": false, "is_retail": false, "is_transit": false, "is_office": true, "diet_vegan": false, "diet_vegetarian": false, "diet_glutenfree": false, "diet_halal": false, "unit_id": "24062A43-"}}, {"type": "Feature", "geometry": {"type": "Point", "coordinates": [4.6964053, 50.8726701]}, "properties": {"name": "Convent van St.-Katelijnenberg", "spot_type": null, "is_eatery": false, "is_gastro": false, "is_retail": false, "is_transit": false, "is_office": true, "diet_vegan": false, "diet_vegetarian": false, "diet_glutenfree": false, "diet_halal": false, "unit_id": "24062A43-"}}, {"type": "Feature", "geometry": {"type": "Point", "coordinates": [4.6968205, 50.8728484]}, "properties": {"name": "Sint-Benedictus", "spot_type": null, "is_eatery": false, "is_gastro": false, "is_retail": false, "is_transit": false, "is_office": true, "diet_vegan": false, "diet_vegetarian": false, "diet_glutenfree": false, "diet_halal": false, "unit_id": "24062A43-"}}, {"type": "Feature", "geometry": {"type": "Point", "coordinates": [4.6969815, 50.8724869]}, "properties": {"name": "Het Convent van Sint-Paulus", "spot_type": null, "is_eatery": false, "is_gastro": false, "is_retail": false, "is_transit": false, "is_office": true, "diet_vegan": false, "diet_vegetarian": false, "diet_glutenfree": false, "diet_halal": false, "unit_id": "24062A43-"}}, {"type": "Feature", "geometry": {"type": "Point", "coordinates": [4.6973059, 50.8719964]}, "properties": {"name": "De Cas van Waver", "spot_type": null, "is_eatery": false, "is_gastro": false, "is_retail": false, "is_transit": false, "is_office": true, "diet_vegan": false, "diet_vegetarian": false, "diet_glutenfree": false, "diet_halal": false, "unit_id": "24062A43-"}}, {"type": "Feature", "geometry": {"type": "Point", "coordinates": [4.6979613, 50.8723536]}, "properties": {"name": "De Vier Evangelisten", "spot_type": null, "is_eatery": false, "is_gastro": false, "is_retail": false, "is_transit": false, "is_office": true, "diet_vegan": false, "diet_vegetarian": false, "diet_glutenfree": false, "diet_halal": false, "unit_id": "24062A43-"}}, {"type": "Feature", "geometry": {"type": "Point", "coordinates": [4.6932596, 50.8699431]}, "properties": {"name": "Dispersiecabine hoogspanning", "spot_type": null, "is_eatery": false, "is_gastro": false, "is_retail": false, "is_transit": false, "is_office": true, "diet_vegan": false, "diet_vegetarian": false, "diet_glutenfree": false, "diet_halal": false, "unit_id": "24062D410"}}, {"type": "Feature", "geometry": {"type": "Point", "coordinates": [4.6923957, 50.8684081]}, "properties": {"name": "Kapel", "spot_type": null, "is_eatery": false, "is_gastro": false, "is_retail": false, "is_transit": false, "is_office": true, "diet_vegan": false, "diet_vegetarian": false, "diet_glutenfree": false, "diet_halal": false, "unit_id": "24062D410"}}, {"type": "Feature", "geometry": {"type": "Point", "coordinates": [4.6879902, 50.8694314]}, "properties": {"name": "Pius-X-College", "spot_type": null, "is_eatery": false, "is_gastro": false, "is_retail": false, "is_transit": false, "is_office": true, "diet_vegan": false, "diet_vegetarian": false, "diet_glutenfree": false, "diet_halal": false, "unit_id": "24062D410"}}, {"type": "Feature", "geometry": {"type": "Point", "coordinates": [4.6896467, 50.8700919]}, "properties": {"name": "Johannes XXIII blok A-B-C", "spot_type": null, "is_eatery": false, "is_gastro": false, "is_retail": false, "is_transit": false, "is_office": true, "diet_vegan": false, "diet_vegetarian": false, "diet_glutenfree": false, "diet_halal": false, "unit_id": "24062D410"}}, {"type": "Feature", "geometry": {"type": "Point", "coordinates": [4.6852165, 50.8677394]}, "properties": {"name": "Alma 3", "spot_type": null, "is_eatery": true, "is_gastro": true, "is_retail": false, "is_transit": false, "is_office": false, "diet_vegan": false, "diet_vegetarian": true, "diet_glutenfree": false, "diet_halal": false, "unit_id": "24062D410"}}, {"type": "Feature", "geometry": {"type": "Point", "coordinates": [4.699681, 50.8736023]}, "properties": {"name": "Rectorshuis", "spot_type": null, "is_eatery": false, "is_gastro": false, "is_retail": false, "is_transit": false, "is_office": true, "diet_vegan": false, "diet_vegetarian": false, "diet_glutenfree": false, "diet_halal": false, "unit_id": "24062A41-"}}, {"type": "Feature", "geometry": {"type": "Point", "coordinates": [4.7086018, 50.877037]}, "properties": {"name": "Sociale-Zekerheidsrecht", "spot_type": null, "is_eatery": false, "is_gastro": false, "is_retail": false, "is_transit": false, "is_office": true, "diet_vegan": false, "diet_vegetarian": false, "diet_glutenfree": false, "diet_halal": false, "unit_id": "24062A31-"}}, {"type": "Feature", "geometry": {"type": "Point", "coordinates": [4.7082176, 50.8772541]}, "properties": {"name": "Babel", "spot_type": null, "is_eatery": false, "is_gastro": false, "is_retail": false, "is_transit": false, "is_office": true, "diet_vegan": false, "diet_vegetarian": false, "diet_glutenfree": false, "diet_halal": false, "unit_id": "24062A31-"}}, {"type": "Feature", "geometry": {"type": "Point", "coordinates": [4.7079221, 50.8774113]}, "properties": {"name": "Huis Mgr. Janssens", "spot_type": null, "is_eatery": false, "is_gastro": false, "is_retail": false, "is_transit": false, "is_office": true, "diet_vegan": false, "diet_vegetarian": false, "diet_glutenfree": false, "diet_halal": false, "unit_id": "24062A31-"}}, {"type": "Feature", "geometry": {"type": "Point", "coordinates": [4.6970096, 50.8777609]}, "properties": {"name": "Minderbroedersgebouw", "spot_type": null, "is_eatery": false, "is_gastro": false, "is_retail": false, "is_transit": false, "is_office": true, "diet_vegan": false, "diet_vegetarian": false, "diet_glutenfree": false, "diet_halal": false, "unit_id": "24062A03-"}}, {"type": "Feature", "geometry": {"type": "Point", "coordinates": [4.6939613, 50.8773008]}, "properties": {"name": "Justus Lipsiuscollege", "spot_type": null, "is_eatery": false, "is_gastro": false, "is_retail": false, "is_transit": false, "is_office": true, "diet_vegan": false, "diet_vegetarian": false, "diet_glutenfree": false, "diet_halal": false, "unit_id": "24062A04-"}}, {"type": "Feature", "geometry": {"type": "Point", "coordinates": [4.7078476, 50.8739174]}, "properties": {"name": "Instituut Levende Talen", "spot_type": null, "is_eatery": false, "is_gastro": false, "is_retail": false, "is_transit": false, "is_office": true, "diet_vegan": false, "diet_vegetarian": false, "diet_glutenfree": false, "diet_halal": false, "unit_id": "24062A35-"}}, {"type": "Feature", "geometry": {"type": "Point", "coordinates": [4.6955627, 50.8722334]}, "properties": {"name": "Ons Heer Hemelvaart", "spot_type": null, "is_eatery": false, "is_gastro": false, "is_retail": false, "is_transit": false, "is_office": true, "diet_vegan": false, "diet_vegetarian": false, "diet_glutenfree": false, "diet_halal": false, "unit_id": "24062A44-"}}, {"type": "Feature", "geometry": {"type": "Point", "coordinates": [4.6953965, 50.8722382]}, "properties": {"name": "Sint-Laurentius", "spot_type": null, "is_eatery": false, "is_gastro": false, "is_retail": false, "is_transit": false, "is_office": true, "diet_vegan": false, "diet_vegetarian": false, "diet_glutenfree": false, "diet_halal": false, "unit_id": "24062A44-"}}, {"type": "Feature", "geometry": {"type": "Point", "coordinates": [4.6952147, 50.8722437]}, "properties": {"name": "Sint-Jan Evangelist", "spot_type": null, "is_eatery": false, "is_gastro": false, "is_retail": false, "is_transit": false, "is_office": true, "diet_vegan": false, "diet_vegetarian": false, "diet_glutenfree": false, "diet_halal": false, "unit_id": "24062A44-"}}, {"type": "Feature", "geometry": {"type": "Point", "coordinates": [4.6950293, 50.8722492]}, "properties": {"name": "De soete naem Jesu", "spot_type": null, "is_eatery": false, "is_gastro": false, "is_retail": false, "is_transit": false, "is_office": true, "diet_vegan": false, "diet_vegetarian": false, "diet_glutenfree": false, "diet_halal": false, "unit_id": "24062A44-"}}, {"type": "Feature", "geometry": {"type": "Point", "coordinates": [4.6948513, 50.8722544]}, "properties": {"name": "Sint-Adrianus", "spot_type": null, "is_eatery": false, "is_gastro": false, "is_retail": false, "is_transit": false, "is_office": true, "diet_vegan": false, "diet_vegetarian": false, "diet_glutenfree": false, "diet_halal": false, "unit_id": "24062A44-"}}, {"type": "Feature", "geometry": {"type": "Point", "coordinates": [4.6947509, 50.8721132]}, "properties": {"name": "Convent O.L.Vr. Presentatie", "spot_type": null, "is_eatery": false, "is_gastro": false, "is_retail": false, "is_transit": false, "is_office": true, "diet_vegan": false, "diet_vegetarian": false, "diet_glutenfree": false, "diet_halal": false, "unit_id": "24062A44-"}}, {"type": "Feature", "geometry": {"type": "Point", "coordinates": [4.6875816, 50.8749988]}, "properties": {"name": "KartHuis", "spot_type": null, "is_eatery": false, "is_gastro": false, "is_retail": false, "is_transit": false, "is_office": true, "diet_vegan": false, "diet_vegetarian": false, "diet_glutenfree": false, "diet_halal": false, "unit_id": "24062A52-"}}, {"type": "Feature", "geometry": {"type": "Point", "coordinates": [4.6904364, 50.8794583]}, "properties": {"name": "De Frittoerist", "spot_type": null, "is_eatery": true, "is_gastro": true, "is_retail": false, "is_transit": false, "is_office": false, "diet_vegan": false, "diet_vegetarian": false, "diet_glutenfree": false, "diet_halal": false, "unit_id": "24062A50-"}}, {"type": "Feature", "geometry": {"type": "Point", "coordinates": [4.7159263, 50.8820075]}, "properties": {"name": "Panos", "spot_type": "bakery", "is_eatery": true, "is_gastro": false, "is_retail": false, "is_transit": false, "is_office": false, "diet_vegan": false, "diet_vegetarian": false, "diet_glutenfree": false, "diet_halal": false, "unit_id": "24062A17-"}}, {"type": "Feature", "geometry": {"type": "Point", "coordinates": [4.7161161, 50.8820374]}, "properties": {"name": "WokAway", "spot_type": null, "is_eatery": true, "is_gastro": true, "is_retail": false, "is_transit": false, "is_office": false, "diet_vegan": false, "diet_vegetarian": true, "diet_glutenfree": false, "diet_halal": false, "unit_id": "24062A17-"}}, {"type": "Feature", "geometry": {"type": "Point", "coordinates": [4.7224296, 50.8829311]}, "properties": {"name": "Antico Pizza", "spot_type": null, "is_eatery": true, "is_gastro": true, "is_retail": false, "is_transit": false, "is_office": false, "diet_vegan": false, "diet_vegetarian": false, "diet_glutenfree": false, "diet_halal": false, "unit_id": "24062C01-"}}, {"type": "Feature", "geometry": {"type": "Point", "coordinates": [4.7224272, 50.8830595]}, "properties": {"name": "Falafel Habibi", "spot_type": null, "is_eatery": true, "is_gastro": true, "is_retail": false, "is_transit": false, "is_office": false, "diet_vegan": false, "diet_vegetarian": true, "diet_glutenfree": false, "diet_halal": false, "unit_id": "24062C01-"}}, {"type": "Feature", "geometry": {"type": "Point", "coordinates": [4.7223964, 50.8832115]}, "properties": {"name": "Het Perron", "spot_type": null, "is_eatery": false, "is_gastro": false, "is_retail": true, "is_transit": false, "is_office": false, "diet_vegan": false, "diet_vegetarian": false, "diet_glutenfree": false, "diet_halal": false, "unit_id": "24062C01-"}}, {"type": "Feature", "geometry": {"type": "Point", "coordinates": [4.7223833, 50.8832771]}, "properties": {"name": "Het Perron", "spot_type": null, "is_eatery": false, "is_gastro": false, "is_retail": true, "is_transit": false, "is_office": false, "diet_vegan": false, "diet_vegetarian": false, "diet_glutenfree": false, "diet_halal": false, "unit_id": "24062C01-"}}, {"type": "Feature", "geometry": {"type": "Point", "coordinates": [4.7222074, 50.8834935]}, "properties": {"name": "Korst", "spot_type": "bakery", "is_eatery": true, "is_gastro": false, "is_retail": false, "is_transit": false, "is_office": false, "diet_vegan": false, "diet_vegetarian": true, "diet_glutenfree": true, "diet_halal": false, "unit_id": "24062C01-"}}, {"type": "Feature", "geometry": {"type": "Point", "coordinates": [4.7163119, 50.8820681]}, "properties": {"name": "Kebab Company", "spot_type": null, "is_eatery": true, "is_gastro": true, "is_retail": false, "is_transit": false, "is_office": false, "diet_vegan": false, "diet_vegetarian": false, "diet_glutenfree": false, "diet_halal": false, "unit_id": "24062A17-"}}, {"type": "Feature", "geometry": {"type": "Point", "coordinates": [4.706447, 50.8763155]}, "properties": {"name": "Gainsbourg", "spot_type": null, "is_eatery": true, "is_gastro": true, "is_retail": false, "is_transit": false, "is_office": false, "diet_vegan": false, "diet_vegetarian": false, "diet_glutenfree": false, "diet_halal": false, "unit_id": "24062A30-"}}, {"type": "Feature", "geometry": {"type": "Point", "coordinates": [4.7042922, 50.875564]}, "properties": {"name": "Loempialand", "spot_type": null, "is_eatery": true, "is_gastro": true, "is_retail": false, "is_transit": false, "is_office": false, "diet_vegan": false, "diet_vegetarian": false, "diet_glutenfree": false, "diet_halal": false, "unit_id": "24062A35-"}}, {"type": "Feature", "geometry": {"type": "Point", "coordinates": [4.706918, 50.8747388]}, "properties": {"name": "Dep. Ped.Wetensch.-Leo XIII", "spot_type": null, "is_eatery": false, "is_gastro": false, "is_retail": false, "is_transit": false, "is_office": true, "diet_vegan": false, "diet_vegetarian": false, "diet_glutenfree": false, "diet_halal": false, "unit_id": "24062A35-"}}, {"type": "Feature", "geometry": {"type": "Point", "coordinates": [4.7066408, 50.8771538]}, "properties": {"name": "De Watergroep", "spot_type": null, "is_eatery": false, "is_gastro": false, "is_retail": false, "is_transit": false, "is_office": true, "diet_vegan": false, "diet_vegetarian": false, "diet_glutenfree": false, "diet_halal": false, "unit_id": "24062A31-"}}, {"type": "Feature", "geometry": {"type": "Point", "coordinates": [4.7193114, 50.886671]}, "properties": {"name": "Bakker Lembrechts", "spot_type": "bakery", "is_eatery": true, "is_gastro": false, "is_retail": false, "is_transit": false, "is_office": false, "diet_vegan": false, "diet_vegetarian": false, "diet_glutenfree": false, "diet_halal": false, "unit_id": "24062C00-"}}, {"type": "Feature", "geometry": {"type": "Point", "coordinates": [4.6838853, 50.8765388]}, "properties": {"name": "Frituur Tervuursepoort", "spot_type": null, "is_eatery": true, "is_gastro": true, "is_retail": false, "is_transit": false, "is_office": false, "diet_vegan": false, "diet_vegetarian": true, "diet_glutenfree": false, "diet_halal": false, "unit_id": "24062D60-"}}, {"type": "Feature", "geometry": {"type": "Point", "coordinates": [4.7030599, 50.8747871]}, "properties": {"name": "Lukemieke", "spot_type": null, "is_eatery": true, "is_gastro": true, "is_retail": false, "is_transit": false, "is_office": false, "diet_vegan": false, "diet_vegetarian": true, "diet_glutenfree": false, "diet_halal": false, "unit_id": "24062A36-"}}, {"type": "Feature", "geometry": {"type": "Point", "coordinates": [4.6999473, 50.8686179]}, "properties": {"name": "Nico Vandebroek", "spot_type": null, "is_eatery": false, "is_gastro": false, "is_retail": false, "is_transit": false, "is_office": true, "diet_vegan": false, "diet_vegetarian": false, "diet_glutenfree": false, "diet_halal": false, "unit_id": "24062A42-"}}, {"type": "Feature", "geometry": {"type": "Point", "coordinates": [4.7000569, 50.8740643]}, "properties": {"name": "La Filosofia", "spot_type": null, "is_eatery": true, "is_gastro": true, "is_retail": false, "is_transit": false, "is_office": false, "diet_vegan": false, "diet_vegetarian": false, "diet_glutenfree": false, "diet_halal": false, "unit_id": "24062A41-"}}, {"type": "Feature", "geometry": {"type": "Point", "coordinates": [4.7089009, 50.8759228]}, "properties": {"name": "Acco", "spot_type": null, "is_eatery": false, "is_gastro": false, "is_retail": true, "is_transit": false, "is_office": false, "diet_vegan": false, "diet_vegetarian": false, "diet_glutenfree": false, "diet_halal": false, "unit_id": "24062A31-"}}, {"type": "Feature", "geometry": {"type": "Point", "coordinates": [4.701789, 50.8742755]}, "properties": {"name": "Vlerick Business School", "spot_type": null, "is_eatery": false, "is_gastro": false, "is_retail": false, "is_transit": false, "is_office": true, "diet_vegan": false, "diet_vegetarian": false, "diet_glutenfree": false, "diet_halal": false, "unit_id": "24062A36-"}}, {"type": "Feature", "geometry": {"type": "Point", "coordinates": [4.701481, 50.8738479]}, "properties": {"name": "Pedagogie Sedes Prelaten", "spot_type": null, "is_eatery": false, "is_gastro": false, "is_retail": false, "is_transit": false, "is_office": true, "diet_vegan": false, "diet_vegetarian": false, "diet_glutenfree": false, "diet_halal": false, "unit_id": "24062A36-"}}, {"type": "Feature", "geometry": {"type": "Point", "coordinates": [4.7207755, 50.8867625]}, "properties": {"name": "Atelier Berlijn: Guerilla office architects", "spot_type": null, "is_eatery": false, "is_gastro": false, "is_retail": false, "is_transit": false, "is_office": true, "diet_vegan": false, "diet_vegetarian": false, "diet_glutenfree": false, "diet_halal": false, "unit_id": "24062C00-"}}, {"type": "Feature", "geometry": {"type": "Point", "coordinates": [4.670765, 50.865612]}, "properties": {"name": "Intarsia Building", "spot_type": null, "is_eatery": false, "is_gastro": false, "is_retail": false, "is_transit": false, "is_office": true, "diet_vegan": false, "diet_vegetarian": false, "diet_glutenfree": false, "diet_halal": false, "unit_id": "24062D591"}}, {"type": "Feature", "geometry": {"type": "Point", "coordinates": [4.7085126, 50.8752826]}, "properties": {"name": "Vesalius Aula", "spot_type": null, "is_eatery": false, "is_gastro": false, "is_retail": false, "is_transit": false, "is_office": true, "diet_vegan": false, "diet_vegetarian": false, "diet_glutenfree": false, "diet_halal": false, "unit_id": "24062A30-"}}, {"type": "Feature", "geometry": {"type": "Point", "coordinates": [4.6914778, 50.8692187]}, "properties": {"name": "Topsporthal", "spot_type": null, "is_eatery": false, "is_gastro": false, "is_retail": false, "is_transit": false, "is_office": true, "diet_vegan": false, "diet_vegetarian": false, "diet_glutenfree": false, "diet_halal": false, "unit_id": "24062D410"}}, {"type": "Feature", "geometry": {"type": "Point", "coordinates": [4.6722586, 50.879852]}, "properties": {"name": "Ghb - Onderwijs & Navorsing 1", "spot_type": null, "is_eatery": false, "is_gastro": false, "is_retail": false, "is_transit": false, "is_office": true, "diet_vegan": false, "diet_vegetarian": false, "diet_glutenfree": false, "diet_halal": false, "unit_id": "24062D633"}}, {"type": "Feature", "geometry": {"type": "Point", "coordinates": [4.6713449, 50.8799673]}, "properties": {"name": "Ghb - Animalium", "spot_type": null, "is_eatery": false, "is_gastro": false, "is_retail": false, "is_transit": false, "is_office": true, "diet_vegan": false, "diet_vegetarian": false, "diet_glutenfree": false, "diet_halal": false, "unit_id": "24062D633"}}, {"type": "Feature", "geometry": {"type": "Point", "coordinates": [4.6707858, 50.8801786]}, "properties": {"name": "Ghb - Animalium (nieuwbouw)", "spot_type": null, "is_eatery": false, "is_gastro": false, "is_retail": false, "is_transit": false, "is_office": true, "diet_vegan": false, "diet_vegetarian": false, "diet_glutenfree": false, "diet_halal": false, "unit_id": "24062D633"}}, {"type": "Feature", "geometry": {"type": "Point", "coordinates": [4.6714167, 50.879682]}, "properties": {"name": "Ghb - Onderwijs & Navorsing 3", "spot_type": null, "is_eatery": false, "is_gastro": false, "is_retail": false, "is_transit": false, "is_office": true, "diet_vegan": false, "diet_vegetarian": false, "diet_glutenfree": false, "diet_halal": false, "unit_id": "24062D633"}}, {"type": "Feature", "geometry": {"type": "Point", "coordinates": [4.715628, 50.8815379]}, "properties": {"name": "Madmum", "spot_type": "cafe", "is_eatery": true, "is_gastro": false, "is_retail": false, "is_transit": false, "is_office": false, "diet_vegan": false, "diet_vegetarian": false, "diet_glutenfree": false, "diet_halal": false, "unit_id": "24062A17-"}}, {"type": "Feature", "geometry": {"type": "Point", "coordinates": [4.6735021, 50.8797764]}, "properties": {"name": "Ghb - Alma/leercentrum/onderwijstoren", "spot_type": null, "is_eatery": false, "is_gastro": false, "is_retail": false, "is_transit": false, "is_office": true, "diet_vegan": false, "diet_vegetarian": false, "diet_glutenfree": false, "diet_halal": false, "unit_id": "24062D633"}}, {"type": "Feature", "geometry": {"type": "Point", "coordinates": [4.7027434, 50.8887247]}, "properties": {"name": "Residentie Waterview 14", "spot_type": null, "is_eatery": false, "is_gastro": false, "is_retail": false, "is_transit": false, "is_office": true, "diet_vegan": false, "diet_vegetarian": false, "diet_glutenfree": false, "diet_halal": false, "unit_id": "24062A07-"}}, {"type": "Feature", "geometry": {"type": "Point", "coordinates": [4.6727317, 50.8806192]}, "properties": {"name": "Ghb - Onderwijs & Navorsing 2", "spot_type": null, "is_eatery": false, "is_gastro": false, "is_retail": false, "is_transit": false, "is_office": true, "diet_vegan": false, "diet_vegetarian": false, "diet_glutenfree": false, "diet_halal": false, "unit_id": "24062D633"}}, {"type": "Feature", "geometry": {"type": "Point", "coordinates": [4.6988343, 50.8694425]}, "properties": {"name": "Moreau", "spot_type": null, "is_eatery": false, "is_gastro": false, "is_retail": false, "is_transit": false, "is_office": true, "diet_vegan": false, "diet_vegetarian": false, "diet_glutenfree": false, "diet_halal": false, "unit_id": "24062A40-"}}, {"type": "Feature", "geometry": {"type": "Point", "coordinates": [4.6869473, 50.8968579]}, "properties": {"name": "Plas van Herent cafetaria", "spot_type": "cafe", "is_eatery": true, "is_gastro": false, "is_retail": false, "is_transit": false, "is_office": false, "diet_vegan": false, "diet_vegetarian": false, "diet_glutenfree": false, "diet_halal": false, "unit_id": "24038A181"}}, {"type": "Feature", "geometry": {"type": "Point", "coordinates": [4.7008247, 50.8716649]}, "properties": {"name": null, "spot_type": null, "is_eatery": true, "is_gastro": true, "is_retail": false, "is_transit": false, "is_office": false, "diet_vegan": false, "diet_vegetarian": false, "diet_glutenfree": false, "diet_halal": false, "unit_id": "24062A42-"}}, {"type": "Feature", "geometry": {"type": "Point", "coordinates": [4.7046204, 50.8730194]}, "properties": {"name": "Home Vesalius", "spot_type": null, "is_eatery": false, "is_gastro": false, "is_retail": false, "is_transit": false, "is_office": true, "diet_vegan": false, "diet_vegetarian": false, "diet_glutenfree": false, "diet_halal": false, "unit_id": "24062A36-"}}, {"type": "Feature", "geometry": {"type": "Point", "coordinates": [4.7031854, 50.8730091]}, "properties": {"name": "Auditoria J.Monnet-M.Weber", "spot_type": null, "is_eatery": false, "is_gastro": false, "is_retail": false, "is_transit": false, "is_office": true, "diet_vegan": false, "diet_vegetarian": false, "diet_glutenfree": false, "diet_halal": false, "unit_id": "24062A36-"}}, {"type": "Feature", "geometry": {"type": "Point", "coordinates": [4.7072662, 50.8693952]}, "properties": {"name": "PRS Winkel", "spot_type": null, "is_eatery": false, "is_gastro": false, "is_retail": true, "is_transit": false, "is_office": false, "diet_vegan": false, "diet_vegetarian": false, "diet_glutenfree": false, "diet_halal": false, "unit_id": "24062A42-"}}, {"type": "Feature", "geometry": {"type": "Point", "coordinates": [4.7117511, 50.8759563]}, "properties": {"name": "Carrefour Express", "spot_type": null, "is_eatery": false, "is_gastro": false, "is_retail": true, "is_transit": false, "is_office": false, "diet_vegan": false, "diet_vegetarian": false, "diet_glutenfree": false, "diet_halal": false, "unit_id": "24062A32-"}}, {"type": "Feature", "geometry": {"type": "Point", "coordinates": [4.7118817, 50.876092]}, "properties": {"name": "Frituur Movie", "spot_type": null, "is_eatery": true, "is_gastro": true, "is_retail": false, "is_transit": false, "is_office": false, "diet_vegan": false, "diet_vegetarian": false, "diet_glutenfree": false, "diet_halal": false, "unit_id": "24062A32-"}}, {"type": "Feature", "geometry": {"type": "Point", "coordinates": [4.7102538, 50.8748976]}, "properties": {"name": "'t Smullerke", "spot_type": null, "is_eatery": true, "is_gastro": true, "is_retail": false, "is_transit": false, "is_office": false, "diet_vegan": false, "diet_vegetarian": false, "diet_glutenfree": false, "diet_halal": false, "unit_id": "24062A30-"}}, {"type": "Feature", "geometry": {"type": "Point", "coordinates": [4.7081056, 50.8761583]}, "properties": {"name": "Alma 1", "spot_type": null, "is_eatery": true, "is_gastro": true, "is_retail": false, "is_transit": false, "is_office": false, "diet_vegan": false, "diet_vegetarian": false, "diet_glutenfree": false, "diet_halal": false, "unit_id": "24062A31-"}}, {"type": "Feature", "geometry": {"type": "Point", "coordinates": [4.7083946, 50.8772245]}, "properties": {"name": "Groepspraktijk voor Huisartsen", "spot_type": null, "is_eatery": false, "is_gastro": false, "is_retail": false, "is_transit": false, "is_office": true, "diet_vegan": false, "diet_vegetarian": false, "diet_glutenfree": false, "diet_halal": false, "unit_id": "24062A31-"}}, {"type": "Feature", "geometry": {"type": "Point", "coordinates": [4.7024168, 50.8761681]}, "properties": {"name": "Maurits Sabbebibliotheek", "spot_type": null, "is_eatery": false, "is_gastro": false, "is_retail": false, "is_transit": false, "is_office": true, "diet_vegan": false, "diet_vegetarian": false, "diet_glutenfree": false, "diet_halal": false, "unit_id": "24062A02-"}}, {"type": "Feature", "geometry": {"type": "Point", "coordinates": [4.6971429, 50.8718657]}, "properties": {"name": "Sint-Helena", "spot_type": null, "is_eatery": false, "is_gastro": false, "is_retail": false, "is_transit": false, "is_office": true, "diet_vegan": false, "diet_vegetarian": false, "diet_glutenfree": false, "diet_halal": false, "unit_id": "24062A43-"}}, {"type": "Feature", "geometry": {"type": "Point", "coordinates": [4.6945501, 50.877808]}, "properties": {"name": "UZ-Rega-Instituut-x", "spot_type": null, "is_eatery": false, "is_gastro": false, "is_retail": false, "is_transit": false, "is_office": true, "diet_vegan": false, "diet_vegetarian": false, "diet_glutenfree": false, "diet_halal": false, "unit_id": "24062A04-"}}, {"type": "Feature", "geometry": {"type": "Point", "coordinates": [4.6977246, 50.8764686]}, "properties": {"name": "Mise en Place Leuven | Horeca Uitzendbureau", "spot_type": null, "is_eatery": false, "is_gastro": false, "is_retail": false, "is_transit": false, "is_office": true, "diet_vegan": false, "diet_vegetarian": false, "diet_glutenfree": false, "diet_halal": false, "unit_id": "24062A03-"}}, {"type": "Feature", "geometry": {"type": "Point", "coordinates": [4.697846, 50.8746442]}, "properties": {"name": "Herenhuis Bethlehem", "spot_type": null, "is_eatery": false, "is_gastro": false, "is_retail": false, "is_transit": false, "is_office": true, "diet_vegan": false, "diet_vegetarian": false, "diet_glutenfree": false, "diet_halal": false, "unit_id": "24062A03-"}}, {"type": "Feature", "geometry": {"type": "Point", "coordinates": [4.6976502, 50.8732534]}, "properties": {"name": "Zwartzustersklooster", "spot_type": null, "is_eatery": false, "is_gastro": false, "is_retail": false, "is_transit": false, "is_office": true, "diet_vegan": false, "diet_vegetarian": false, "diet_glutenfree": false, "diet_halal": false, "unit_id": "24062A03-"}}, {"type": "Feature", "geometry": {"type": "Point", "coordinates": [4.6998188, 50.8753177]}, "properties": {"name": "D'Artagnan", "spot_type": null, "is_eatery": true, "is_gastro": true, "is_retail": false, "is_transit": false, "is_office": false, "diet_vegan": false, "diet_vegetarian": false, "diet_glutenfree": false, "diet_halal": false, "unit_id": "24062A41-"}}, {"type": "Feature", "geometry": {"type": "Point", "coordinates": [4.6989831, 50.8731949]}, "properties": {"name": "Amerikaans College", "spot_type": null, "is_eatery": false, "is_gastro": false, "is_retail": false, "is_transit": false, "is_office": true, "diet_vegan": false, "diet_vegetarian": false, "diet_glutenfree": false, "diet_halal": false, "unit_id": "24062A41-"}}, {"type": "Feature", "geometry": {"type": "Point", "coordinates": [4.750035, 50.8664741]}, "properties": {"name": "ALDI", "spot_type": null, "is_eatery": false, "is_gastro": false, "is_retail": true, "is_transit": false, "is_office": false, "diet_vegan": false, "diet_vegetarian": false, "diet_glutenfree": false, "diet_halal": false, "unit_id": "24011B221"}}, {"type": "Feature", "geometry": {"type": "Point", "coordinates": [4.696608, 50.8713922]}, "properties": {"name": "Restaurant Cum Laude", "spot_type": null, "is_eatery": true, "is_gastro": true, "is_retail": false, "is_transit": false, "is_office": false, "diet_vegan": false, "diet_vegetarian": false, "diet_glutenfree": false, "diet_halal": false, "unit_id": "24062A43-"}}, {"type": "Feature", "geometry": {"type": "Point", "coordinates": [4.7247411, 50.8650437]}, "properties": {"name": "Voeding Karine", "spot_type": null, "is_eatery": false, "is_gastro": false, "is_retail": true, "is_transit": false, "is_office": false, "diet_vegan": false, "diet_vegetarian": false, "diet_glutenfree": false, "diet_halal": false, "unit_id": "24062E710"}}, {"type": "Feature", "geometry": {"type": "Point", "coordinates": [4.6861359, 50.8793432]}, "properties": {"name": "Copal - tuinkamers", "spot_type": null, "is_eatery": false, "is_gastro": false, "is_retail": false, "is_transit": false, "is_office": true, "diet_vegan": false, "diet_vegetarian": false, "diet_glutenfree": false, "diet_halal": false, "unit_id": "24062A53-"}}, {"type": "Feature", "geometry": {"type": "Point", "coordinates": [4.6885748, 50.8758967]}, "properties": {"name": "Frituur Het Grotteke", "spot_type": null, "is_eatery": true, "is_gastro": true, "is_retail": false, "is_transit": false, "is_office": false, "diet_vegan": false, "diet_vegetarian": false, "diet_glutenfree": false, "diet_halal": false, "unit_id": "24062A52-"}}, {"type": "Feature", "geometry": {"type": "Point", "coordinates": [4.712397, 50.8709574]}, "properties": {"name": "Het land aan de overkant", "spot_type": null, "is_eatery": true, "is_gastro": true, "is_retail": false, "is_transit": false, "is_office": false, "diet_vegan": false, "diet_vegetarian": false, "diet_glutenfree": false, "diet_halal": false, "unit_id": "24062D10-"}}, {"type": "Feature", "geometry": {"type": "Point", "coordinates": [4.7287804, 50.8536655]}, "properties": {"name": "De Dietrich Process Systems", "spot_type": null, "is_eatery": false, "is_gastro": false, "is_retail": false, "is_transit": false, "is_office": true, "diet_vegan": false, "diet_vegetarian": false, "diet_glutenfree": false, "diet_halal": false, "unit_id": "24062E774"}}, {"type": "Feature", "geometry": {"type": "Point", "coordinates": [4.7273533, 50.8532275]}, "properties": {"name": null, "spot_type": null, "is_eatery": false, "is_gastro": false, "is_retail": false, "is_transit": false, "is_office": true, "diet_vegan": false, "diet_vegetarian": false, "diet_glutenfree": false, "diet_halal": false, "unit_id": "24062E774"}}, {"type": "Feature", "geometry": {"type": "Point", "coordinates": [4.7123716, 50.8710241]}, "properties": {"name": "IJsbar Het Land", "spot_type": null, "is_eatery": true, "is_gastro": true, "is_retail": false, "is_transit": false, "is_office": false, "diet_vegan": false, "diet_vegetarian": false, "diet_glutenfree": false, "diet_halal": false, "unit_id": "24062D10-"}}, {"type": "Feature", "geometry": {"type": "Point", "coordinates": [4.7146357, 50.8733157]}, "properties": {"name": "Kaminsky", "spot_type": "cafe", "is_eatery": true, "is_gastro": false, "is_retail": false, "is_transit": false, "is_office": false, "diet_vegan": false, "diet_vegetarian": false, "diet_glutenfree": false, "diet_halal": false, "unit_id": "24062D10-"}}, {"type": "Feature", "geometry": {"type": "Point", "coordinates": [4.7159541, 50.8731312]}, "properties": {"name": "De Karwij", "spot_type": null, "is_eatery": false, "is_gastro": false, "is_retail": true, "is_transit": false, "is_office": false, "diet_vegan": false, "diet_vegetarian": false, "diet_glutenfree": false, "diet_halal": false, "unit_id": "24062D10-"}}, {"type": "Feature", "geometry": {"type": "Point", "coordinates": [4.6828432, 50.8766601]}, "properties": {"name": "t' Dagelijks Broodje", "spot_type": null, "is_eatery": true, "is_gastro": true, "is_retail": false, "is_transit": false, "is_office": false, "diet_vegan": false, "diet_vegetarian": false, "diet_glutenfree": false, "diet_halal": false, "unit_id": "24062D60-"}}, {"type": "Feature", "geometry": {"type": "Point", "coordinates": [4.6829294, 50.876684]}, "properties": {"name": "Fiscloud", "spot_type": null, "is_eatery": false, "is_gastro": false, "is_retail": false, "is_transit": false, "is_office": true, "diet_vegan": false, "diet_vegetarian": false, "diet_glutenfree": false, "diet_halal": false, "unit_id": "24062D60-"}}, {"type": "Feature", "geometry": {"type": "Point", "coordinates": [4.6818041, 50.8763939]}, "properties": {"name": "China Take Away", "spot_type": null, "is_eatery": true, "is_gastro": true, "is_retail": false, "is_transit": false, "is_office": false, "diet_vegan": false, "diet_vegetarian": false, "diet_glutenfree": false, "diet_halal": false, "unit_id": "24062D60-"}}, {"type": "Feature", "geometry": {"type": "Point", "coordinates": [4.6831993, 50.876715]}, "properties": {"name": "Cafe Groenveld", "spot_type": "cafe", "is_eatery": true, "is_gastro": false, "is_retail": false, "is_transit": false, "is_office": false, "diet_vegan": false, "diet_vegetarian": false, "diet_glutenfree": false, "diet_halal": false, "unit_id": "24062D60-"}}, {"type": "Feature", "geometry": {"type": "Point", "coordinates": [4.7046702, 50.8752895]}, "properties": {"name": "Ristorante Guzzi", "spot_type": null, "is_eatery": true, "is_gastro": true, "is_retail": false, "is_transit": false, "is_office": false, "diet_vegan": false, "diet_vegetarian": false, "diet_glutenfree": false, "diet_halal": false, "unit_id": "24062A35-"}}, {"type": "Feature", "geometry": {"type": "Point", "coordinates": [4.7032389, 50.8739558]}, "properties": {"name": "Alma 2", "spot_type": null, "is_eatery": true, "is_gastro": true, "is_retail": false, "is_transit": false, "is_office": false, "diet_vegan": false, "diet_vegetarian": false, "diet_glutenfree": false, "diet_halal": false, "unit_id": "24062A36-"}}, {"type": "Feature", "geometry": {"type": "Point", "coordinates": [4.7033394, 50.8734617]}, "properties": {"name": "Campus Sociale Wetenschappen", "spot_type": null, "is_eatery": false, "is_gastro": false, "is_retail": false, "is_transit": false, "is_office": true, "diet_vegan": false, "diet_vegetarian": false, "diet_glutenfree": false, "diet_halal": false, "unit_id": "24062A36-"}}, {"type": "Feature", "geometry": {"type": "Point", "coordinates": [4.7108923, 50.877455]}, "properties": {"name": "Dal Pesce Innamorato", "spot_type": null, "is_eatery": true, "is_gastro": true, "is_retail": false, "is_transit": false, "is_office": false, "diet_vegan": false, "diet_vegetarian": false, "diet_glutenfree": false, "diet_halal": false, "unit_id": "24062A32-"}}, {"type": "Feature", "geometry": {"type": "Point", "coordinates": [4.7097001, 50.8765126]}, "properties": {"name": "vleugels", "spot_type": "bakery", "is_eatery": true, "is_gastro": false, "is_retail": false, "is_transit": false, "is_office": false, "diet_vegan": false, "diet_vegetarian": false, "diet_glutenfree": false, "diet_halal": false, "unit_id": "24062A32-"}}, {"type": "Feature", "geometry": {"type": "Point", "coordinates": [4.7114581, 50.8778215]}, "properties": {"name": "Mediterranee", "spot_type": null, "is_eatery": false, "is_gastro": false, "is_retail": true, "is_transit": false, "is_office": false, "diet_vegan": false, "diet_vegetarian": false, "diet_glutenfree": false, "diet_halal": false, "unit_id": "24062A32-"}}, {"type": "Feature", "geometry": {"type": "Point", "coordinates": [4.7117817, 50.8781348]}, "properties": {"name": "Coffee & Bagel", "spot_type": "cafe", "is_eatery": true, "is_gastro": false, "is_retail": false, "is_transit": false, "is_office": false, "diet_vegan": false, "diet_vegetarian": false, "diet_glutenfree": false, "diet_halal": false, "unit_id": "24062A32-"}}, {"type": "Feature", "geometry": {"type": "Point", "coordinates": [4.7095845, 50.8750934]}, "properties": {"name": "Spar", "spot_type": null, "is_eatery": false, "is_gastro": false, "is_retail": true, "is_transit": false, "is_office": false, "diet_vegan": false, "diet_vegetarian": false, "diet_glutenfree": false, "diet_halal": false, "unit_id": "24062A30-"}}, {"type": "Feature", "geometry": {"type": "Point", "coordinates": [4.7099718, 50.8750082]}, "properties": {"name": "Chick 'n Dip", "spot_type": null, "is_eatery": true, "is_gastro": true, "is_retail": false, "is_transit": false, "is_office": false, "diet_vegan": false, "diet_vegetarian": false, "diet_glutenfree": false, "diet_halal": false, "unit_id": "24062A30-"}}, {"type": "Feature", "geometry": {"type": "Point", "coordinates": [4.7098423, 50.8752891]}, "properties": {"name": "Chapeau", "spot_type": "cafe", "is_eatery": true, "is_gastro": false, "is_retail": false, "is_transit": false, "is_office": false, "diet_vegan": false, "diet_vegetarian": false, "diet_glutenfree": false, "diet_halal": false, "unit_id": "24062A30-"}}, {"type": "Feature", "geometry": {"type": "Point", "coordinates": [4.7090841, 50.8755364]}, "properties": {"name": "Taste of Fresh", "spot_type": null, "is_eatery": true, "is_gastro": true, "is_retail": false, "is_transit": false, "is_office": false, "diet_vegan": false, "diet_vegetarian": false, "diet_glutenfree": false, "diet_halal": false, "unit_id": "24062A30-"}}, {"type": "Feature", "geometry": {"type": "Point", "coordinates": [4.7092055, 50.8755106]}, "properties": {"name": "Thai Time", "spot_type": null, "is_eatery": true, "is_gastro": true, "is_retail": false, "is_transit": false, "is_office": false, "diet_vegan": false, "diet_vegetarian": false, "diet_glutenfree": false, "diet_halal": false, "unit_id": "24062A30-"}}, {"type": "Feature", "geometry": {"type": "Point", "coordinates": [4.7090059, 50.8755619]}, "properties": {"name": "Le Mustache", "spot_type": "cafe", "is_eatery": true, "is_gastro": false, "is_retail": false, "is_transit": false, "is_office": false, "diet_vegan": false, "diet_vegetarian": false, "diet_glutenfree": false, "diet_halal": false, "unit_id": "24062A30-"}}, {"type": "Feature", "geometry": {"type": "Point", "coordinates": [4.7128524, 50.8741177]}, "properties": {"name": "Kyoto Sushi", "spot_type": null, "is_eatery": true, "is_gastro": true, "is_retail": false, "is_transit": false, "is_office": false, "diet_vegan": false, "diet_vegetarian": false, "diet_glutenfree": false, "diet_halal": false, "unit_id": "24062A30-"}}, {"type": "Feature", "geometry": {"type": "Point", "coordinates": [4.7139126, 50.8737819]}, "properties": {"name": "Frituur DE RING", "spot_type": null, "is_eatery": true, "is_gastro": true, "is_retail": false, "is_transit": false, "is_office": false, "diet_vegan": false, "diet_vegetarian": true, "diet_glutenfree": false, "diet_halal": false, "unit_id": "24062A32-"}}, {"type": "Feature", "geometry": {"type": "Point", "coordinates": [4.7138638, 50.8737068]}, "properties": {"name": "CDS IMMO", "spot_type": null, "is_eatery": false, "is_gastro": false, "is_retail": false, "is_transit": false, "is_office": true, "diet_vegan": false, "diet_vegetarian": false, "diet_glutenfree": false, "diet_halal": false, "unit_id": "24062A30-"}}, {"type": "Feature", "geometry": {"type": "Point", "coordinates": [4.713235, 50.8737108]}, "properties": {"name": "Ni Hao", "spot_type": null, "is_eatery": true, "is_gastro": true, "is_retail": false, "is_transit": false, "is_office": false, "diet_vegan": false, "diet_vegetarian": false, "diet_glutenfree": false, "diet_halal": false, "unit_id": "24062A30-"}}, {"type": "Feature", "geometry": {"type": "Point", "coordinates": [4.7118427, 50.8742893]}, "properties": {"name": "Voodoo Voeding", "spot_type": null, "is_eatery": false, "is_gastro": false, "is_retail": true, "is_transit": false, "is_office": false, "diet_vegan": false, "diet_vegetarian": false, "diet_glutenfree": false, "diet_halal": false, "unit_id": "24062A30-"}}, {"type": "Feature", "geometry": {"type": "Point", "coordinates": [4.7342095, 50.8779971]}, "properties": {"name": "Paul Jaubin", "spot_type": "bakery", "is_eatery": true, "is_gastro": false, "is_retail": false, "is_transit": false, "is_office": false, "diet_vegan": false, "diet_vegetarian": false, "diet_glutenfree": false, "diet_halal": false, "unit_id": "24062C43-"}}, {"type": "Feature", "geometry": {"type": "Point", "coordinates": [4.733925, 50.8777098]}, "properties": {"name": "Ah Quy", "spot_type": null, "is_eatery": true, "is_gastro": true, "is_retail": false, "is_transit": false, "is_office": false, "diet_vegan": false, "diet_vegetarian": false, "diet_glutenfree": false, "diet_halal": false, "unit_id": "24062C43-"}}, {"type": "Feature", "geometry": {"type": "Point", "coordinates": [4.6643149, 50.8678201]}, "properties": {"name": "ETF Campus", "spot_type": null, "is_eatery": false, "is_gastro": false, "is_retail": false, "is_transit": false, "is_office": true, "diet_vegan": false, "diet_vegetarian": false, "diet_glutenfree": false, "diet_halal": false, "unit_id": "24062D622"}}, {"type": "Feature", "geometry": {"type": "Point", "coordinates": [4.7303995, 50.8564156]}, "properties": {"name": "Lindner Welsy", "spot_type": null, "is_eatery": false, "is_gastro": false, "is_retail": false, "is_transit": false, "is_office": true, "diet_vegan": false, "diet_vegetarian": false, "diet_glutenfree": false, "diet_halal": false, "unit_id": "24062E790"}}, {"type": "Feature", "geometry": {"type": "Point", "coordinates": [4.7019855, 50.8744249]}, "properties": {"name": "Pand Vlerick", "spot_type": null, "is_eatery": false, "is_gastro": false, "is_retail": false, "is_transit": false, "is_office": true, "diet_vegan": false, "diet_vegetarian": false, "diet_glutenfree": false, "diet_halal": false, "unit_id": "24062A36-"}}, {"type": "Feature", "geometry": {"type": "Point", "coordinates": [4.7047213, 50.8774427]}, "properties": {"name": "Woonhuis", "spot_type": null, "is_eatery": false, "is_gastro": false, "is_retail": false, "is_transit": false, "is_office": true, "diet_vegan": false, "diet_vegetarian": false, "diet_glutenfree": false, "diet_halal": false, "unit_id": "24062A30-"}}, {"type": "Feature", "geometry": {"type": "Point", "coordinates": [4.705723, 50.8782976]}, "properties": {"name": "Appartementen-Ingang", "spot_type": null, "is_eatery": false, "is_gastro": false, "is_retail": false, "is_transit": false, "is_office": true, "diet_vegan": false, "diet_vegetarian": false, "diet_glutenfree": false, "diet_halal": false, "unit_id": "24062A23-"}}, {"type": "Feature", "geometry": {"type": "Point", "coordinates": [4.6983115, 50.8742035]}, "properties": {"name": "Woning en elektriciteitscabine", "spot_type": null, "is_eatery": false, "is_gastro": false, "is_retail": false, "is_transit": false, "is_office": true, "diet_vegan": false, "diet_vegetarian": false, "diet_glutenfree": false, "diet_halal": false, "unit_id": "24062A41-"}}, {"type": "Feature", "geometry": {"type": "Point", "coordinates": [4.6982392, 50.8732206]}, "properties": {"name": "Garagegebouw", "spot_type": null, "is_eatery": false, "is_gastro": false, "is_retail": false, "is_transit": false, "is_office": true, "diet_vegan": false, "diet_vegetarian": false, "diet_glutenfree": false, "diet_halal": false, "unit_id": "24062A41-"}}, {"type": "Feature", "geometry": {"type": "Point", "coordinates": [4.6954854, 50.8709767]}, "properties": {"name": "Hotel Begijnhof", "spot_type": null, "is_eatery": false, "is_gastro": false, "is_retail": false, "is_transit": false, "is_office": true, "diet_vegan": false, "diet_vegetarian": false, "diet_glutenfree": false, "diet_halal": false, "unit_id": "24062A40-"}}, {"type": "Feature", "geometry": {"type": "Point", "coordinates": [4.6740705, 50.8552108]}, "properties": {"name": "KADOC Archief", "spot_type": null, "is_eatery": false, "is_gastro": false, "is_retail": false, "is_transit": false, "is_office": true, "diet_vegan": false, "diet_vegetarian": false, "diet_glutenfree": false, "diet_halal": false, "unit_id": "24062D410"}}, {"type": "Feature", "geometry": {"type": "Point", "coordinates": [4.670777, 50.8808998]}, "properties": {"name": "GhB - RK-gebouw", "spot_type": null, "is_eatery": false, "is_gastro": false, "is_retail": false, "is_transit": false, "is_office": true, "diet_vegan": false, "diet_vegetarian": false, "diet_glutenfree": false, "diet_halal": false, "unit_id": "24062D633"}}, {"type": "Feature", "geometry": {"type": "Point", "coordinates": [4.6906605, 50.8703429]}, "properties": {"name": "Beach & Fitnesshal", "spot_type": null, "is_eatery": false, "is_gastro": false, "is_retail": false, "is_transit": false, "is_office": true, "diet_vegan": false, "diet_vegetarian": false, "diet_glutenfree": false, "diet_halal": false, "unit_id": "24062D410"}}, {"type": "Feature", "geometry": {"type": "Point", "coordinates": [4.7177888, 50.8806962]}, "properties": {"name": "Residentie STUDAX", "spot_type": null, "is_eatery": false, "is_gastro": false, "is_retail": false, "is_transit": false, "is_office": true, "diet_vegan": false, "diet_vegetarian": false, "diet_glutenfree": false, "diet_halal": false, "unit_id": "24062C05-"}}, {"type": "Feature", "geometry": {"type": "Point", "coordinates": [4.7092634, 50.8785131]}, "properties": {"name": "Magazijn", "spot_type": null, "is_eatery": false, "is_gastro": false, "is_retail": false, "is_transit": false, "is_office": true, "diet_vegan": false, "diet_vegetarian": false, "diet_glutenfree": false, "diet_halal": false, "unit_id": "24062A32-"}}, {"type": "Feature", "geometry": {"type": "Point", "coordinates": [4.7098253, 50.8769665]}, "properties": {"name": "Gascabine Letteren", "spot_type": null, "is_eatery": false, "is_gastro": false, "is_retail": false, "is_transit": false, "is_office": true, "diet_vegan": false, "diet_vegetarian": false, "diet_glutenfree": false, "diet_halal": false, "unit_id": "24062A31-"}}, {"type": "Feature", "geometry": {"type": "Point", "coordinates": [4.7030032, 50.8827898]}, "properties": {"name": "Hoogspanningscabine Rega", "spot_type": null, "is_eatery": false, "is_gastro": false, "is_retail": false, "is_transit": false, "is_office": true, "diet_vegan": false, "diet_vegetarian": false, "diet_glutenfree": false, "diet_halal": false, "unit_id": "24062A11-"}}, {"type": "Feature", "geometry": {"type": "Point", "coordinates": [4.7152999, 50.8508267]}, "properties": {"name": "Loods Haasrode", "spot_type": null, "is_eatery": false, "is_gastro": false, "is_retail": false, "is_transit": false, "is_office": true, "diet_vegan": false, "diet_vegetarian": false, "diet_glutenfree": false, "diet_halal": false, "unit_id": "24062E774"}}, {"type": "Feature", "geometry": {"type": "Point", "coordinates": [4.6712933, 50.880382]}, "properties": {"name": "Ghb - Onderwijs en Navorsing 1 bis", "spot_type": null, "is_eatery": false, "is_gastro": false, "is_retail": false, "is_transit": false, "is_office": true, "diet_vegan": false, "diet_vegetarian": false, "diet_glutenfree": false, "diet_halal": false, "unit_id": "24062D633"}}, {"type": "Feature", "geometry": {"type": "Point", "coordinates": [4.6926481, 50.8691251]}, "properties": {"name": "Pompstation", "spot_type": null, "is_eatery": false, "is_gastro": false, "is_retail": false, "is_transit": false, "is_office": true, "diet_vegan": false, "diet_vegetarian": false, "diet_glutenfree": false, "diet_halal": false, "unit_id": "24062D410"}}, {"type": "Feature", "geometry": {"type": "Point", "coordinates": [4.7292038, 50.8847933]}, "properties": {"name": null, "spot_type": null, "is_eatery": false, "is_gastro": false, "is_retail": false, "is_transit": false, "is_office": true, "diet_vegan": false, "diet_vegetarian": false, "diet_glutenfree": false, "diet_halal": false, "unit_id": "24062C02-"}}, {"type": "Feature", "geometry": {"type": "Point", "coordinates": [4.6810313, 50.8819117]}, "properties": {"name": "LUCA School of Arts Lemmensinstituut", "spot_type": null, "is_eatery": false, "is_gastro": false, "is_retail": false, "is_transit": false, "is_office": true, "diet_vegan": false, "diet_vegetarian": false, "diet_glutenfree": false, "diet_halal": false, "unit_id": "24062A61-"}}, {"type": "Feature", "geometry": {"type": "Point", "coordinates": [4.6920386, 50.8779045]}, "properties": {"name": "Huis van Ophem", "spot_type": null, "is_eatery": false, "is_gastro": false, "is_retail": false, "is_transit": false, "is_office": true, "diet_vegan": false, "diet_vegetarian": false, "diet_glutenfree": false, "diet_halal": false, "unit_id": "24062A04-"}}, {"type": "Feature", "geometry": {"type": "Point", "coordinates": [4.7519471, 50.8922311]}, "properties": {"name": "Boutique Signature", "spot_type": null, "is_eatery": false, "is_gastro": false, "is_retail": true, "is_transit": false, "is_office": false, "diet_vegan": false, "diet_vegetarian": false, "diet_glutenfree": false, "diet_halal": false, "unit_id": "24066D10-"}}, {"type": "Feature", "geometry": {"type": "Point", "coordinates": [4.7188586, 50.8847514]}, "properties": {"name": "Solidaris Brabant", "spot_type": null, "is_eatery": false, "is_gastro": false, "is_retail": false, "is_transit": false, "is_office": true, "diet_vegan": false, "diet_vegetarian": false, "diet_glutenfree": false, "diet_halal": false, "unit_id": "24062C00-"}}, {"type": "Feature", "geometry": {"type": "Point", "coordinates": [4.7193151, 50.8848734]}, "properties": {"name": "Notaris Joz Werckx", "spot_type": null, "is_eatery": false, "is_gastro": false, "is_retail": false, "is_transit": false, "is_office": true, "diet_vegan": false, "diet_vegetarian": false, "diet_glutenfree": false, "diet_halal": false, "unit_id": "24062C00-"}}, {"type": "Feature", "geometry": {"type": "Point", "coordinates": [4.7172686, 50.884084]}, "properties": {"name": "Natuurpunt Oost-Brabant vzw", "spot_type": null, "is_eatery": false, "is_gastro": false, "is_retail": false, "is_transit": false, "is_office": true, "diet_vegan": false, "diet_vegetarian": false, "diet_glutenfree": false, "diet_halal": false, "unit_id": "24062C00-"}}, {"type": "Feature", "geometry": {"type": "Point", "coordinates": [4.7187189, 50.8843484]}, "properties": {"name": "Atelier Lotte Martens", "spot_type": null, "is_eatery": false, "is_gastro": false, "is_retail": true, "is_transit": false, "is_office": false, "diet_vegan": false, "diet_vegetarian": false, "diet_glutenfree": false, "diet_halal": false, "unit_id": "24062C00-"}}, {"type": "Feature", "geometry": {"type": "Point", "coordinates": [4.7192836, 50.8839125]}, "properties": {"name": "Newro Market", "spot_type": null, "is_eatery": false, "is_gastro": false, "is_retail": true, "is_transit": false, "is_office": false, "diet_vegan": false, "diet_vegetarian": false, "diet_glutenfree": false, "diet_halal": false, "unit_id": "24062C00-"}}, {"type": "Feature", "geometry": {"type": "Point", "coordinates": [4.718617, 50.8838043]}, "properties": {"name": "Telraam", "spot_type": null, "is_eatery": false, "is_gastro": false, "is_retail": false, "is_transit": false, "is_office": true, "diet_vegan": false, "diet_vegetarian": false, "diet_glutenfree": false, "diet_halal": false, "unit_id": "24062C00-"}}, {"type": "Feature", "geometry": {"type": "Point", "coordinates": [4.7184131, 50.884084]}, "properties": {"name": "Transport & Mobility Leuven (TML)", "spot_type": null, "is_eatery": false, "is_gastro": false, "is_retail": false, "is_transit": false, "is_office": true, "diet_vegan": false, "diet_vegetarian": false, "diet_glutenfree": false, "diet_halal": false, "unit_id": "24062C00-"}}, {"type": "Feature", "geometry": {"type": "Point", "coordinates": [4.7278646, 50.8499955]}, "properties": {"name": "Donaldson Headquarters Europe Africa Middle East", "spot_type": null, "is_eatery": false, "is_gastro": false, "is_retail": false, "is_transit": false, "is_office": true, "diet_vegan": false, "diet_vegetarian": false, "diet_glutenfree": false, "diet_halal": false, "unit_id": "24062E774"}}, {"type": "Feature", "geometry": {"type": "Point", "coordinates": [4.7193599, 50.850989]}, "properties": {"name": "Examencentrum Haasrode - 1024", "spot_type": null, "is_eatery": false, "is_gastro": false, "is_retail": false, "is_transit": false, "is_office": true, "diet_vegan": false, "diet_vegetarian": false, "diet_glutenfree": false, "diet_halal": false, "unit_id": "24062E774"}}, {"type": "Feature", "geometry": {"type": "Point", "coordinates": [4.7031164, 50.8556877]}, "properties": {"name": "UCLL Campus Hertogstraat", "spot_type": null, "is_eatery": false, "is_gastro": false, "is_retail": false, "is_transit": false, "is_office": true, "diet_vegan": false, "diet_vegetarian": false, "diet_glutenfree": false, "diet_halal": false, "unit_id": "24062D290"}}, {"type": "Feature", "geometry": {"type": "Point", "coordinates": [4.7272479, 50.8461635]}, "properties": {"name": "UCLL Campus Proximus", "spot_type": null, "is_eatery": false, "is_gastro": false, "is_retail": false, "is_transit": false, "is_office": true, "diet_vegan": false, "diet_vegetarian": false, "diet_glutenfree": false, "diet_halal": false, "unit_id": "24062E774"}}, {"type": "Feature", "geometry": {"type": "Point", "coordinates": [4.7225215, 50.8828815]}, "properties": {"name": "Memorijs", "spot_type": null, "is_eatery": true, "is_gastro": true, "is_retail": false, "is_transit": false, "is_office": false, "diet_vegan": true, "diet_vegetarian": false, "diet_glutenfree": false, "diet_halal": false, "unit_id": "24062C01-"}}, {"type": "Feature", "geometry": {"type": "Point", "coordinates": [4.7148917, 50.8764223]}, "properties": {"name": "Lynxcare", "spot_type": null, "is_eatery": false, "is_gastro": false, "is_retail": false, "is_transit": false, "is_office": true, "diet_vegan": false, "diet_vegetarian": false, "diet_glutenfree": false, "diet_halal": false, "unit_id": "24062A32-"}}, {"type": "Feature", "geometry": {"type": "Point", "coordinates": [4.7149726, 50.8764061]}, "properties": {"name": "Antea Group", "spot_type": null, "is_eatery": false, "is_gastro": false, "is_retail": false, "is_transit": false, "is_office": true, "diet_vegan": false, "diet_vegetarian": false, "diet_glutenfree": false, "diet_halal": false, "unit_id": "24062A32-"}}, {"type": "Feature", "geometry": {"type": "Point", "coordinates": [4.7228069, 50.8841529]}, "properties": {"name": "Frituur Blauwput", "spot_type": null, "is_eatery": true, "is_gastro": true, "is_retail": false, "is_transit": false, "is_office": false, "diet_vegan": false, "diet_vegetarian": false, "diet_glutenfree": false, "diet_halal": false, "unit_id": "24062C00-"}}, {"type": "Feature", "geometry": {"type": "Point", "coordinates": [4.7230181, 50.8841898]}, "properties": {"name": "Pita-Merdin-Kebab", "spot_type": null, "is_eatery": true, "is_gastro": true, "is_retail": false, "is_transit": false, "is_office": false, "diet_vegan": false, "diet_vegetarian": false, "diet_glutenfree": false, "diet_halal": false, "unit_id": "24062C00-"}}, {"type": "Feature", "geometry": {"type": "Point", "coordinates": [4.7193581, 50.8723538]}, "properties": {"name": "Frituur Tivoli", "spot_type": null, "is_eatery": true, "is_gastro": true, "is_retail": false, "is_transit": false, "is_office": false, "diet_vegan": false, "diet_vegetarian": false, "diet_glutenfree": false, "diet_halal": false, "unit_id": "24062D11-"}}, {"type": "Feature", "geometry": {"type": "Point", "coordinates": [4.6708747, 50.8730814]}, "properties": {"name": "CM", "spot_type": null, "is_eatery": false, "is_gastro": false, "is_retail": false, "is_transit": false, "is_office": true, "diet_vegan": false, "diet_vegetarian": false, "diet_glutenfree": false, "diet_halal": false, "unit_id": "24062D61-"}}, {"type": "Feature", "geometry": {"type": "Point", "coordinates": [4.6638933, 50.9117687]}, "properties": {"name": "Colruyt", "spot_type": null, "is_eatery": false, "is_gastro": false, "is_retail": true, "is_transit": false, "is_office": false, "diet_vegan": false, "diet_vegetarian": false, "diet_glutenfree": false, "diet_halal": false, "unit_id": "24038A022"}}, {"type": "Feature", "geometry": {"type": "Point", "coordinates": [4.6707015, 50.8796303]}, "properties": {"name": "Ghb. Fase III CDG blok 44", "spot_type": null, "is_eatery": false, "is_gastro": false, "is_retail": false, "is_transit": false, "is_office": true, "diet_vegan": false, "diet_vegetarian": false, "diet_glutenfree": false, "diet_halal": false, "unit_id": "24062D633"}}, {"type": "Feature", "geometry": {"type": "Point", "coordinates": [4.6715696, 50.8795234]}, "properties": {"name": "Ghb. Fase III CDG blok 41-44", "spot_type": null, "is_eatery": false, "is_gastro": false, "is_retail": false, "is_transit": false, "is_office": true, "diet_vegan": false, "diet_vegetarian": false, "diet_glutenfree": false, "diet_halal": false, "unit_id": "24062D633"}}, {"type": "Feature", "geometry": {"type": "Point", "coordinates": [4.6718686, 50.8794725]}, "properties": {"name": "Ghb. Fase III CDG blok 41", "spot_type": null, "is_eatery": false, "is_gastro": false, "is_retail": false, "is_transit": false, "is_office": true, "diet_vegan": false, "diet_vegetarian": false, "diet_glutenfree": false, "diet_halal": false, "unit_id": "24062D633"}}, {"type": "Feature", "geometry": {"type": "Point", "coordinates": [4.6710264, 50.8792823]}, "properties": {"name": "Ghb. Fase III CDG blok 42", "spot_type": null, "is_eatery": false, "is_gastro": false, "is_retail": false, "is_transit": false, "is_office": true, "diet_vegan": false, "diet_vegetarian": false, "diet_glutenfree": false, "diet_halal": false, "unit_id": "24062D633"}}, {"type": "Feature", "geometry": {"type": "Point", "coordinates": [4.7289462, 50.8482406]}, "properties": {"name": "Octogoon", "spot_type": null, "is_eatery": true, "is_gastro": true, "is_retail": false, "is_transit": false, "is_office": false, "diet_vegan": false, "diet_vegetarian": false, "diet_glutenfree": false, "diet_halal": false, "unit_id": "24062E774"}}, {"type": "Feature", "geometry": {"type": "Point", "coordinates": [4.7350538, 50.8470934]}, "properties": {"name": "Entecom Systems", "spot_type": null, "is_eatery": false, "is_gastro": false, "is_retail": false, "is_transit": false, "is_office": true, "diet_vegan": false, "diet_vegetarian": false, "diet_glutenfree": false, "diet_halal": false, "unit_id": "24062E774"}}, {"type": "Feature", "geometry": {"type": "Point", "coordinates": [4.7313693, 50.849821]}, "properties": {"name": "GC Europe Head Office", "spot_type": null, "is_eatery": false, "is_gastro": false, "is_retail": false, "is_transit": false, "is_office": true, "diet_vegan": false, "diet_vegetarian": false, "diet_glutenfree": false, "diet_halal": false, "unit_id": "24062E774"}}, {"type": "Feature", "geometry": {"type": "Point", "coordinates": [4.7306757, 50.849749]}, "properties": {"name": "GC Europe", "spot_type": null, "is_eatery": false, "is_gastro": false, "is_retail": false, "is_transit": false, "is_office": true, "diet_vegan": false, "diet_vegetarian": false, "diet_glutenfree": false, "diet_halal": false, "unit_id": "24062E774"}}, {"type": "Feature", "geometry": {"type": "Point", "coordinates": [4.698589, 50.8737199]}, "properties": {"name": "Holleberg", "spot_type": null, "is_eatery": false, "is_gastro": false, "is_retail": false, "is_transit": false, "is_office": true, "diet_vegan": false, "diet_vegetarian": false, "diet_glutenfree": false, "diet_halal": false, "unit_id": "24062A41-"}}, {"type": "Feature", "geometry": {"type": "Point", "coordinates": [4.669968, 50.8788238]}, "properties": {"name": "Onderwijs en Navorsing 4", "spot_type": null, "is_eatery": false, "is_gastro": false, "is_retail": false, "is_transit": false, "is_office": true, "diet_vegan": false, "diet_vegetarian": false, "diet_glutenfree": false, "diet_halal": false, "unit_id": "24062D633"}}, {"type": "Feature", "geometry": {"type": "Point", "coordinates": [4.6872243, 50.8786297]}, "properties": {"name": "Copal", "spot_type": null, "is_eatery": false, "is_gastro": false, "is_retail": false, "is_transit": false, "is_office": true, "diet_vegan": false, "diet_vegetarian": false, "diet_glutenfree": false, "diet_halal": false, "unit_id": "24062A53-"}}, {"type": "Feature", "geometry": {"type": "Point", "coordinates": [4.70414, 50.874911]}, "properties": {"name": "KADOC", "spot_type": null, "is_eatery": false, "is_gastro": false, "is_retail": false, "is_transit": false, "is_office": true, "diet_vegan": false, "diet_vegetarian": false, "diet_glutenfree": false, "diet_halal": false, "unit_id": "24062A36-"}}, {"type": "Feature", "geometry": {"type": "Point", "coordinates": [4.7069176, 50.8757182]}, "properties": {"name": "Hoger Instituut Wijsbegeerte", "spot_type": null, "is_eatery": false, "is_gastro": false, "is_retail": false, "is_transit": false, "is_office": true, "diet_vegan": false, "diet_vegetarian": false, "diet_glutenfree": false, "diet_halal": false, "unit_id": "24062A35-"}}, {"type": "Feature", "geometry": {"type": "Point", "coordinates": [4.7008834, 50.8755822]}, "properties": {"name": "College van Premonstreit", "spot_type": null, "is_eatery": false, "is_gastro": false, "is_retail": false, "is_transit": false, "is_office": true, "diet_vegan": false, "diet_vegetarian": false, "diet_glutenfree": false, "diet_halal": false, "unit_id": "24062A02-"}}, {"type": "Feature", "geometry": {"type": "Point", "coordinates": [4.6996364, 50.8748895]}, "properties": {"name": "Van Dalecollege", "spot_type": null, "is_eatery": false, "is_gastro": false, "is_retail": false, "is_transit": false, "is_office": true, "diet_vegan": false, "diet_vegetarian": false, "diet_glutenfree": false, "diet_halal": false, "unit_id": "24062A41-"}}, {"type": "Feature", "geometry": {"type": "Point", "coordinates": [4.6991662, 50.8739129]}, "properties": {"name": "Arenberginstituut - Stuk", "spot_type": null, "is_eatery": false, "is_gastro": false, "is_retail": false, "is_transit": false, "is_office": true, "diet_vegan": false, "diet_vegetarian": false, "diet_glutenfree": false, "diet_halal": false, "unit_id": "24062A41-"}}, {"type": "Feature", "geometry": {"type": "Point", "coordinates": [4.699321, 50.8731949]}, "properties": {"name": "Amerikaans College", "spot_type": null, "is_eatery": false, "is_gastro": false, "is_retail": false, "is_transit": false, "is_office": true, "diet_vegan": false, "diet_vegetarian": false, "diet_glutenfree": false, "diet_halal": false, "unit_id": "24062A41-"}}, {"type": "Feature", "geometry": {"type": "Point", "coordinates": [4.6970226, 50.8759896]}, "properties": {"name": "Architectengroep A4", "spot_type": null, "is_eatery": false, "is_gastro": false, "is_retail": false, "is_transit": false, "is_office": true, "diet_vegan": false, "diet_vegetarian": false, "diet_glutenfree": false, "diet_halal": false, "unit_id": "24062A03-"}}, {"type": "Feature", "geometry": {"type": "Point", "coordinates": [4.6978783, 50.8715818]}, "properties": {"name": "Huis van de Portieressen", "spot_type": null, "is_eatery": false, "is_gastro": false, "is_retail": false, "is_transit": false, "is_office": true, "diet_vegan": false, "diet_vegetarian": false, "diet_glutenfree": false, "diet_halal": false, "unit_id": "24062A43-"}}, {"type": "Feature", "geometry": {"type": "Point", "coordinates": [4.6998238, 50.8769118]}, "properties": {"name": "Heilige-Geestcollege", "spot_type": null, "is_eatery": false, "is_gastro": false, "is_retail": false, "is_transit": false, "is_office": true, "diet_vegan": false, "diet_vegetarian": false, "diet_glutenfree": false, "diet_halal": false, "unit_id": "24062A03-"}}, {"type": "Feature", "geometry": {"type": "Point", "coordinates": [4.7034136, 50.8737135]}, "properties": {"name": "Faculteit Sociale Wetenschappen", "spot_type": null, "is_eatery": false, "is_gastro": false, "is_retail": false, "is_transit": false, "is_office": true, "diet_vegan": false, "diet_vegetarian": false, "diet_glutenfree": false, "diet_halal": false, "unit_id": "24062A36-"}}, {"type": "Feature", "geometry": {"type": "Point", "coordinates": [4.7145919, 50.8827944]}, "properties": {"name": "Leuven Station", "spot_type": null, "is_eatery": false, "is_gastro": false, "is_retail": false, "is_transit": true, "is_office": false, "diet_vegan": false, "diet_vegetarian": false, "diet_glutenfree": false, "diet_halal": false, "unit_id": "24062A17-"}}, {"type": "Feature", "geometry": {"type": "Point", "coordinates": [4.6761912, 50.8786411]}, "properties": {"name": "Leuven Gasthuisberg Kliniek", "spot_type": null, "is_eatery": false, "is_gastro": false, "is_retail": false, "is_transit": true, "is_office": false, "diet_vegan": false, "diet_vegetarian": false, "diet_glutenfree": false, "diet_halal": false, "unit_id": "24062D633"}}]}